[OptiX][4][KNOBS] All OptiX knobs on default.

[OptiX][4][DISKCACHE] OPTIX_CACHE_MAXSIZE is set to 0. Disabling the OptiX disk cache. The cache contents will not be changed.
[stage] create query pipeline first
[OptiX][4][COMPILER] Info: Pipeline parameter "patch_query_params" size is 72 bytes
Warning: Program is doing double precision computations. C:/Users/sy415/workspace/rainbow/include/rainbow/bilinear_patch_intersection.hpp:49:65
Warning: Program is doing double precision computations. C:/Users/sy415/workspace/rainbow/include/rainbow/bilinear_patch_intersection.hpp:49:65
Warning: Program is doing double precision computations. C:/Users/sy415/workspace/rainbow/include/rainbow/bilinear_patch_intersection.hpp:119:5
Warning: Program is doing double precision computations. C:/Users/sy415/workspace/rainbow/include/rainbow/bilinear_patch_intersection.hpp:49:65
Warning: Program is doing double precision computations. C:/Users/sy415/workspace/rainbow/include/rainbow/bilinear_patch_intersection.hpp:49:65
Warning: Program is doing double precision computations. C:/Users/sy415/workspace/rainbow/include/rainbow/bilinear_patch_intersection.hpp:49:65
Warning: Program is doing double precision computations. C:/Users/sy415/workspace/rainbow/include/rainbow/bilinear_patch_intersection.hpp:120:5
Warning: Program is doing double precision computations. C:/Users/sy415/workspace/rainbow/include/rainbow/vec3.hpp:17:55
Warning: Program is doing double precision computations. C:/Users/sy415/workspace/rainbow/include/rainbow/vec3.hpp:17:55
Warning: Program is doing double precision computations. C:/Users/sy415/workspace/rainbow/include/rainbow/vec3.hpp:17:55
Warning: Program is doing double precision computations. C:/Users/sy415/workspace/rainbow/include/rainbow/vec3.hpp:17:55
Warning: Program is doing double precision computations. C:/Users/sy415/workspace/rainbow/include/rainbow/vec3.hpp:17:55
Warning: Program is doing double precision computations. C:/Users/sy415/workspace/rainbow/include/rainbow/vec3.hpp:17:55
Warning: Program is doing double precision computations. C:/Users/sy415/workspace/rainbow/include/rainbow/vec3.hpp:17:55
Warning: Program is doing double precision computations. C:/Users/sy415/workspace/rainbow/include/rainbow/vec3.hpp:17:55
Warning: Program is doing double precision computations. C:/Users/sy415/workspace/rainbow/include/rainbow/vec3.hpp:17:55
Warning: Program is doing double precision computations. C:/Users/sy415/workspace/rainbow/include/rainbow/vec3.hpp:17:55
Warning: Program is doing double precision computations. C:/Users/sy415/workspace/rainbow/include/rainbow/vec3.hpp:17:55
Warning: Program is doing double precision computations. C:/Users/sy415/workspace/rainbow/include/rainbow/vec3.hpp:17:55
Warning: Program is doing double precision computations. C:/Users/sy415/workspace/rainbow/include/rainbow/bilinear_patch_intersection.hpp:81:5
Warning: Program is doing double precision computations. C:/Users/sy415/workspace/rainbow/include/rainbow/bilinear_patch_intersection.hpp:82:5
Warning: Program is doing double precision computations. C:/Users/sy415/workspace/rainbow/include/rainbow/bilinear_patch_intersection.hpp:61:10
Warning: Program is doing double precision computations. C:/Users/sy415/workspace/rainbow/include/rainbow/bilinear_patch_intersection.hpp:82:5
Warning: Program is doing double precision computations. C:/Users/sy415/workspace/rainbow/include/rainbow/bilinear_patch_intersection.hpp:61:10
Warning: Program is doing double precision computations. C:/Users/sy415/workspace/rainbow/include/rainbow/bilinear_patch_intersection.hpp:82:5
Warning: Program is doing double precision computations. C:/Users/sy415/workspace/rainbow/include/rainbow/bilinear_patch_intersection.hpp:81:5
Warning: Program is doing double precision computations. C:/Users/sy415/workspace/rainbow/include/rainbow/bilinear_patch_intersection.hpp:82:5
Warning: Program is doing double precision computations. C:/Users/sy415/workspace/rainbow/include/rainbow/bilinear_patch_intersection.hpp:61:10
Warning: Program is doing double precision computations. C:/Users/sy415/workspace/rainbow/include/rainbow/bilinear_patch_intersection.hpp:82:5
Warning: Program is doing double precision computations. C:/Users/sy415/workspace/rainbow/include/rainbow/bilinear_patch_intersection.hpp:61:10
Warning: Program is doing double precision computations. C:/Users/sy415/workspace/rainbow/include/rainbow/bilinear_patch_intersection.hpp:82:5
Warning: Program is doing double precision computations. C:/Users/sy415/workspace/rainbow/include/rainbow/bilinear_patch_intersection.hpp:81:5
Warning: Program is doing double precision computations. C:/Users/sy415/workspace/rainbow/include/rainbow/bilinear_patch_intersection.hpp:82:5
Warning: Program is doing double precision computations. C:/Users/sy415/workspace/rainbow/include/rainbow/bilinear_patch_intersection.hpp:61:10
Warning: Program is doing double precision computations. C:/Users/sy415/workspace/rainbow/include/rainbow/bilinear_patch_intersection.hpp:61:10
Warning: Program is doing double precision computations. C:/Users/sy415/workspace/rainbow/include/rainbow/bilinear_patch_intersection.hpp:82:5
Warning: Program is doing double precision computations. C:/Users/sy415/workspace/rainbow/include/rainbow/bilinear_patch_intersection.hpp:81:5
Warning: Program is doing double precision computations. C:/Users/sy415/workspace/rainbow/include/rainbow/bilinear_patch_intersection.hpp:82:5
Warning: Program is doing double precision computations. C:/Users/sy415/workspace/rainbow/include/rainbow/bilinear_patch_intersection.hpp:61:10
Warning: Program is doing double precision computations. C:/Users/sy415/workspace/rainbow/include/rainbow/bilinear_patch_intersection.hpp:61:10
Warning: Program is doing double precision computations. C:/Users/sy415/workspace/rainbow/include/rainbow/bilinear_patch_intersection.hpp:82:5
Warning: Program is doing double precision computations. C:/Users/sy415/workspace/rainbow/include/rainbow/bilinear_patch_intersection.hpp:81:5
Warning: Program is doing double precision computations. C:/Users/sy415/workspace/rainbow/include/rainbow/bilinear_patch_intersection.hpp:82:5
Warning: Program is doing double precision computations. C:/Users/sy415/workspace/rainbow/include/rainbow/bilinear_patch_intersection.hpp:61:10
Warning: Program is doing double precision computations. C:/Users/sy415/workspace/rainbow/include/rainbow/bilinear_patch_intersection.hpp:61:10
Warning: Program is doing double precision computations. C:/Users/sy415/workspace/rainbow/include/rainbow/bilinear_patch_intersection.hpp:82:5
Warning: Program is doing double precision computations. C:/Users/sy415/workspace/rainbow/include/rainbow/bilinear_patch_intersection.hpp:81:5
Warning: Program is doing double precision computations. C:/Users/sy415/workspace/rainbow/include/rainbow/bilinear_patch_intersection.hpp:82:5
Warning: Program is doing double precision computations. C:/Users/sy415/workspace/rainbow/include/rainbow/bilinear_patch_intersection.hpp:61:10
Warning: Program is doing double precision computations. C:/Users/sy415/workspace/rainbow/include/rainbow/bilinear_patch_intersection.hpp:61:10
Warning: Program is doing double precision computations. C:/Users/sy415/workspace/rainbow/include/rainbow/bilinear_patch_intersection.hpp:82:5
Warning: Program is doing double precision computations. C:/Users/sy415/workspace/rainbow/include/rainbow/bilinear_patch_intersection.hpp:81:5
Warning: Program is doing double precision computations. C:/Users/sy415/workspace/rainbow/include/rainbow/bilinear_patch_intersection.hpp:82:5
Warning: Program is doing double precision computations. C:/Users/sy415/workspace/rainbow/include/rainbow/bilinear_patch_intersection.hpp:61:10
Warning: Program is doing double precision computations. C:/Users/sy415/workspace/rainbow/include/rainbow/bilinear_patch_intersection.hpp:61:10
Warning: Program is doing double precision computations. C:/Users/sy415/workspace/rainbow/include/rainbow/bilinear_patch_intersection.hpp:82:5
Warning: Program is doing double precision computations. C:/Users/sy415/workspace/rainbow/include/rainbow/bilinear_patch_intersection.hpp:81:5
Warning: Program is doing double precision computations. C:/Users/sy415/workspace/rainbow/include/rainbow/bilinear_patch_intersection.hpp:82:5
Warning: Program is doing double precision computations. C:/Users/sy415/workspace/rainbow/include/rainbow/bilinear_patch_intersection.hpp:61:10
Warning: Program is doing double precision computations. C:/Users/sy415/workspace/rainbow/include/rainbow/bilinear_patch_intersection.hpp:61:10
Warning: Program is doing double precision computations. C:/Users/sy415/workspace/rainbow/include/rainbow/bilinear_patch_intersection.hpp:82:5
Warning: Program is doing double precision computations. C:/Users/sy415/workspace/rainbow/include/rainbow/bilinear_patch_intersection.hpp:49:65
Warning: Program is doing double precision computations. C:/Users/sy415/workspace/rainbow/include/rainbow/bilinear_patch_intersection.hpp:49:65
Warning: Program is doing double precision computations. C:/Users/sy415/workspace/rainbow/include/rainbow/bilinear_patch_intersection.hpp:49:65
Warning: Program is doing double precision computations. C:/Users/sy415/workspace/rainbow/include/rainbow/bilinear_patch_intersection.hpp:49:65
Warning: Program is doing double precision computations. C:/Users/sy415/workspace/rainbow/include/rainbow/bilinear_patch_intersection.hpp:50:65
Warning: Program is doing double precision computations. C:/Users/sy415/workspace/rainbow/include/rainbow/bilinear_patch_intersection.hpp:49:65
Warning: Program is doing double precision computations. C:/Users/sy415/workspace/rainbow/include/rainbow/bilinear_patch_intersection.hpp:49:65
Warning: Program is doing double precision computations. C:/Users/sy415/workspace/rainbow/include/rainbow/bilinear_patch_intersection.hpp:49:65
Warning: Program is doing double precision computations. C:/Users/sy415/workspace/rainbow/include/rainbow/bilinear_patch_intersection.hpp:49:65
Warning: Program is doing double precision computations. C:/Users/sy415/workspace/rainbow/include/rainbow/bilinear_patch_intersection.hpp:50:65
Warning: Program is doing double precision computations. C:/Users/sy415/workspace/rainbow/include/rainbow/bilinear_patch_intersection.hpp:50:65
Warning: Program is doing double precision computations. C:/Users/sy415/workspace/rainbow/include/rainbow/bilinear_patch_intersection.hpp:49:65
Warning: Program is doing double precision computations. C:/Users/sy415/workspace/rainbow/include/rainbow/bilinear_patch_intersection.hpp:49:65
Warning: Program is doing double precision computations. C:/Users/sy415/workspace/rainbow/include/rainbow/bilinear_patch_intersection.hpp:49:65
Warning: Program is doing double precision computations. C:/Users/sy415/workspace/rainbow/include/rainbow/bilinear_patch_intersection.hpp:49:65
Warning: Program is doing double precision computations. C:/Users/sy415/workspace/rainbow/include/rainbow/bilinear_patch_intersection.hpp:50:65
Warning: Program is doing double precision computations. C:/Users/sy415/workspace/rainbow/include/rainbow/bilinear_patch_intersection.hpp:49:65
Warning: Program is doing double precision computations. C:/Users/sy415/workspace/rainbow/include/rainbow/bilinear_patch_intersection.hpp:49:65
Warning: Program is doing double precision computations. C:/Users/sy415/workspace/rainbow/include/rainbow/bilinear_patch_intersection.hpp:49:65
Warning: Program is doing double precision computations. C:/Users/sy415/workspace/rainbow/include/rainbow/bilinear_patch_intersection.hpp:49:65
Warning: Program is doing double precision computations. C:/Users/sy415/workspace/rainbow/include/rainbow/bilinear_patch_intersection.hpp:50:65
Warning: Program is doing double precision computations. C:/Users/sy415/workspace/rainbow/include/rainbow/bilinear_patch_intersection.hpp:50:65
Warning: Program is doing double precision computations. C:/Users/sy415/workspace/rainbow/include/rainbow/bilinear_patch_intersection.hpp:50:65
Warning: Program is doing double precision computations. C:/Users/sy415/workspace/rainbow/include/rainbow/bilinear_patch_intersection.hpp:131:5
Warning: Program is doing double precision computations. C:/Users/sy415/workspace/rainbow/include/rainbow/bilinear_patch_intersection.hpp:132:5
Warning: Program is doing double precision computations. C:/Users/sy415/workspace/rainbow/include/rainbow/bilinear_patch_intersection.hpp:89:56
Warning: Program is doing double precision computations. C:/Users/sy415/workspace/rainbow/include/rainbow/bilinear_patch_intersection.hpp:89:56
Warning: Program is doing double precision computations. C:/Users/sy415/workspace/rainbow/include/rainbow/bilinear_patch_intersection.hpp:89:56
Warning: Program is doing double precision computations. C:/Users/sy415/workspace/rainbow/include/rainbow/bilinear_patch_intersection.hpp:89:56
Warning: Program is doing double precision computations. C:/Users/sy415/workspace/rainbow/include/rainbow/bilinear_patch_intersection.hpp:89:56
Warning: Program is doing double precision computations. C:/Users/sy415/workspace/rainbow/include/rainbow/bilinear_patch_intersection.hpp:89:56
Warning: Program is doing double precision computations. C:/Users/sy415/workspace/rainbow/include/rainbow/bilinear_patch_intersection.hpp:89:56
Warning: Program is doing double precision computations. C:/Users/sy415/workspace/rainbow/include/rainbow/bilinear_patch_intersection.hpp:89:56
Warning: Program is doing double precision computations. C:/Users/sy415/workspace/rainbow/include/rainbow/bilinear_patch_intersection.hpp:88:56
Warning: Program is doing double precision computations. C:/Users/sy415/workspace/rainbow/include/rainbow/bilinear_patch_intersection.hpp:88:56
Warning: Program is doing double precision computations. C:/Users/sy415/workspace/rainbow/include/rainbow/bilinear_patch_intersection.hpp:88:56
Warning: Program is doing double precision computations. C:/Users/sy415/workspace/rainbow/include/rainbow/bilinear_patch_intersection.hpp:88:56
Warning: Program is doing double precision computations. C:/Users/sy415/workspace/rainbow/include/rainbow/bilinear_patch_intersection.hpp:88:56
Warning: Program is doing double precision computations. C:/Users/sy415/workspace/rainbow/include/rainbow/bilinear_patch_intersection.hpp:88:56
Warning: Program is doing double precision computations. C:/Users/sy415/workspace/rainbow/include/rainbow/bilinear_patch_intersection.hpp:88:56
Warning: Program is doing double precision computations. C:/Users/sy415/workspace/rainbow/include/rainbow/bilinear_patch_intersection.hpp:88:56
Warning: Program is doing double precision computations. C:/Users/sy415/workspace/rainbow/include/rainbow/bilinear_patch_intersection.hpp:142:9
Warning: Program is doing double precision computations. C:/Users/sy415/workspace/rainbow/include/rainbow/bilinear_patch_intersection.hpp:50:65
Warning: Program is doing double precision computations. C:/Users/sy415/workspace/rainbow/include/rainbow/bilinear_patch_intersection.hpp:144:9
Warning: Program is doing double precision computations. C:/Users/sy415/workspace/rainbow/include/rainbow/bilinear_patch_intersection.hpp:50:65
Warning: Program is doing double precision computations. C:/Users/sy415/workspace/rainbow/include/rainbow/bilinear_patch_intersection.hpp:142:9
Warning: Program is doing double precision computations. C:/Users/sy415/workspace/rainbow/include/rainbow/bilinear_patch_intersection.hpp:50:65
Warning: Program is doing double precision computations. C:/Users/sy415/workspace/rainbow/include/rainbow/bilinear_patch_intersection.hpp:144:9
Warning: Program is doing double precision computations. C:/Users/sy415/workspace/rainbow/include/rainbow/bilinear_patch_intersection.hpp:50:65
Warning: Program is doing double precision computations. C:/Users/sy415/workspace/rainbow/include/rainbow/bilinear_patch_intersection.hpp:142:9
Warning: Program is doing double precision computations. C:/Users/sy415/workspace/rainbow/include/rainbow/bilinear_patch_intersection.hpp:50:65
Warning: Program is doing double precision computations. C:/Users/sy415/workspace/rainbow/include/rainbow/bilinear_patch_intersection.hpp:144:9
Warning: Program is doing double precision computations. C:/Users/sy415/workspace/rainbow/include/rainbow/bilinear_patch_intersection.hpp:50:65
Warning: Program is doing double precision computations. C:/Users/sy415/workspace/rainbow/include/rainbow/bilinear_patch_intersection.hpp:148:5
Warning: Program is doing double precision computations. C:/Users/sy415/workspace/rainbow/include/rainbow/bilinear_patch_intersection.hpp:148:5
Warning: Program is doing double precision computations. C:/Users/sy415/workspace/rainbow/include/rainbow/bilinear_patch_intersection.hpp:148:5
Warning: Program is doing double precision computations. C:/Users/sy415/workspace/rainbow/include/rainbow/bilinear_patch_intersection.hpp:148:5
Warning: Program is doing double precision computations. C:/Users/sy415/workspace/rainbow/include/rainbow/bilinear_patch_intersection.hpp:81:5
Warning: Program is doing double precision computations. C:/Users/sy415/workspace/rainbow/include/rainbow/bilinear_patch_intersection.hpp:82:5
Warning: Program is doing double precision computations. C:/Users/sy415/workspace/rainbow/include/rainbow/bilinear_patch_intersection.hpp:61:10
Warning: Program is doing double precision computations. C:/Users/sy415/workspace/rainbow/include/rainbow/bilinear_patch_intersection.hpp:82:5
Warning: Program is doing double precision computations. C:/Users/sy415/workspace/rainbow/include/rainbow/bilinear_patch_intersection.hpp:61:10
Warning: Program is doing double precision computations. C:/Users/sy415/workspace/rainbow/include/rainbow/bilinear_patch_intersection.hpp:82:5
Warning: Program is doing double precision computations. C:/Users/sy415/workspace/rainbow/include/rainbow/bilinear_patch_intersection.hpp:81:5
Warning: Program is doing double precision computations. C:/Users/sy415/workspace/rainbow/include/rainbow/bilinear_patch_intersection.hpp:82:5
Warning: Program is doing double precision computations. C:/Users/sy415/workspace/rainbow/include/rainbow/bilinear_patch_intersection.hpp:61:10
Warning: Program is doing double precision computations. C:/Users/sy415/workspace/rainbow/include/rainbow/bilinear_patch_intersection.hpp:82:5
Warning: Program is doing double precision computations. C:/Users/sy415/workspace/rainbow/include/rainbow/bilinear_patch_intersection.hpp:61:10
Warning: Program is doing double precision computations. C:/Users/sy415/workspace/rainbow/include/rainbow/bilinear_patch_intersection.hpp:82:5
Warning: Program is doing double precision computations. C:/Users/sy415/workspace/rainbow/include/rainbow/bilinear_patch_intersection.hpp:81:5
Warning: Program is doing double precision computations. C:/Users/sy415/workspace/rainbow/include/rainbow/bilinear_patch_intersection.hpp:82:5
Warning: Program is doing double precision computations. C:/Users/sy415/workspace/rainbow/include/rainbow/bilinear_patch_intersection.hpp:61:10
Warning: Program is doing double precision computations. C:/Users/sy415/workspace/rainbow/include/rainbow/bilinear_patch_intersection.hpp:61:10
Warning: Program is doing double precision computations. C:/Users/sy415/workspace/rainbow/include/rainbow/bilinear_patch_intersection.hpp:82:5
Warning: Program is doing double precision computations. C:/Users/sy415/workspace/rainbow/include/rainbow/bilinear_patch_intersection.hpp:150:5
Warning: Program is doing double precision computations. C:/Users/sy415/workspace/rainbow/include/rainbow/bilinear_patch_intersection.hpp:81:5
Warning: Program is doing double precision computations. C:/Users/sy415/workspace/rainbow/include/rainbow/bilinear_patch_intersection.hpp:82:5
Warning: Program is doing double precision computations. C:/Users/sy415/workspace/rainbow/include/rainbow/bilinear_patch_intersection.hpp:61:10
Warning: Program is doing double precision computations. C:/Users/sy415/workspace/rainbow/include/rainbow/bilinear_patch_intersection.hpp:61:10
Warning: Program is doing double precision computations. C:/Users/sy415/workspace/rainbow/include/rainbow/bilinear_patch_intersection.hpp:82:5
Warning: Program is doing double precision computations. C:/Users/sy415/workspace/rainbow/include/rainbow/bilinear_patch_intersection.hpp:49:65
Warning: Program is doing double precision computations. C:/Users/sy415/workspace/rainbow/include/rainbow/bilinear_patch_intersection.hpp:49:65
Warning: Program is doing double precision computations. C:/Users/sy415/workspace/rainbow/include/rainbow/bilinear_patch_intersection.hpp:49:65
Warning: Program is doing double precision computations. C:/Users/sy415/workspace/rainbow/include/rainbow/bilinear_patch_intersection.hpp:49:65
Warning: Program is doing double precision computations. C:/Users/sy415/workspace/rainbow/include/rainbow/bilinear_patch_intersection.hpp:49:65
Warning: Program is doing double precision computations. C:/Users/sy415/workspace/rainbow/include/rainbow/bilinear_patch_intersection.hpp:49:65
Warning: Program is doing double precision computations. C:/Users/sy415/workspace/rainbow/include/rainbow/bilinear_patch_intersection.hpp:50:65
Warning: Program is doing double precision computations. C:/Users/sy415/workspace/rainbow/include/rainbow/bilinear_patch_intersection.hpp:50:65
Warning: Program is doing double precision computations. C:/Users/sy415/workspace/rainbow/include/rainbow/bilinear_patch_intersection.hpp:152:5
Warning: Program is doing double precision computations. C:/Users/sy415/workspace/rainbow/include/rainbow/bilinear_patch_intersection.hpp:153:5
Warning: Program is doing double precision computations. C:/Users/sy415/workspace/rainbow/include/rainbow/bilinear_patch_intersection.hpp:153:5
Warning: Program is doing double precision computations. C:/Users/sy415/workspace/rainbow/include/rainbow/bilinear_patch_intersection.hpp:153:5
Warning: Program is doing double precision computations. C:/Users/sy415/workspace/rainbow/include/rainbow/bilinear_patch_intersection.hpp:162:5
Warning: Program is doing double precision computations. C:/Users/sy415/workspace/rainbow/include/rainbow/bilinear_patch_intersection.hpp:164:9
Warning: Program is doing double precision computations. C:/Users/sy415/workspace/rainbow/include/rainbow/bilinear_patch_intersection.hpp:49:65
Warning: Program is doing double precision computations. C:/Users/sy415/workspace/rainbow/include/rainbow/bilinear_patch_intersection.hpp:49:65
Warning: Program is doing double precision computations. C:/Users/sy415/workspace/rainbow/include/rainbow/bilinear_patch_intersection.hpp:166:13
Warning: Program is doing double precision computations. C:/Users/sy415/workspace/rainbow/include/rainbow/bilinear_patch_intersection.hpp:169:9
Warning: Program is doing double precision computations. C:/Users/sy415/workspace/rainbow/include/rainbow/bilinear_patch_intersection.hpp:169:9
Warning: Program is doing double precision computations. C:/Users/sy415/workspace/rainbow/include/rainbow/bilinear_patch_intersection.hpp:173:9
Warning: Program is doing double precision computations. C:/Users/sy415/workspace/rainbow/include/rainbow/bilinear_patch_intersection.hpp:81:5
Warning: Program is doing double precision computations. C:/Users/sy415/workspace/rainbow/include/rainbow/bilinear_patch_intersection.hpp:82:5
Warning: Program is doing double precision computations. C:/Users/sy415/workspace/rainbow/include/rainbow/bilinear_patch_intersection.hpp:61:10
Warning: Program is doing double precision computations. C:/Users/sy415/workspace/rainbow/include/rainbow/bilinear_patch_intersection.hpp:82:5
Warning: Program is doing double precision computations. C:/Users/sy415/workspace/rainbow/include/rainbow/bilinear_patch_intersection.hpp:61:10
Warning: Program is doing double precision computations. C:/Users/sy415/workspace/rainbow/include/rainbow/bilinear_patch_intersection.hpp:82:5
Warning: Program is doing double precision computations. C:/Users/sy415/workspace/rainbow/include/rainbow/bilinear_patch_intersection.hpp:174:9
Warning: Program is doing double precision computations. C:/Users/sy415/workspace/rainbow/include/rainbow/bilinear_patch_intersection.hpp:49:65
Warning: Program is doing double precision computations. C:/Users/sy415/workspace/rainbow/include/rainbow/bilinear_patch_intersection.hpp:174:9
Warning: Program is doing double precision computations. C:/Users/sy415/workspace/rainbow/include/rainbow/bilinear_patch_intersection.hpp:174:9
Warning: Program is doing double precision computations. C:/Users/sy415/workspace/rainbow/include/rainbow/bilinear_patch_intersection.hpp:175:9
Warning: Program is doing double precision computations. C:/Users/sy415/workspace/rainbow/include/rainbow/bilinear_patch_intersection.hpp:177:13
Warning: Program is doing double precision computations. C:/Users/sy415/workspace/rainbow/include/rainbow/bilinear_patch_intersection.hpp:177:13
Warning: Program is doing double precision computations. C:/Users/sy415/workspace/rainbow/include/rainbow/bilinear_patch_intersection.hpp:180:9
Warning: Program is doing double precision computations. C:/Users/sy415/workspace/rainbow/include/rainbow/bilinear_patch_intersection.hpp:193:17
Warning: Program is doing double precision computations. C:/Users/sy415/workspace/rainbow/include/rainbow/bilinear_patch_intersection.hpp:193:17
Warning: Program is doing double precision computations. C:/Users/sy415/workspace/rainbow/include/rainbow/bilinear_patch_intersection.hpp:193:17
Warning: Program is doing double precision computations. C:/Users/sy415/workspace/rainbow/include/rainbow/bilinear_patch_intersection.hpp:199:13
Warning: Program is doing double precision computations. C:/Users/sy415/workspace/rainbow/include/rainbow/bilinear_patch_intersection.hpp:66:10
Warning: Program is doing double precision computations. C:/Users/sy415/workspace/rainbow/include/rainbow/bilinear_patch_intersection.hpp:71:10
Warning: Program is doing double precision computations. C:/Users/sy415/workspace/rainbow/include/rainbow/bilinear_patch_intersection.hpp:200:13
Warning: Program is doing double precision computations. C:/Users/sy415/workspace/rainbow/include/rainbow/bilinear_patch_intersection.hpp:200:13
Warning: Program is doing double precision computations. C:/Users/sy415/workspace/rainbow/include/rainbow/bilinear_patch_intersection.hpp:201:13
Warning: Program is doing double precision computations. C:/Users/sy415/workspace/rainbow/include/rainbow/bilinear_patch_intersection.hpp:201:13
Warning: Program is doing double precision computations. C:/Users/sy415/workspace/rainbow/include/rainbow/bilinear_patch_intersection.hpp:202:13
Warning: Program is doing double precision computations. C:/Users/sy415/workspace/rainbow/include/rainbow/bilinear_patch_intersection.hpp:210:9
Warning: Program is doing double precision computations. C:/Users/sy415/workspace/rainbow/include/rainbow/bilinear_patch_intersection.hpp:211:9
Warning: Program is doing double precision computations. C:/Users/sy415/workspace/rainbow/include/rainbow/bilinear_patch_intersection.hpp:211:9
Warning: Program is doing double precision computations. C:/Users/sy415/workspace/rainbow/include/rainbow/bilinear_patch_intersection.hpp:89:56
Warning: Program is doing double precision computations. C:/Users/sy415/workspace/rainbow/include/rainbow/bilinear_patch_intersection.hpp:89:56
Warning: Program is doing double precision computations. C:/Users/sy415/workspace/rainbow/include/rainbow/bilinear_patch_intersection.hpp:88:56
Warning: Program is doing double precision computations. C:/Users/sy415/workspace/rainbow/include/rainbow/bilinear_patch_intersection.hpp:88:56
Warning: Program is doing double precision computations. C:/Users/sy415/workspace/rainbow/include/rainbow/bilinear_patch_intersection.hpp:89:56
Warning: Program is doing double precision computations. C:/Users/sy415/workspace/rainbow/include/rainbow/bilinear_patch_intersection.hpp:89:56
Warning: Program is doing double precision computations. C:/Users/sy415/workspace/rainbow/include/rainbow/bilinear_patch_intersection.hpp:88:56
Warning: Program is doing double precision computations. C:/Users/sy415/workspace/rainbow/include/rainbow/bilinear_patch_intersection.hpp:88:56
Warning: Program is doing double precision computations. C:/Users/sy415/workspace/rainbow/include/rainbow/bilinear_patch_intersection.hpp:49:65
Warning: Program is doing double precision computations. C:/Users/sy415/workspace/rainbow/include/rainbow/bilinear_patch_intersection.hpp:49:65
Warning: Program is doing double precision computations. C:/Users/sy415/workspace/rainbow/include/rainbow/bilinear_patch_intersection.hpp:49:65
Warning: Program is doing double precision computations. C:/Users/sy415/workspace/rainbow/include/rainbow/bilinear_patch_intersection.hpp:49:65
Warning: Program is doing double precision computations. C:/Users/sy415/workspace/rainbow/include/rainbow/bilinear_patch_intersection.hpp:50:65
Warning: Program is doing double precision computations. C:/Users/sy415/workspace/rainbow/include/rainbow/bilinear_patch_intersection.hpp:213:9
Warning: Program is doing double precision computations. C:/Users/sy415/workspace/rainbow/include/rainbow/bilinear_patch_intersection.hpp:218:9
Warning: Program is doing double precision computations. C:/Users/sy415/workspace/rainbow/include/rainbow/bilinear_patch_intersection.hpp:218:9
Warning: Program is doing double precision computations. C:/Users/sy415/workspace/rainbow/include/rainbow/bilinear_patch_intersection.hpp:218:9
Warning: Program is doing double precision computations. C:/Users/sy415/workspace/rainbow/include/rainbow/bilinear_patch_intersection.hpp:218:9
Warning: Program is doing double precision computations. C:/Users/sy415/workspace/rainbow/include/rainbow/bilinear_patch_intersection.hpp:218:9
Warning: Program is doing double precision computations. C:/Users/sy415/workspace/rainbow/include/rainbow/bilinear_patch_intersection.hpp:218:9
Warning: Program is doing double precision computations. C:/Users/sy415/workspace/rainbow/include/rainbow/bilinear_patch_intersection.hpp:220:9
Warning: Program is doing double precision computations. C:/Users/sy415/workspace/rainbow/include/rainbow/bilinear_patch_intersection.hpp:221:9
Warning: Program is doing double precision computations. C:/Users/sy415/workspace/rainbow/include/rainbow/bilinear_patch_intersection.hpp:221:9
Warning: Program is doing double precision computations. C:/Users/sy415/workspace/rainbow/include/rainbow/bilinear_patch_intersection.hpp:89:56
Warning: Program is doing double precision computations. C:/Users/sy415/workspace/rainbow/include/rainbow/bilinear_patch_intersection.hpp:89:56
Warning: Program is doing double precision computations. C:/Users/sy415/workspace/rainbow/include/rainbow/bilinear_patch_intersection.hpp:88:56
Warning: Program is doing double precision computations. C:/Users/sy415/workspace/rainbow/include/rainbow/bilinear_patch_intersection.hpp:88:56
Warning: Program is doing double precision computations. C:/Users/sy415/workspace/rainbow/include/rainbow/bilinear_patch_intersection.hpp:81:5
Warning: Program is doing double precision computations. C:/Users/sy415/workspace/rainbow/include/rainbow/bilinear_patch_intersection.hpp:82:5
Warning: Program is doing double precision computations. C:/Users/sy415/workspace/rainbow/include/rainbow/bilinear_patch_intersection.hpp:61:10
Warning: Program is doing double precision computations. C:/Users/sy415/workspace/rainbow/include/rainbow/bilinear_patch_intersection.hpp:82:5
Warning: Program is doing double precision computations. C:/Users/sy415/workspace/rainbow/include/rainbow/bilinear_patch_intersection.hpp:61:10
Warning: Program is doing double precision computations. C:/Users/sy415/workspace/rainbow/include/rainbow/bilinear_patch_intersection.hpp:82:5
Warning: Program is doing double precision computations. C:/Users/sy415/workspace/rainbow/include/rainbow/bilinear_patch_intersection.hpp:89:56
Warning: Program is doing double precision computations. C:/Users/sy415/workspace/rainbow/include/rainbow/bilinear_patch_intersection.hpp:89:56
Warning: Program is doing double precision computations. C:/Users/sy415/workspace/rainbow/include/rainbow/bilinear_patch_intersection.hpp:88:56
Warning: Program is doing double precision computations. C:/Users/sy415/workspace/rainbow/include/rainbow/bilinear_patch_intersection.hpp:88:56
Warning: Program is doing double precision computations. C:/Users/sy415/workspace/rainbow/include/rainbow/bilinear_patch_intersection.hpp:230:13
Warning: Program is doing double precision computations. C:/Users/sy415/workspace/rainbow/include/rainbow/bilinear_patch_intersection.hpp:89:56
Warning: Program is doing double precision computations. C:/Users/sy415/workspace/rainbow/include/rainbow/bilinear_patch_intersection.hpp:89:56
Warning: Program is doing double precision computations. C:/Users/sy415/workspace/rainbow/include/rainbow/bilinear_patch_intersection.hpp:88:56
Warning: Program is doing double precision computations. C:/Users/sy415/workspace/rainbow/include/rainbow/bilinear_patch_intersection.hpp:88:56
Warning: Program is doing double precision computations. C:/Users/sy415/workspace/rainbow/include/rainbow/bilinear_patch_intersection.hpp:49:65
Warning: Program is doing double precision computations. C:/Users/sy415/workspace/rainbow/include/rainbow/bilinear_patch_intersection.hpp:49:65
Warning: Program is doing double precision computations. C:/Users/sy415/workspace/rainbow/include/rainbow/bilinear_patch_intersection.hpp:49:65
Warning: Program is doing double precision computations. C:/Users/sy415/workspace/rainbow/include/rainbow/bilinear_patch_intersection.hpp:49:65
Warning: Program is doing double precision computations. C:/Users/sy415/workspace/rainbow/include/rainbow/bilinear_patch_intersection.hpp:49:65
Warning: Program is doing double precision computations. C:/Users/sy415/workspace/rainbow/include/rainbow/bilinear_patch_intersection.hpp:50:65
Warning: Program is doing double precision computations. C:/Users/sy415/workspace/rainbow/include/rainbow/bilinear_patch_intersection.hpp:231:13
Warning: Program is doing double precision computations. C:/Users/sy415/workspace/rainbow/include/rainbow/bilinear_patch_intersection.hpp:231:13
Warning: Program is doing double precision computations. C:/Users/sy415/workspace/rainbow/include/rainbow/bilinear_patch_intersection.hpp:231:13
Warning: Program is doing double precision computations. C:/Users/sy415/workspace/rainbow/include/rainbow/bilinear_patch_intersection.hpp:233:17 (approximately)
Warning: Program is doing double precision computations. C:/Users/sy415/workspace/rainbow/include/rainbow/bilinear_patch_intersection.hpp:233:17 (approximately)
Warning: Program is doing double precision computations. C:/Users/sy415/workspace/rainbow/include/rainbow/bilinear_patch_intersection.hpp:233:17 (approximately)
Warning: Program is doing double precision computations. C:/Users/sy415/workspace/rainbow/include/rainbow/bilinear_patch_intersection.hpp:50:65
Warning: Program is doing double precision computations. C:/Users/sy415/workspace/rainbow/include/rainbow/bilinear_patch_intersection.hpp:236:13
Warning: Program is doing double precision computations. C:/Users/sy415/workspace/rainbow/include/rainbow/bilinear_patch_intersection.hpp:50:65
Warning: Program is doing double precision computations. C:/Users/sy415/workspace/rainbow/include/rainbow/bilinear_patch_intersection.hpp:81:5
Warning: Program is doing double precision computations. C:/Users/sy415/workspace/rainbow/include/rainbow/bilinear_patch_intersection.hpp:82:5
Warning: Program is doing double precision computations. C:/Users/sy415/workspace/rainbow/include/rainbow/bilinear_patch_intersection.hpp:61:10
Warning: Program is doing double precision computations. C:/Users/sy415/workspace/rainbow/include/rainbow/bilinear_patch_intersection.hpp:82:5
Warning: Program is doing double precision computations. C:/Users/sy415/workspace/rainbow/include/rainbow/bilinear_patch_intersection.hpp:61:10
Warning: Program is doing double precision computations. C:/Users/sy415/workspace/rainbow/include/rainbow/bilinear_patch_intersection.hpp:82:5
Warning: Program is doing double precision computations. C:/Users/sy415/workspace/rainbow/include/rainbow/bilinear_patch_intersection.hpp:237:13
Warning: Program is doing double precision computations. C:/Users/sy415/workspace/rainbow/include/rainbow/bilinear_patch_intersection.hpp:81:5
Warning: Program is doing double precision computations. C:/Users/sy415/workspace/rainbow/include/rainbow/bilinear_patch_intersection.hpp:82:5
Warning: Program is doing double precision computations. C:/Users/sy415/workspace/rainbow/include/rainbow/bilinear_patch_intersection.hpp:61:10
Warning: Program is doing double precision computations. C:/Users/sy415/workspace/rainbow/include/rainbow/bilinear_patch_intersection.hpp:61:10
Warning: Program is doing double precision computations. C:/Users/sy415/workspace/rainbow/include/rainbow/bilinear_patch_intersection.hpp:82:5
Warning: Program is doing double precision computations. C:/Users/sy415/workspace/rainbow/include/rainbow/bilinear_patch_intersection.hpp:238:13
Warning: Program is doing double precision computations. C:/Users/sy415/workspace/rainbow/include/rainbow/bilinear_patch_intersection.hpp:239:13
Warning: Program is doing double precision computations. C:/Users/sy415/workspace/rainbow/include/rainbow/bilinear_patch_intersection.hpp:239:13
Warning: Program is doing double precision computations. C:/Users/sy415/workspace/rainbow/include/rainbow/bilinear_patch_intersection.hpp:89:56
Warning: Program is doing double precision computations. C:/Users/sy415/workspace/rainbow/include/rainbow/bilinear_patch_intersection.hpp:89:56
Warning: Program is doing double precision computations. C:/Users/sy415/workspace/rainbow/include/rainbow/bilinear_patch_intersection.hpp:88:56
Warning: Program is doing double precision computations. C:/Users/sy415/workspace/rainbow/include/rainbow/bilinear_patch_intersection.hpp:88:56
Warning: Program is doing double precision computations. C:/Users/sy415/workspace/rainbow/include/rainbow/bilinear_patch_intersection.hpp:89:56
Warning: Program is doing double precision computations. C:/Users/sy415/workspace/rainbow/include/rainbow/bilinear_patch_intersection.hpp:89:56
Warning: Program is doing double precision computations. C:/Users/sy415/workspace/rainbow/include/rainbow/bilinear_patch_intersection.hpp:88:56
Warning: Program is doing double precision computations. C:/Users/sy415/workspace/rainbow/include/rainbow/bilinear_patch_intersection.hpp:88:56
Warning: Program is doing double precision computations. C:/Users/sy415/workspace/rainbow/include/rainbow/bilinear_patch_intersection.hpp:81:5
Warning: Program is doing double precision computations. C:/Users/sy415/workspace/rainbow/include/rainbow/bilinear_patch_intersection.hpp:82:5
Warning: Program is doing double precision computations. C:/Users/sy415/workspace/rainbow/include/rainbow/bilinear_patch_intersection.hpp:61:10
Warning: Program is doing double precision computations. C:/Users/sy415/workspace/rainbow/include/rainbow/bilinear_patch_intersection.hpp:82:5
Warning: Program is doing double precision computations. C:/Users/sy415/workspace/rainbow/include/rainbow/bilinear_patch_intersection.hpp:61:10
Warning: Program is doing double precision computations. C:/Users/sy415/workspace/rainbow/include/rainbow/bilinear_patch_intersection.hpp:82:5
Warning: Program is doing double precision computations. C:/Users/sy415/workspace/rainbow/include/rainbow/bilinear_patch_intersection.hpp:89:56
Warning: Program is doing double precision computations. C:/Users/sy415/workspace/rainbow/include/rainbow/bilinear_patch_intersection.hpp:89:56
Warning: Program is doing double precision computations. C:/Users/sy415/workspace/rainbow/include/rainbow/bilinear_patch_intersection.hpp:88:56
Warning: Program is doing double precision computations. C:/Users/sy415/workspace/rainbow/include/rainbow/bilinear_patch_intersection.hpp:88:56
Warning: Program is doing double precision computations. C:/Users/sy415/workspace/rainbow/include/rainbow/bilinear_patch_intersection.hpp:89:56
Warning: Program is doing double precision computations. C:/Users/sy415/workspace/rainbow/include/rainbow/bilinear_patch_intersection.hpp:89:56
Warning: Program is doing double precision computations. C:/Users/sy415/workspace/rainbow/include/rainbow/bilinear_patch_intersection.hpp:88:56
Warning: Program is doing double precision computations. C:/Users/sy415/workspace/rainbow/include/rainbow/bilinear_patch_intersection.hpp:88:56
Warning: Program is doing double precision computations. C:/Users/sy415/workspace/rainbow/include/rainbow/bilinear_patch_intersection.hpp:230:13
Warning: Program is doing double precision computations. C:/Users/sy415/workspace/rainbow/include/rainbow/bilinear_patch_intersection.hpp:89:56
Warning: Program is doing double precision computations. C:/Users/sy415/workspace/rainbow/include/rainbow/bilinear_patch_intersection.hpp:89:56
Warning: Program is doing double precision computations. C:/Users/sy415/workspace/rainbow/include/rainbow/bilinear_patch_intersection.hpp:88:56
Warning: Program is doing double precision computations. C:/Users/sy415/workspace/rainbow/include/rainbow/bilinear_patch_intersection.hpp:88:56
Warning: Program is doing double precision computations. C:/Users/sy415/workspace/rainbow/include/rainbow/bilinear_patch_intersection.hpp:49:65
Warning: Program is doing double precision computations. C:/Users/sy415/workspace/rainbow/include/rainbow/bilinear_patch_intersection.hpp:49:65
Warning: Program is doing double precision computations. C:/Users/sy415/workspace/rainbow/include/rainbow/bilinear_patch_intersection.hpp:49:65
Warning: Program is doing double precision computations. C:/Users/sy415/workspace/rainbow/include/rainbow/bilinear_patch_intersection.hpp:49:65
Warning: Program is doing double precision computations. C:/Users/sy415/workspace/rainbow/include/rainbow/bilinear_patch_intersection.hpp:49:65
Warning: Program is doing double precision computations. C:/Users/sy415/workspace/rainbow/include/rainbow/bilinear_patch_intersection.hpp:50:65
Warning: Program is doing double precision computations. C:/Users/sy415/workspace/rainbow/include/rainbow/bilinear_patch_intersection.hpp:231:13
Warning: Program is doing double precision computations. C:/Users/sy415/workspace/rainbow/include/rainbow/bilinear_patch_intersection.hpp:49:65
Warning: Program is doing double precision computations. C:/Users/sy415/workspace/rainbow/include/rainbow/bilinear_patch_intersection.hpp:49:65
Warning: Program is doing double precision computations. C:/Users/sy415/workspace/rainbow/include/rainbow/bilinear_patch_intersection.hpp:49:65
Warning: Program is doing double precision computations. C:/Users/sy415/workspace/rainbow/include/rainbow/bilinear_patch_intersection.hpp:49:65
Warning: Program is doing double precision computations. C:/Users/sy415/workspace/rainbow/include/rainbow/bilinear_patch_intersection.hpp:50:65
Warning: Program is doing double precision computations. C:/Users/sy415/workspace/rainbow/include/rainbow/bilinear_patch_intersection.hpp:231:13
Warning: Program is doing double precision computations. C:/Users/sy415/workspace/rainbow/include/rainbow/bilinear_patch_intersection.hpp:231:13
Warning: Program is doing double precision computations. C:/Users/sy415/workspace/rainbow/include/rainbow/bilinear_patch_intersection.hpp:241:9 (approximately)
Warning: Program is doing double precision computations. C:/Users/sy415/workspace/rainbow/include/rainbow/bilinear_patch_intersection.hpp:241:9 (approximately)
Warning: Program is doing double precision computations. C:/Users/sy415/workspace/rainbow/include/rainbow/bilinear_patch_intersection.hpp:241:9 (approximately)
Warning: Program is doing double precision computations. C:/Users/sy415/workspace/rainbow/include/rainbow/bilinear_patch_intersection.hpp:241:9
Warning: Program is doing double precision computations. C:/Users/sy415/workspace/rainbow/include/rainbow/bilinear_patch_intersection.hpp:249:9
Warning: Program is doing double precision computations. C:/Users/sy415/workspace/rainbow/include/rainbow/bilinear_patch_intersection.hpp:250:9
Warning: Program is doing double precision computations. C:/Users/sy415/workspace/rainbow/include/rainbow/bilinear_patch_intersection.hpp:250:9
Warning: Program is doing double precision computations. C:/Users/sy415/workspace/rainbow/include/rainbow/bilinear_patch_intersection.hpp:250:9
Warning: Program is doing double precision computations. C:/Users/sy415/workspace/rainbow/include/rainbow/bilinear_patch_intersection.hpp:250:9
Warning: Program is doing double precision computations. C:/Users/sy415/workspace/rainbow/include/rainbow/bilinear_patch_intersection.hpp:250:9
Warning: Program is doing double precision computations. C:/Users/sy415/workspace/rainbow/include/rainbow/bilinear_patch_intersection.hpp:250:9
Warning: Program is doing double precision computations. C:/Users/sy415/workspace/rainbow/include/rainbow/bilinear_patch_intersection.hpp:252:9
Warning: Program is doing double precision computations. C:/Users/sy415/workspace/rainbow/include/rainbow/bilinear_patch_intersection.hpp:252:9
Warning: Program is doing double precision computations. C:/Users/sy415/workspace/rainbow/include/rainbow/bilinear_patch_intersection.hpp:252:9
Warning: Program is doing double precision computations. C:/Users/sy415/workspace/rainbow/include/rainbow/bilinear_patch_intersection.hpp:252:9
Warning: Program is doing double precision computations. C:/Users/sy415/workspace/rainbow/include/rainbow/bilinear_patch_intersection.hpp:252:9
Warning: Program is doing double precision computations. C:/Users/sy415/workspace/rainbow/include/rainbow/bilinear_patch_intersection.hpp:254:9
Warning: Program is doing double precision computations. C:/Users/sy415/workspace/rainbow/include/rainbow/bilinear_patch_intersection.hpp:254:9
Warning: Program is doing double precision computations. C:/Users/sy415/workspace/rainbow/include/rainbow/bilinear_patch_intersection.hpp:255:9
Warning: Program is doing double precision computations. C:/Users/sy415/workspace/rainbow/include/rainbow/bilinear_patch_intersection.hpp:255:9
Warning: Program is doing double precision computations. C:/Users/sy415/workspace/rainbow/include/rainbow/bilinear_patch_intersection.hpp:89:56
Warning: Program is doing double precision computations. C:/Users/sy415/workspace/rainbow/include/rainbow/bilinear_patch_intersection.hpp:89:56
Warning: Program is doing double precision computations. C:/Users/sy415/workspace/rainbow/include/rainbow/bilinear_patch_intersection.hpp:88:56
Warning: Program is doing double precision computations. C:/Users/sy415/workspace/rainbow/include/rainbow/bilinear_patch_intersection.hpp:88:56
Warning: Program is doing double precision computations. C:/Users/sy415/workspace/rainbow/include/rainbow/bilinear_patch_intersection.hpp:89:56
Warning: Program is doing double precision computations. C:/Users/sy415/workspace/rainbow/include/rainbow/bilinear_patch_intersection.hpp:89:56
Warning: Program is doing double precision computations. C:/Users/sy415/workspace/rainbow/include/rainbow/bilinear_patch_intersection.hpp:88:56
Warning: Program is doing double precision computations. C:/Users/sy415/workspace/rainbow/include/rainbow/bilinear_patch_intersection.hpp:88:56
Warning: Program is doing double precision computations. C:/Users/sy415/workspace/rainbow/include/rainbow/bilinear_patch_intersection.hpp:256:9
Warning: Program is doing double precision computations. C:/Users/sy415/workspace/rainbow/include/rainbow/bilinear_patch_intersection.hpp:89:56
Warning: Program is doing double precision computations. C:/Users/sy415/workspace/rainbow/include/rainbow/bilinear_patch_intersection.hpp:89:56
Warning: Program is doing double precision computations. C:/Users/sy415/workspace/rainbow/include/rainbow/bilinear_patch_intersection.hpp:88:56
Warning: Program is doing double precision computations. C:/Users/sy415/workspace/rainbow/include/rainbow/bilinear_patch_intersection.hpp:88:56
Warning: Program is doing double precision computations. C:/Users/sy415/workspace/rainbow/include/rainbow/bilinear_patch_intersection.hpp:49:65
Warning: Program is doing double precision computations. C:/Users/sy415/workspace/rainbow/include/rainbow/bilinear_patch_intersection.hpp:49:65
Warning: Program is doing double precision computations. C:/Users/sy415/workspace/rainbow/include/rainbow/bilinear_patch_intersection.hpp:49:65
Warning: Program is doing double precision computations. C:/Users/sy415/workspace/rainbow/include/rainbow/bilinear_patch_intersection.hpp:49:65
Warning: Program is doing double precision computations. C:/Users/sy415/workspace/rainbow/include/rainbow/bilinear_patch_intersection.hpp:50:65
Warning: Program is doing double precision computations. C:/Users/sy415/workspace/rainbow/include/rainbow/bilinear_patch_intersection.hpp:257:9
Warning: Program is doing double precision computations. C:/Users/sy415/workspace/rainbow/include/rainbow/bilinear_patch_intersection.hpp:258:9
Warning: Program is doing double precision computations. C:/Users/sy415/workspace/rainbow/include/rainbow/vec3.hpp:19:55
Warning: Program is doing double precision computations. C:/Users/sy415/workspace/rainbow/include/rainbow/vec3.hpp:19:55
Warning: Program is doing double precision computations. C:/Users/sy415/workspace/rainbow/include/rainbow/vec3.hpp:19:55
Warning: Program is doing double precision computations. C:/Users/sy415/workspace/rainbow/include/rainbow/vec3.hpp:19:55
Warning: Program is doing double precision computations. C:/Users/sy415/workspace/rainbow/include/rainbow/vec3.hpp:19:55
Warning: Program is doing double precision computations. C:/Users/sy415/workspace/rainbow/include/rainbow/vec3.hpp:19:55
Warning: Program is doing double precision computations. C:/Users/sy415/workspace/rainbow/include/rainbow/vec3.hpp:16:55
Warning: Program is doing double precision computations. C:/Users/sy415/workspace/rainbow/include/rainbow/vec3.hpp:16:55
Warning: Program is doing double precision computations. C:/Users/sy415/workspace/rainbow/include/rainbow/vec3.hpp:16:55
Warning: Program is doing double precision computations. C:/Users/sy415/workspace/rainbow/include/rainbow/vec3.hpp:19:55
Warning: Program is doing double precision computations. C:/Users/sy415/workspace/rainbow/include/rainbow/vec3.hpp:19:55
Warning: Program is doing double precision computations. C:/Users/sy415/workspace/rainbow/include/rainbow/vec3.hpp:19:55
Warning: Program is doing double precision computations. C:/Users/sy415/workspace/rainbow/include/rainbow/vec3.hpp:19:55
Warning: Program is doing double precision computations. C:/Users/sy415/workspace/rainbow/include/rainbow/vec3.hpp:19:55
Warning: Program is doing double precision computations. C:/Users/sy415/workspace/rainbow/include/rainbow/vec3.hpp:19:55
Warning: Program is doing double precision computations. C:/Users/sy415/workspace/rainbow/include/rainbow/vec3.hpp:16:55
Warning: Program is doing double precision computations. C:/Users/sy415/workspace/rainbow/include/rainbow/vec3.hpp:16:55
Warning: Program is doing double precision computations. C:/Users/sy415/workspace/rainbow/include/rainbow/vec3.hpp:16:55
Warning: Program is doing double precision computations. C:/Users/sy415/workspace/rainbow/include/rainbow/bilinear_patch_intersection.hpp:260:9
Warning: Program is doing double precision computations. C:/Users/sy415/workspace/rainbow/include/rainbow/vec3.hpp:19:55
Warning: Program is doing double precision computations. C:/Users/sy415/workspace/rainbow/include/rainbow/vec3.hpp:19:55
Warning: Program is doing double precision computations. C:/Users/sy415/workspace/rainbow/include/rainbow/vec3.hpp:19:55
Warning: Program is doing double precision computations. C:/Users/sy415/workspace/rainbow/include/rainbow/vec3.hpp:19:55
Warning: Program is doing double precision computations. C:/Users/sy415/workspace/rainbow/include/rainbow/vec3.hpp:19:55
Warning: Program is doing double precision computations. C:/Users/sy415/workspace/rainbow/include/rainbow/vec3.hpp:19:55
Warning: Program is doing double precision computations. C:/Users/sy415/workspace/rainbow/include/rainbow/vec3.hpp:16:55
Warning: Program is doing double precision computations. C:/Users/sy415/workspace/rainbow/include/rainbow/vec3.hpp:16:55
Warning: Program is doing double precision computations. C:/Users/sy415/workspace/rainbow/include/rainbow/vec3.hpp:16:55
Warning: Program is doing double precision computations. C:/Users/sy415/workspace/rainbow/include/rainbow/bilinear_patch_intersection.hpp:261:9
Warning: Program is doing double precision computations. C:/Users/sy415/workspace/rainbow/include/rainbow/bilinear_patch_intersection.hpp:262:9
Warning: Program is doing double precision computations. C:/Users/sy415/workspace/rainbow/include/rainbow/bilinear_patch_intersection.hpp:49:65
Warning: Program is doing double precision computations. C:/Users/sy415/workspace/rainbow/include/rainbow/bilinear_patch_intersection.hpp:49:65
Warning: Program is doing double precision computations. C:/Users/sy415/workspace/rainbow/include/rainbow/bilinear_patch_intersection.hpp:264:13
Warning: Program is doing double precision computations. C:/Users/sy415/workspace/rainbow/include/rainbow/bilinear_patch_intersection.hpp:50:65
Warning: Program is doing double precision computations. C:/Users/sy415/workspace/rainbow/include/rainbow/bilinear_patch_intersection.hpp:236:13
Warning: Program is doing double precision computations. C:/Users/sy415/workspace/rainbow/include/rainbow/bilinear_patch_intersection.hpp:50:65
Warning: Program is doing double precision computations. C:/Users/sy415/workspace/rainbow/include/rainbow/bilinear_patch_intersection.hpp:81:5
Warning: Program is doing double precision computations. C:/Users/sy415/workspace/rainbow/include/rainbow/bilinear_patch_intersection.hpp:82:5
Warning: Program is doing double precision computations. C:/Users/sy415/workspace/rainbow/include/rainbow/bilinear_patch_intersection.hpp:61:10
Warning: Program is doing double precision computations. C:/Users/sy415/workspace/rainbow/include/rainbow/bilinear_patch_intersection.hpp:82:5
Warning: Program is doing double precision computations. C:/Users/sy415/workspace/rainbow/include/rainbow/bilinear_patch_intersection.hpp:61:10
Warning: Program is doing double precision computations. C:/Users/sy415/workspace/rainbow/include/rainbow/bilinear_patch_intersection.hpp:82:5
Warning: Program is doing double precision computations. C:/Users/sy415/workspace/rainbow/include/rainbow/bilinear_patch_intersection.hpp:237:13
Warning: Program is doing double precision computations. C:/Users/sy415/workspace/rainbow/include/rainbow/bilinear_patch_intersection.hpp:81:5
Warning: Program is doing double precision computations. C:/Users/sy415/workspace/rainbow/include/rainbow/bilinear_patch_intersection.hpp:82:5
Warning: Program is doing double precision computations. C:/Users/sy415/workspace/rainbow/include/rainbow/bilinear_patch_intersection.hpp:61:10
Warning: Program is doing double precision computations. C:/Users/sy415/workspace/rainbow/include/rainbow/bilinear_patch_intersection.hpp:61:10
Warning: Program is doing double precision computations. C:/Users/sy415/workspace/rainbow/include/rainbow/bilinear_patch_intersection.hpp:82:5
Warning: Program is doing double precision computations. C:/Users/sy415/workspace/rainbow/include/rainbow/bilinear_patch_intersection.hpp:238:13
Warning: Program is doing double precision computations. C:/Users/sy415/workspace/rainbow/include/rainbow/bilinear_patch_intersection.hpp:239:13
Warning: Program is doing double precision computations. C:/Users/sy415/workspace/rainbow/include/rainbow/bilinear_patch_intersection.hpp:239:13
Warning: Program is doing double precision computations. C:/Users/sy415/workspace/rainbow/include/rainbow/bilinear_patch_intersection.hpp:89:56
Warning: Program is doing double precision computations. C:/Users/sy415/workspace/rainbow/include/rainbow/bilinear_patch_intersection.hpp:89:56
Warning: Program is doing double precision computations. C:/Users/sy415/workspace/rainbow/include/rainbow/bilinear_patch_intersection.hpp:88:56
Warning: Program is doing double precision computations. C:/Users/sy415/workspace/rainbow/include/rainbow/bilinear_patch_intersection.hpp:88:56
Warning: Program is doing double precision computations. C:/Users/sy415/workspace/rainbow/include/rainbow/bilinear_patch_intersection.hpp:89:56
Warning: Program is doing double precision computations. C:/Users/sy415/workspace/rainbow/include/rainbow/bilinear_patch_intersection.hpp:89:56
Warning: Program is doing double precision computations. C:/Users/sy415/workspace/rainbow/include/rainbow/bilinear_patch_intersection.hpp:88:56
Warning: Program is doing double precision computations. C:/Users/sy415/workspace/rainbow/include/rainbow/bilinear_patch_intersection.hpp:88:56
Warning: Program is doing double precision computations. C:/Users/sy415/workspace/rainbow/include/rainbow/bilinear_patch_intersection.hpp:81:5
Warning: Program is doing double precision computations. C:/Users/sy415/workspace/rainbow/include/rainbow/bilinear_patch_intersection.hpp:82:5
Warning: Program is doing double precision computations. C:/Users/sy415/workspace/rainbow/include/rainbow/bilinear_patch_intersection.hpp:61:10
Warning: Program is doing double precision computations. C:/Users/sy415/workspace/rainbow/include/rainbow/bilinear_patch_intersection.hpp:82:5
Warning: Program is doing double precision computations. C:/Users/sy415/workspace/rainbow/include/rainbow/bilinear_patch_intersection.hpp:61:10
Warning: Program is doing double precision computations. C:/Users/sy415/workspace/rainbow/include/rainbow/bilinear_patch_intersection.hpp:82:5
Warning: Program is doing double precision computations. C:/Users/sy415/workspace/rainbow/include/rainbow/bilinear_patch_intersection.hpp:89:56
Warning: Program is doing double precision computations. C:/Users/sy415/workspace/rainbow/include/rainbow/bilinear_patch_intersection.hpp:89:56
Warning: Program is doing double precision computations. C:/Users/sy415/workspace/rainbow/include/rainbow/bilinear_patch_intersection.hpp:88:56
Warning: Program is doing double precision computations. C:/Users/sy415/workspace/rainbow/include/rainbow/bilinear_patch_intersection.hpp:88:56
Warning: Program is doing double precision computations. C:/Users/sy415/workspace/rainbow/include/rainbow/bilinear_patch_intersection.hpp:89:56
Warning: Program is doing double precision computations. C:/Users/sy415/workspace/rainbow/include/rainbow/bilinear_patch_intersection.hpp:89:56
Warning: Program is doing double precision computations. C:/Users/sy415/workspace/rainbow/include/rainbow/bilinear_patch_intersection.hpp:88:56
Warning: Program is doing double precision computations. C:/Users/sy415/workspace/rainbow/include/rainbow/bilinear_patch_intersection.hpp:88:56
Warning: Program is doing double precision computations. C:/Users/sy415/workspace/rainbow/include/rainbow/bilinear_patch_intersection.hpp:230:13
Warning: Program is doing double precision computations. C:/Users/sy415/workspace/rainbow/include/rainbow/bilinear_patch_intersection.hpp:89:56
Warning: Program is doing double precision computations. C:/Users/sy415/workspace/rainbow/include/rainbow/bilinear_patch_intersection.hpp:89:56
Warning: Program is doing double precision computations. C:/Users/sy415/workspace/rainbow/include/rainbow/bilinear_patch_intersection.hpp:88:56
Warning: Program is doing double precision computations. C:/Users/sy415/workspace/rainbow/include/rainbow/bilinear_patch_intersection.hpp:88:56
Warning: Program is doing double precision computations. C:/Users/sy415/workspace/rainbow/include/rainbow/bilinear_patch_intersection.hpp:49:65
Warning: Program is doing double precision computations. C:/Users/sy415/workspace/rainbow/include/rainbow/bilinear_patch_intersection.hpp:49:65
Warning: Program is doing double precision computations. C:/Users/sy415/workspace/rainbow/include/rainbow/bilinear_patch_intersection.hpp:49:65
Warning: Program is doing double precision computations. C:/Users/sy415/workspace/rainbow/include/rainbow/bilinear_patch_intersection.hpp:49:65
Warning: Program is doing double precision computations. C:/Users/sy415/workspace/rainbow/include/rainbow/bilinear_patch_intersection.hpp:49:65
Warning: Program is doing double precision computations. C:/Users/sy415/workspace/rainbow/include/rainbow/bilinear_patch_intersection.hpp:50:65
Warning: Program is doing double precision computations. C:/Users/sy415/workspace/rainbow/include/rainbow/bilinear_patch_intersection.hpp:231:13
Warning: Program is doing double precision computations. C:/Users/sy415/workspace/rainbow/include/rainbow/bilinear_patch_intersection.hpp:49:65
Warning: Program is doing double precision computations. C:/Users/sy415/workspace/rainbow/include/rainbow/bilinear_patch_intersection.hpp:49:65
Warning: Program is doing double precision computations. C:/Users/sy415/workspace/rainbow/include/rainbow/bilinear_patch_intersection.hpp:49:65
Warning: Program is doing double precision computations. C:/Users/sy415/workspace/rainbow/include/rainbow/bilinear_patch_intersection.hpp:49:65
Warning: Program is doing double precision computations. C:/Users/sy415/workspace/rainbow/include/rainbow/bilinear_patch_intersection.hpp:50:65
Warning: Program is doing double precision computations. C:/Users/sy415/workspace/rainbow/include/rainbow/bilinear_patch_intersection.hpp:231:13
Warning: Program is doing double precision computations. C:/Users/sy415/workspace/rainbow/include/rainbow/bilinear_patch_intersection.hpp:231:13
Warning: Program is doing double precision computations. C:/Users/sy415/workspace/rainbow/include/rainbow/bilinear_patch_intersection.hpp:50:65
Warning: Program is doing double precision computations. C:/Users/sy415/workspace/rainbow/include/rainbow/bilinear_patch_intersection.hpp:236:13
Warning: Program is doing double precision computations. C:/Users/sy415/workspace/rainbow/include/rainbow/bilinear_patch_intersection.hpp:50:65
Warning: Program is doing double precision computations. C:/Users/sy415/workspace/rainbow/include/rainbow/bilinear_patch_intersection.hpp:81:5
Warning: Program is doing double precision computations. C:/Users/sy415/workspace/rainbow/include/rainbow/bilinear_patch_intersection.hpp:82:5
Warning: Program is doing double precision computations. C:/Users/sy415/workspace/rainbow/include/rainbow/bilinear_patch_intersection.hpp:61:10
Warning: Program is doing double precision computations. C:/Users/sy415/workspace/rainbow/include/rainbow/bilinear_patch_intersection.hpp:82:5
Warning: Program is doing double precision computations. C:/Users/sy415/workspace/rainbow/include/rainbow/bilinear_patch_intersection.hpp:61:10
Warning: Program is doing double precision computations. C:/Users/sy415/workspace/rainbow/include/rainbow/bilinear_patch_intersection.hpp:82:5
Warning: Program is doing double precision computations. C:/Users/sy415/workspace/rainbow/include/rainbow/bilinear_patch_intersection.hpp:237:13
Warning: Program is doing double precision computations. C:/Users/sy415/workspace/rainbow/include/rainbow/bilinear_patch_intersection.hpp:81:5
Warning: Program is doing double precision computations. C:/Users/sy415/workspace/rainbow/include/rainbow/bilinear_patch_intersection.hpp:82:5
Warning: Program is doing double precision computations. C:/Users/sy415/workspace/rainbow/include/rainbow/bilinear_patch_intersection.hpp:61:10
Warning: Program is doing double precision computations. C:/Users/sy415/workspace/rainbow/include/rainbow/bilinear_patch_intersection.hpp:61:10
Warning: Program is doing double precision computations. C:/Users/sy415/workspace/rainbow/include/rainbow/bilinear_patch_intersection.hpp:82:5
Warning: Program is doing double precision computations. C:/Users/sy415/workspace/rainbow/include/rainbow/bilinear_patch_intersection.hpp:238:13
Warning: Program is doing double precision computations. C:/Users/sy415/workspace/rainbow/include/rainbow/bilinear_patch_intersection.hpp:239:13
Warning: Program is doing double precision computations. C:/Users/sy415/workspace/rainbow/include/rainbow/bilinear_patch_intersection.hpp:239:13

[OptiX][4][COMPILER] Function properties for __anyhit__patch_query__ptID_1__0x15e20a51dd347bc
	register count                  :   112
	direct stack size (bytes)       :     0
	direct spills (bytes)           :     0
	continuation stack size (bytes) :     0
	continuation spills (bytes)     :     0

[OptiX][4][COMPILER] Function properties for __intersection__patch_query__ptID_1__0x15e20a51dd347bc
	register count                  :   128
	direct stack size (bytes)       :   440
	direct spills (bytes)           :   432
	continuation stack size (bytes) :     0
	continuation spills (bytes)     :     0

[OptiX][4][COMPILER] Function properties for __miss__patch_query__ptID_1__0x15e20a51dd347bc
	register count                  :   112
	direct stack size (bytes)       :     0
	direct spills (bytes)           :     0
	continuation stack size (bytes) :     0
	continuation spills (bytes)     :     0

[OptiX][4][COMPILER] Info: Module Statistics
	payload values        :          2
	attribute values      :          0
Info: Properties for entry function "__intersection__patch_query"
	semantic type                :           INTERSECTION
	trace call(s)                :                      0
	continuation callable call(s):                      0
	basic block(s)               :                    168
	instruction(s)               :                   2072
Info: Properties for entry function "__anyhit__patch_query"
	semantic type                :                 ANYHIT
	trace call(s)                :                      0
	continuation callable call(s):                      0
	basic block(s)               :                     20
	instruction(s)               :                    126
Info: Properties for entry function "__miss__patch_query"
	semantic type                :                   MISS
	trace call(s)                :                      0
	continuation callable call(s):                      0
	basic block(s)               :                      1
	instruction(s)               :                      1
Info: Compiled Module Summary
	non-entry function(s):     0
	basic block(s)       :     0
	instruction(s)       :     0

[OptiX][4][COMPILER] Function properties for __raygen__patch_query__0x15e20a51dd347bc
	register count                  :   112
	direct stack size (bytes)       :     0
	direct spills (bytes)           :     0
	continuation stack size (bytes) :    96
	continuation spills (bytes)     :     0

[OptiX][4][COMPILER] Info: Module Statistics
	payload values        :          2
	attribute values      :          0
Info: Properties for entry function "__raygen__patch_query"
	semantic type                :                 RAYGEN
	trace call(s)                :                      1
	continuation callable call(s):                      0
	basic block(s)               :                     49
	instruction(s)               :                    465
Info: Compiled Module Summary
	non-entry function(s):     0
	basic block(s)       :     0
	instruction(s)       :     0

[optixModuleCreate(patch query)]
Info: Pipeline parameter "patch_query_params" size is 72 bytes
Warning: Program is doing double precision computations. C:/Users/sy415/workspace/rainbow/include/rainbow/bilinear_patch_intersection.hpp:49:65
Warning: Program is doing double precision computations. C:/Users/sy415/workspace/rainbow/include/rainbow/bilinear_patch_intersection.hpp:49:65
Warning: Program is doing double precision computations. C:/Users/sy415/workspace/rainbow/include/rainbow/bilinear_patch_intersection.hpp:119:5
Warning: Program is doing double precision computations. C:/Users/sy415/workspace/rainbow/include/rainbow/bilinear_patch_intersection.hpp:49:65
Warning: Program is doing double precision computations. C:/Users/sy415/workspace/rainbow/include/rainbow/bilinear_patch_intersection.hpp:49:65
Warning: Program is doing double precision computations. C:/Users/sy415/workspace/rainbow/include/rainbow/bilinear_patch_intersection.hpp:49:65
Warning: Program is doing double precision computations. C:/Users/sy415/workspace/rainbow/include/rainbow/bilinear_patch_intersection.hpp:120:5
Warning: Program is doing double precision computations. C:/Users/sy415/workspace/rainbow/include/rainbow/vec3.hpp:17:55
Warning: Program is doing double precision computations. C:/Users/sy415/workspace/rainbow/include/rainbow/vec3.hpp:17:55
Warning: Program is doing double precision computations. C:/Users/sy415/workspace/rainbow/include/rainbow/vec3.hpp:17:55
Warning: Program is doing double precision computations. C:/Users/sy415/workspace/rainbow/include/rainbow/vec3.hpp:17:55
Warning: Program is doing double precision computations. C:/Users/sy415/workspace/rainbow/include/rainbow/vec3.hpp:17:55
Warning: Program is doing double precision computations. C:/Users/sy415/workspace/rainbow/include/rainbow/vec3.hpp:17:55
Warning: Program is doing double precision computations. C:/Users/sy415/workspace/rainbow/include/rainbow/vec3.hpp:17:55
Warning: Program is doing double precision computations. C:/Users/sy415/workspace/rainbow/include/rainbow/vec3.hpp:17:55
Warning: Program is doing double precision computations. C:/Users/sy415/workspace/rainbow/include/rainbow/vec3.hpp:17:55
Warning: Program is doing double precision computations. C:/Users/sy415/workspace/rainbow/include/rainbow/vec3.hpp:17:55
Warning: Program is doing double precision computations. C:/Users/sy415/workspace/rainbow/include/rainbow/vec3.hpp:17:55
Warning: Program is doing double precision computations. C:/Users/sy415/workspace/rainbow/include/rainbow/vec3.hpp:17:55
Warning: Program is doing double precision computations. C:/Users/sy415/workspace/rainbow/include/rainbow/bilinear_patch_intersection.hpp:81:5
Warning: Program is doing double precision computations. C:/Users/sy415/workspace/rainbow/include/rainbow/bilinear_patch_intersection.hpp:82:5
Warning: Program is doing double precision computations. C:/Users/sy415/workspace/rainbow/include/rainbow/bilinear_patch_intersection.hpp:61:10
Warning: Program is doing double precision computations. C:/Users/sy415/workspace/rainbow/include/rainbow/bilinear_patch_intersection.hpp:82:5
Warning: Program is doing double precision computations. C:/Users/sy415/workspace/rainbow/include/rainbow/bilinear_patch_intersection.hpp:61:10
Warning: Program is doing double precision computations. C:/Users/sy415/workspace/rainbow/include/rainbow/bilinear_patch_intersection.hpp:82:5
Warning: Program is doing double precision computations. C:/Users/sy415/workspace/rainbow/include/rainbow/bilinear_patch_intersection.hpp:81:5
Warning: Program is doing double precision computations. C:/Users/sy415/workspace/rainbow/include/rainbow/bilinear_patch_intersection.hpp:82:5
Warning: Program is doing double precision computations. C:/Users/sy415/workspace/rainbow/include/rainbow/bilinear_patch_intersection.hpp:61:10
Warning: Program is doing double precision computations. C:/Users/sy415/workspace/rainbow/include/rainbow/bilinear_patch_intersection.hpp:82:5
Warning: Program is doing double precision computations. C:/Users/sy415/workspace/rainbow/include/rainbow/bilinear_patch_intersection.hpp:61:10
Warning: Program is doing double precision computations. C:/Users/sy415/workspace/rainbow/include/rainbow/bilinear_patch_intersection.hpp:82:5
Warning: Program is doing double precision computations. C:/Users/sy415/workspace/rainbow/include/rainbow/bilinear_patch_intersection.hpp:81:5
Warning: Program is doing double precision computations. C:/Users/sy415/workspace/rainbow/include/rainbow/bilinear_patch_intersection.hpp:82:5
Warning: Program is doing double precision computations. C:/Users/sy415/workspace/rainbow/include/rainbow/bilinear_patch_intersection.hpp:61:10
Warning: Program is doing double precision computations. C:/Users/sy415/workspace/rainbow/include/rainbow/bilinear_patch_intersection.hpp:61:10
Warning: Program is doing double precision computations. C:/Users/sy415/workspace/rainbow/include/rainbow/bilinear_patch_intersection.hpp:82:5
Warning: Program is doing double precision computations. C:/Users/sy415/workspace/rainbow/include/rainbow/bilinear_patch_intersection.hpp:81:5
Warning: Program is doing double precision computations. C:/Users/sy415/workspace/rainbow/include/rainbow/bilinear_patch_intersection.hpp:82:5
Warning: Program is doing double precision computations. C:/Users/sy415/workspace/rainbow/include/rainbow/bilinear_patch_intersection.hpp:61:10
Warning: Program is doing double precision computations. C:/Users/sy415/workspace/rainbow/include/rainbow/bilinear_patch_intersection.hpp:61:10
Warning: Program is doing double precision computations. C:/Users/sy415/workspace/rainbow/include/rainbow/bilinear_patch_intersection.hpp:82:5
Warning: Program is doing double precision computations. C:/Users/sy415/workspace/rainbow/include/rainbow/bilinear_patch_intersection.hpp:81:5
Warning: Program is doing double precision computations. C:/Users/sy415/workspace/rainbow/include/rainbow/bilinear_patch_intersection.hpp:82:5
Warning: Program is doing double precision computations. C:/Users/sy415/workspace/rainbow/include/rainbow/bilinear_patch_intersection.hpp:61:10
Warning: Program is doing double precision computations. C:/Users/sy415/workspace/rainbow/include/rainbow/bilinear_patch_intersection.hpp:61:10
Warning: Program is doing double precision computations. C:/Users/sy415/workspace/rainbow/include/rainbow/bilinear_patch_intersection.hpp:82:5
Warning: Program is doing double precision computations. C:/Users/sy415/workspace/rainbow/include/rainbow/bilinear_patch_intersection.hpp:81:5
Warning: Program is doing double precision computations. C:/Users/sy415/workspace/rainbow/include/rainbow/bilinear_patch_intersection.hpp:82:5
Warning: Program is doing double precision computations. C:/Users/sy415/workspace/rainbow/include/rainbow/bilinear_patch_intersection.hpp:61:10
Warning: Program is doing double precision computations. C:/Users/sy415/workspace/rainbow/include/rainbow/bilinear_patch_intersection.hpp:61:10
Warning: Program is doing double precision computations. C:/Users/sy415/workspace/rainbow/include/rainbow/bilinear_patch_intersection.hpp:82:5
Warning: Program is doing double precision computations. C:/Users/sy415/workspace/rainbow/include/rainbow/bilinear_patch_intersection.hpp:81:5
Warning: Program is doing double precision computations. C:/Users/sy415/workspace/rainbow/include/rainbow/bilinear_patch_intersection.hpp:82:5
Warning: Program is doing double precision computations. C:/Users/sy415/workspace/rainbow/include/rainbow/bilinear_patch_intersection.hpp:61:10
Warning: Program is doing double precision computations. C:/Users/sy415/workspace/rainbow/include/rainbow/bilinear_patch_intersection.hpp:61:10
Warning: Program is doing double precision computations. C:/Users/sy415/workspace/rainbow/include/rainbow/bilinear_patch_intersection.hpp:82:5
Warning: Program is doing double precision computations. C:/Users/sy415/workspace/rainbow/include/rainbow/bilinear_patch_intersection.hpp:81:5
Warning: Program is doing double precision computations. C:/Users/sy415/workspace/rainbow/include/rainbow/bilinear_patch_intersection.hpp:82:5
Warning: Program is doing double precision computations. C:/Users/sy415/workspace/rainbow/include/rainbow/bilinear_patch_intersection.hpp:61:10
Warning: Program is doing double precision computations. C:/Users/sy415/workspace/rainbow/include/rainbow/bilinear_patch_intersection.hpp:61:10
Warning: Program is doing double precision computations. C:/Users/sy415/workspace/rainbow/include/rainbow/bilinear_patch_intersection.hpp:82:5
Warning: Program is doing double precision computations. C:/Users/sy415/workspace/rainbow/include/rainbow/bilinear_patch_intersection.hpp:49:65
Warning: Program is doing double precision computations. C:/Users/sy415/workspace/rainbow/include/rainbow/bilinear_patch_intersection.hpp:49:65
Warning: Program is doing double precision computations. C:/Users/sy415/workspace/rainbow/include/rainbow/bilinear_patch_intersection.hpp:49:65
Warning: Program is doing double precision computations. C:/Users/sy415/workspace/rainbow/include/rainbow/bilinear_patch_intersection.hpp:49:65
Warning: Program is doing double precision computations. C:/Users/sy415/workspace/rainbow/include/rainbow/bilinear_patch_intersection.hpp:50:65
Warning: Program is doing double precision computations. C:/Users/sy415/workspace/rainbow/include/rainbow/bilinear_patch_intersection.hpp:49:65
Warning: Program is doing double precision computations. C:/Users/sy415/workspace/rainbow/include/rainbow/bilinear_patch_intersection.hpp:49:65
Warning: Program is doing double precision computations. C:/Users/sy415/workspace/rainbow/include/rainbow/bilinear_patch_intersection.hpp:49:65
Warning: Program is doing double precision computations. C:/Users/sy415/workspace/rainbow/include/rainbow/bilinear_patch_intersection.hpp:49:65
Warning: Program is doing double precision computations. C:/Users/sy415/workspace/rainbow/include/rainbow/bilinear_patch_intersection.hpp:50:65
Warning: Program is doing double precision computations. C:/Users/sy415/workspace/rainbow/include/rainbow/bilinear_patch_intersection.hpp:50:65
Warning: Program is doing double precision computations. C:/Users/sy415/workspace/rainbow/include/rainbow/bilinear_patch_intersection.hpp:49:65
Warning: Program is doing double precision computations. C:/Users/sy415/workspace/rainbow/include/rainbow/bilinear_patch_intersection.hpp:49:65
Warning: Program is doing double precision computations. C:/Users/sy415/workspace/rainbow/include/rainbow/bilinear_patch_intersection.hpp:49:65
Warning: Program is doing double precision computations. C:/Users/sy415/workspace/rainbow/include/rainbow/bilinear_patch_intersection.hpp:49:65
Warning: Program is doing double precision computations. C:/Users/sy415/workspace/rainbow/include/rainbow/bilinear_patch_intersection.hpp:50:65
Warning: Program is doing double precision computations. C:/Users/sy415/workspace/rainbow/include/rainbow/bilinear_patch_intersection.hpp:49:65
Warning: Program is doing double precision computations. C:/Users/sy415/workspace/rainbow/include/rainbow/bilinear_patch_intersection.hpp:49:65
Warning: Program is doing double precision computations. C:/Users/sy415/workspace/rainbow/include/rainbow/bilinear_patch_intersection.hpp:49:65
Warning: Program is doing double precision computations. C:/Users/sy415/workspace/rainbow/include/rainbow/bilinear_patch_intersection.hpp:49:65
Warning: Program is doing double precision computations. C:/Users/sy415/workspace/rainbow/include/rainbow/bilinear_patch_intersection.hpp:50:65
Warning: Program is doing double precision computations. C:/Users/sy415/workspace/rainbow/include/rainbow/bilinear_patch_intersection.hpp:50:65
Warning: Program is doing double precision computations. C:/Users/sy415/workspace/rainbow/include/rainbow/bilinear_patch_intersection.hpp:50:65
Warning: Program is doing double precision computations. C:/Users/sy415/workspace/rainbow/include/rainbow/bilinear_patch_intersection.hpp:131:5
Warning: Program is doing double precision computations. C:/Users/sy415/workspace/rainbow/include/rainbow/bilinear_patch_intersection.hpp:132:5
Warning: Program is doing double precision computations. C:/Users/sy415/workspace/rainbow/include/rainbow/bilinear_patch_intersection.hpp:89:56
Warning: Program is doing double precision computations. C:/Users/sy415/workspace/rainbow/include/rainbow/bilinear_patch_intersection.hpp:89:56
Warning: Program is doing double precision computations. C:/Users/sy415/workspace/rainbow/include/rainbow/bilinear_patch_intersection.hpp:89:56
Warning: Program is doing double precision computations. C:/Users/sy415/workspace/rainbow/include/rainbow/bilinear_patch_intersection.hpp:89:56
Warning: Program is doing double precision computations. C:/Users/sy415/workspace/rainbow/include/rainbow/bilinear_patch_intersection.hpp:89:56
Warning: Program is doing double precision computations. C:/Users/sy415/workspace/rainbow/include/rainbow/bilinear_patch_intersection.hpp:89:56
Warning: Program is doing double precision computations. C:/Users/sy415/workspace/rainbow/include/rainbow/bilinear_patch_intersection.hpp:89:56
Warning: Program is doing double precision computations. C:/Users/sy415/workspace/rainbow/include/rainbow/bilinear_patch_intersection.hpp:89:56
Warning: Program is doing double precision computations. C:/Users/sy415/workspace/rainbow/include/rainbow/bilinear_patch_intersection.hpp:88:56
Warning: Program is doing double precision computations. C:/Users/sy415/workspace/rainbow/include/rainbow/bilinear_patch_intersection.hpp:88:56
Warning: Program is doing double precision computations. C:/Users/sy415/workspace/rainbow/include/rainbow/bilinear_patch_intersection.hpp:88:56
Warning: Program is doing double precision computations. C:/Users/sy415/workspace/rainbow/include/rainbow/bilinear_patch_intersection.hpp:88:56
Warning: Program is doing double precision computations. C:/Users/sy415/workspace/rainbow/include/rainbow/bilinear_patch_intersection.hpp:88:56
Warning: Program is doing double precision computations. C:/Users/sy415/workspace/rainbow/include/rainbow/bilinear_patch_intersection.hpp:88:56
Warning: Program is doing double precision computations. C:/Users/sy415/workspace/rainbow/include/rainbow/bilinear_patch_intersection.hpp:88:56
Warning: Program is doing double precision computations. C:/Users/sy415/workspace/rainbow/include/rainbow/bilinear_patch_intersection.hpp:88:56
Warning: Program is doing double precision computations. C:/Users/sy415/workspace/rainbow/include/rainbow/bilinear_patch_intersection.hpp:142:9
Warning: Program is doing double precision computations. C:/Users/sy415/workspace/rainbow/include/rainbow/bilinear_patch_intersection.hpp:50:65
Warning: Program is doing double precision computations. C:/Users/sy415/workspace/rainbow/include/rainbow/bilinear_patch_intersection.hpp:144:9
Warning: Program is doing double precision computations. C:/Users/sy415/workspace/rainbow/include/rainbow/bilinear_patch_intersection.hpp:50:65
Warning: Program is doing double precision computations. C:/Users/sy415/workspace/rainbow/include/rainbow/bilinear_patch_intersection.hpp:142:9
Warning: Program is doing double precision computations. C:/Users/sy415/workspace/rainbow/include/rainbow/bilinear_patch_intersection.hpp:50:65
Warning: Program is doing double precision computations. C:/Users/sy415/workspace/rainbow/include/rainbow/bilinear_patch_intersection.hpp:144:9
Warning: Program is doing double precision computations. C:/Users/sy415/workspace/rainbow/include/rainbow/bilinear_patch_intersection.hpp:50:65
Warning: Program is doing double precision computations. C:/Users/sy415/workspace/rainbow/include/rainbow/bilinear_patch_intersection.hpp:142:9
Warning: Program is doing double precision computations. C:/Users/sy415/workspace/rainbow/include/rainbow/bilinear_patch_intersection.hpp:50:65
Warning: Program is doing double precision computations. C:/Users/sy415/workspace/rainbow/include/rainbow/bilinear_patch_intersection.hpp:144:9
Warning: Program is doing double precision computations. C:/Users/sy415/workspace/rainbow/include/rainbow/bilinear_patch_intersection.hpp:50:65
Warning: Program is doing double precision computations. C:/Users/sy415/workspace/rainbow/include/rainbow/bilinear_patch_intersection.hpp:148:5
Warning: Program is doing double precision computations. C:/Users/sy415/workspace/rainbow/include/rainbow/bilinear_patch_intersection.hpp:148:5
Warning: Program is doing double precision computations. C:/Users/sy415/workspace/rainbow/include/rainbow/bilinear_patch_intersection.hpp:148:5
Warning: Program is doing double precision computations. C:/Users/sy415/workspace/rainbow/include/rainbow/bilinear_patch_intersection.hpp:148:5
Warning: Program is doing double precision computations. C:/Users/sy415/workspace/rainbow/include/rainbow/bilinear_patch_intersection.hpp:81:5
Warning: Program is doing double precision computations. C:/Users/sy415/workspace/rainbow/include/rainbow/bilinear_patch_intersection.hpp:82:5
Warning: Program is doing double precision computations. C:/Users/sy415/workspace/rainbow/include/rainbow/bilinear_patch_intersection.hpp:61:10
Warning: Program is doing double precision computations. C:/Users/sy415/workspace/rainbow/include/rainbow/bilinear_patch_intersection.hpp:82:5
Warning: Program is doing double precision computations. C:/Users/sy415/workspace/rainbow/include/rainbow/bilinear_patch_intersection.hpp:61:10
Warning: Program is doing double precision computations. C:/Users/sy415/workspace/rainbow/include/rainbow/bilinear_patch_intersection.hpp:82:5
Warning: Program is doing double precision computations. C:/Users/sy415/workspace/rainbow/include/rainbow/bilinear_patch_intersection.hpp:81:5
Warning: Program is doing double precision computations. C:/Users/sy415/workspace/rainbow/include/rainbow/bilinear_patch_intersection.hpp:82:5
Warning: Program is doing double precision computations. C:/Users/sy415/workspace/rainbow/include/rainbow/bilinear_patch_intersection.hpp:61:10
Warning: Program is doing double precision computations. C:/Users/sy415/workspace/rainbow/include/rainbow/bilinear_patch_intersection.hpp:82:5
Warning: Program is doing double precision computations. C:/Users/sy415/workspace/rainbow/include/rainbow/bilinear_patch_intersection.hpp:61:10
Warning: Program is doing double precision computations. C:/Users/sy415/workspace/rainbow/include/rainbow/bilinear_patch_intersection.hpp:82:5
Warning: Program is doing double precision computations. C:/Users/sy415/workspace/rainbow/include/rainbow/bilinear_patch_intersection.hpp:81:5
Warning: Program is doing double precision computations. C:/Users/sy415/workspace/rainbow/include/rainbow/bilinear_patch_intersection.hpp:82:5
Warning: Program is doing double precision computations. C:/Users/sy415/workspace/rainbow/include/rainbow/bilinear_patch_intersection.hpp:61:10
Warning: Program is doing double precision computations. C:/Users/sy415/workspace/rainbow/include/rainbow/bilinear_patch_intersection.hpp:61:10
Warning: Program is doing double precision computations. C:/Users/sy415/workspace/rainbow/include/rainbow/bilinear_patch_intersection.hpp:82:5
Warning: Program is doing double precision computations. C:/Users/sy415/workspace/rainbow/include/rainbow/bilinear_patch_intersection.hpp:150:5
Warning: Program is doing double precision computations. C:/Users/sy415/workspace/rainbow/include/rainbow/bilinear_patch_intersection.hpp:81:5
Warning: Program is doing double precision computations. C:/Users/sy415/workspace/rainbow/include/rainbow/bilinear_patch_intersection.hpp:82:5
Warning: Program is doing double precision computations. C:/Users/sy415/workspace/rainbow/include/rainbow/bilinear_patch_intersection.hpp:61:10
Warning: Program is doing double precision computations. C:/Users/sy415/workspace/rainbow/include/rainbow/bilinear_patch_intersection.hpp:61:10
Warning: Program is doing double precision computations. C:/Users/sy415/workspace/rainbow/include/rainbow/bilinear_patch_intersection.hpp:82:5
Warning: Program is doing double precision computations. C:/Users/sy415/workspace/rainbow/include/rainbow/bilinear_patch_intersection.hpp:49:65
Warning: Program is doing double precision computations. C:/Users/sy415/workspace/rainbow/include/rainbow/bilinear_patch_intersection.hpp:49:65
Warning: Program is doing double precision computations. C:/Users/sy415/workspace/rainbow/include/rainbow/bilinear_patch_intersection.hpp:49:65
Warning: Program is doing double precision computations. C:/Users/sy415/workspace/rainbow/include/rainbow/bilinear_patch_intersection.hpp:49:65
Warning: Program is doing double precision computations. C:/Users/sy415/workspace/rainbow/include/rainbow/bilinear_patch_intersection.hpp:49:65
Warning: Program is doing double precision computations. C:/Users/sy415/workspace/rainbow/include/rainbow/bilinear_patch_intersection.hpp:49:65
Warning: Program is doing double precision computations. C:/Users/sy415/workspace/rainbow/include/rainbow/bilinear_patch_intersection.hpp:50:65
Warning: Program is doing double precision computations. C:/Users/sy415/workspace/rainbow/include/rainbow/bilinear_patch_intersection.hpp:50:65
Warning: Program is doing double precision computations. C:/Users/sy415/workspace/rainbow/include/rainbow/bilinear_patch_intersection.hpp:152:5
Warning: Program is doing double precision computations. C:/Users/sy415/workspace/rainbow/include/rainbow/bilinear_patch_intersection.hpp:153:5
Warning: Program is doing double precision computations. C:/Users/sy415/workspace/rainbow/include/rainbow/bilinear_patch_intersection.hpp:153:5
Warning: Program is doing double precision computations. C:/Users/sy415/workspace/rainbow/include/rainbow/bilinear_patch_intersection.hpp:153:5
Warning: Program is doing double precision computations. C:/Users/sy415/workspace/rainbow/include/rainbow/bilinear_patch_intersection.hpp:162:5
Warning: Program is doing double precision computations. C:/Users/sy415/workspace/rainbow/include/rainbow/bilinear_patch_intersection.hpp:164:9
Warning: Program is doing double precision computations. C:/Users/sy415/workspace/rainbow/include/rainbow/bilinear_patch_intersection.hpp:49:65
Warning: Program is doing double precision computations. C:/Users/sy415/workspace/rainbow/include/rainbow/bilinear_patch_intersection.hpp:49:65
Warning: Program is doing double precision computations. C:/Users/sy415/workspace/rainbow/include/rainbow/bilinear_patch_intersection.hpp:166:13
Warning: Program is doing double precision computations. C:/Users/sy415/workspace/rainbow/include/rainbow/bilinear_patch_intersection.hpp:169:9
Warning: Program is doing double precision computations. C:/Users/sy415/workspace/rainbow/include/rainbow/bilinear_patch_intersection.hpp:169:9
Warning: Program is doing double precision computations. C:/Users/sy415/workspace/rainbow/include/rainbow/bilinear_patch_intersection.hpp:173:9
Warning: Program is doing double precision computations. C:/Users/sy415/workspace/rainbow/include/rainbow/bilinear_patch_intersection.hpp:81:5
Warning: Program is doing double precision computations. C:/Users/sy415/workspace/rainbow/include/rainbow/bilinear_patch_intersection.hpp:82:5
Warning: Program is doing double precision computations. C:/Users/sy415/workspace/rainbow/include/rainbow/bilinear_patch_intersection.hpp:61:10
Warning: Program is doing double precision computations. C:/Users/sy415/workspace/rainbow/include/rainbow/bilinear_patch_intersection.hpp:82:5
Warning: Program is doing double precision computations. C:/Users/sy415/workspace/rainbow/include/rainbow/bilinear_patch_intersection.hpp:61:10
Warning: Program is doing double precision computations. C:/Users/sy415/workspace/rainbow/include/rainbow/bilinear_patch_intersection.hpp:82:5
Warning: Program is doing double precision computations. C:/Users/sy415/workspace/rainbow/include/rainbow/bilinear_patch_intersection.hpp:174:9
Warning: Program is doing double precision computations. C:/Users/sy415/workspace/rainbow/include/rainbow/bilinear_patch_intersection.hpp:49:65
Warning: Program is doing double precision computations. C:/Users/sy415/workspace/rainbow/include/rainbow/bilinear_patch_intersection.hpp:174:9
Warning: Program is doing double precision computations. C:/Users/sy415/workspace/rainbow/include/rainbow/bilinear_patch_intersection.hpp:174:9
Warning: Program is doing double precision computations. C:/Users/sy415/workspace/rainbow/include/rainbow/bilinear_patch_intersection.hpp:175:9
Warning: Program is doing double precision computations. C:/Users/sy415/workspace/rainbow/include/rainbow/bilinear_patch_intersection.hpp:177:13
Warning: Program is doing double precision computations. C:/Users/sy415/workspace/rainbow/include/rainbow/bilinear_patch_intersection.hpp:177:13
Warning: Program is doing double precision computations. C:/Users/sy415/workspace/rainbow/include/rainbow/bilinear_patch_intersection.hpp:180:9
Warning: Program is doing double precision computations. C:/Users/sy415/workspace/rainbow/include/rainbow/bilinear_patch_intersection.hpp:193:17
Warning: Program is doing double precision computations. C:/Users/sy415/workspace/rainbow/include/rainbow/bilinear_patch_intersection.hpp:193:17
Warning: Program is doing double precision computations. C:/Users/sy415/workspace/rainbow/include/rainbow/bilinear_patch_intersection.hpp:193:17
Warning: Program is doing double precision computations. C:/Users/sy415/workspace/rainbow/include/rainbow/bilinear_patch_intersection.hpp:199:13
Warning: Program is doing double precision computations. C:/Users/sy415/workspace/rainbow/include/rainbow/bilinear_patch_intersection.hpp:66:10
Warning: Program is doing double precision computations. C:/Users/sy415/workspace/rainbow/include/rainbow/bilinear_patch_intersection.hpp:71:10
Warning: Program is doing double precision computations. C:/Users/sy415/workspace/rainbow/include/rainbow/bilinear_patch_intersection.hpp:200:13
Warning: Program is doing double precision computations. C:/Users/sy415/workspace/rainbow/include/rainbow/bilinear_patch_intersection.hpp:200:13
Warning: Program is doing double precision computations. C:/Users/sy415/workspace/rainbow/include/rainbow/bilinear_patch_intersection.hpp:201:13
Warning: Program is doing double precision computations. C:/Users/sy415/workspace/rainbow/include/rainbow/bilinear_patch_intersection.hpp:201:13
Warning: Program is doing double precision computations. C:/Users/sy415/workspace/rainbow/include/rainbow/bilinear_patch_intersection.hpp:202:13
Warning: Program is doing double precision computations. C:/Users/sy415/workspace/rainbow/include/rainbow/bilinear_patch_intersection.hpp:210:9
Warning: Program is doing double precision computations. C:/Users/sy415/workspace/rainbow/include/rainbow/bilinear_patch_intersection.hpp:211:9
Warning: Program is doing double precision computations. C:/Users/sy415/workspace/rainbow/include/rainbow/bilinear_patch_intersection.hpp:211:9
Warning: Program is doing double precision computations. C:/Users/sy415/workspace/rainbow/include/rainbow/bilinear_patch_intersection.hpp:89:56
Warning: Program is doing double precision computations. C:/Users/sy415/workspace/rainbow/include/rainbow/bilinear_patch_intersection.hpp:89:56
Warning: Program is doing double precision computations. C:/Users/sy415/workspace/rainbow/include/rainbow/bilinear_patch_intersection.hpp:88:56
Warning: Program is doing double precision computations. C:/Users/sy415/workspace/rainbow/include/rainbow/bilinear_patch_intersection.hpp:88:56
Warning: Program is doing double precision computations. C:/Users/sy415/workspace/rainbow/include/rainbow/bilinear_patch_intersection.hpp:89:56
Warning: Program is doing double precision computations. C:/Users/sy415/workspace/rainbow/include/rainbow/bilinear_patch_intersection.hpp:89:56
Warning: Program is doing double precision computations. C:/Users/sy415/workspace/rainbow/include/rainbow/bilinear_patch_intersection.hpp:88:56
Warning: Program is doing double precision computations. C:/Users/sy415/workspace/rainbow/include/rainbow/bilinear_patch_intersection.hpp:88:56
Warning: Program is doing double precision computations. C:/Users/sy415/workspace/rainbow/include/rainbow/bilinear_patch_intersection.hpp:49:65
Warning: Program is doing double precision computations. C:/Users/sy415/workspace/rainbow/include/rainbow/bilinear_patch_intersection.hpp:49:65
Warning: Program is doing double precision computations. C:/Users/sy415/workspace/rainbow/include/rainbow/bilinear_patch_intersection.hpp:49:65
Warning: Program is doing double precision computations. C:/Users/sy415/workspace/rainbow/include/rainbow/bilinear_patch_intersection.hpp:49:65
Warning: Program is doing double precision computations. C:/Users/sy415/workspace/rainbow/include/rainbow/bilinear_patch_intersection.hpp:50:65
Warning: Program is doing double precision computations. C:/Users/sy415/workspace/rainbow/include/rainbow/bilinear_patch_intersection.hpp:213:9
Warning: Program is doing double precision computations. C:/Users/sy415/workspace/rainbow/include/rainbow/bilinear_patch_intersection.hpp:218:9
Warning: Program is doing double precision computations. C:/Users/sy415/workspace/rainbow/include/rainbow/bilinear_patch_intersection.hpp:218:9
Warning: Program is doing double precision computations. C:/Users/sy415/workspace/rainbow/include/rainbow/bilinear_patch_intersection.hpp:218:9
Warning: Program is doing double precision computations. C:/Users/sy415/workspace/rainbow/include/rainbow/bilinear_patch_intersection.hpp:218:9
Warning: Program is doing double precision computations. C:/Users/sy415/workspace/rainbow/include/rainbow/bilinear_patch_intersection.hpp:218:9
Warning: Program is doing double precision computations. C:/Users/sy415/workspace/rainbow/include/rainbow/bilinear_patch_intersection.hpp:218:9
Warning: Program is doing double precision computations. C:/Users/sy415/workspace/rainbow/include/rainbow/bilinear_patch_intersection.hpp:220:9
Warning: Program is doing double precision computations. C:/Users/sy415/workspace/rainbow/include/rainbow/bilinear_patch_intersection.hpp:221:9
Warning: Program is doing double precision computations. C:/Users/sy415/workspace/rainbow/include/rainbow/bilinear_patch_intersection.hpp:221:9
Warning: Program is doing double precision computations. C:/Users/sy415/workspace/rainbow/include/rainbow/bilinear_patch_intersection.hpp:89:56
Warning: Program is doing double precision computations. C:/Users/sy415/workspace/rainbow/include/rainbow/bilinear_patch_intersection.hpp:89:56
Warning: Program is doing double precision computations. C:/Users/sy415/workspace/rainbow/include/rainbow/bilinear_patch_intersection.hpp:88:56
Warning: Program is doing double precision computations. C:/Users/sy415/workspace/rainbow/include/rainbow/bilinear_patch_intersection.hpp:88:56
Warning: Program is doing double precision computations. C:/Users/sy415/workspace/rainbow/include/rainbow/bilinear_patch_intersection.hpp:81:5
Warning: Program is doing double precision computations. C:/Users/sy415/workspace/rainbow/include/rainbow/bilinear_patch_intersection.hpp:82:5
Warning: Program is doing double precision computations. C:/Users/sy415/workspace/rainbow/include/rainbow/bilinear_patch_intersection.hpp:61:10
Warning: Program is doing double precision computations. C:/Users/sy415/workspace/rainbow/include/rainbow/bilinear_patch_intersection.hpp:82:5
Warning: Program is doing double precision computations. C:/Users/sy415/workspace/rainbow/include/rainbow/bilinear_patch_intersection.hpp:61:10
Warning: Program is doing double precision computations. C:/Users/sy415/workspace/rainbow/include/rainbow/bilinear_patch_intersection.hpp:82:5
Warning: Program is doing double precision computations. C:/Users/sy415/workspace/rainbow/include/rainbow/bilinear_patch_intersection.hpp:89:56
Warning: Program is doing double precision computations. C:/Users/sy415/workspace/rainbow/include/rainbow/bilinear_patch_intersection.hpp:89:56
Warning: Program is doing double precision computations. C:/Users/sy415/workspace/rainbow/include/rainbow/bilinear_patch_intersection.hpp:88:56
Warning: Program is doing double precision computations. C:/Users/sy415/workspace/rainbow/include/rainbow/bilinear_patch_intersection.hpp:88:56
Warning: Program is doing double precision computations. C:/Users/sy415/workspace/rainbow/include/rainbow/bilinear_patch_intersection.hpp:230:13
Warning: Program is doing double precision computations. C:/Users/sy415/workspace/rainbow/include/rainbow/bilinear_patch_intersection.hpp:89:56
Warning: Program is doing double precision computations. C:/Users/sy415/workspace/rainbow/include/rainbow/bilinear_patch_intersection.hpp:89:56
Warning: Program is doing double precision computations. C:/Users/sy415/workspace/rainbow/include/rainbow/bilinear_patch_intersection.hpp:88:56
Warning: Program is doing double precision computations. C:/Users/sy415/workspace/rainbow/include/rainbow/bilinear_patch_intersection.hpp:88:56
Warning: Program is doing double precision computations. C:/Users/sy415/workspace/rainbow/include/rainbow/bilinear_patch_intersection.hpp:49:65
Warning: Program is doing double precision computations. C:/Users/sy415/workspace/rainbow/include/rainbow/bilinear_patch_intersection.hpp:49:65
Warning: Program is doing double precision computations. C:/Users/sy415/workspace/rainbow/include/rainbow/bilinear_patch_intersection.hpp:49:65
Warning: Program is doing double precision computations. C:/Users/sy415/workspace/rainbow/include/rainbow/bilinear_patch_intersection.hpp:49:65
Warning: Program is doing double precision computations. C:/Users/sy415/workspace/rainbow/include/rainbow/bilinear_patch_intersection.hpp:49:65
Warning: Program is doing double precision computations. C:/Users/sy415/workspace/rainbow/include/rainbow/bilinear_patch_intersection.hpp:50:65
Warning: Program is doing double precision computations. C:/Users/sy415/workspace/rainbow/include/rainbow/bilinear_patch_intersection.hpp:231:13
Warning: Program is doing double precision computations. C:/Users/sy415/workspace/rainbow/include/rainbow/bilinear_patch_intersection.hpp:231:13
Warning: Program is doing double precision computations. C:/Users/sy415/workspace/rainbow/include/rainbow/bilinear_patch_intersection.hpp:231:13
Warning: Program is doing double precision computations. C:/Users/sy415/workspace/rainbow/include/rainbow/bilinear_patch_intersection.hpp:233:17 (approximately)
Warning: Program is doing double precision computations. C:/Users/sy415/workspace/rainbow/include/rainbow/bilinear_patch_intersection.hpp:233:17 (approximately)
Warning: Program is doing double precision computations. C:/Users/sy415/workspace/rainbow/include/rainbow/bilinear_patch_intersection.hpp:233:17 (approximately)
Warning: Program is doing double precision computations. C:/Users/sy415/workspace/rainbow/include/rainbow/bilinear_patch_intersection.hpp:50:65
Warning: Program is doing double precision computations. C:/Users/sy415/workspace/rainbow/include/rainbow/bilinear_patch_intersection.hpp:236:13
Warning: Program is doing double precision computations. C:/Users/sy415/workspace/rainbow/include/rainbow/bilinear_patch_intersection.hpp:50:65
Warning: Program is doing double precision computations. C:/Users/sy415/workspace/rainbow/include/rainbow/bilinear_patch_intersection.hpp:81:5
Warning: Program is doing double precision computations. C:/Users/sy415/workspace/rainbow/include/rainbow/bilinear_patch_intersection.hpp:82:5
Warning: Program is doing double precision computations. C:/Users/sy415/workspace/rainbow/include/rainbow/bilinear_patch_intersection.hpp:61:10
Warning: Program is doing double precision computations. C:/Users/sy415/workspace/rainbow/include/rainbow/bilinear_patch_intersection.hpp:82:5
Warning: Program is doing double precision computations. C:/Users/sy415/workspace/rainbow/include/rainbow/bilinear_patch_intersection.hpp:61:10
Warning: Program is doing double precision computations. C:/Users/sy415/workspace/rainbow/include/rainbow/bilinear_patch_intersection.hpp:82:5
Warning: Program is doing double precision computations. C:/Users/sy415/workspace/rainbow/include/rainbow/bilinear_patch_intersection.hpp:237:13
Warning: Program is doing double precision computations. C:/Users/sy415/workspace/rainbow/include/rainbow/bilinear_patch_intersection.hpp:81:5
Warning: Program is doing double precision computations. C:/Users/sy415/workspace/rainbow/include/rainbow/bilinear_patch_intersection.hpp:82:5
Warning: Program is doing double precision computations. C:/Users/sy415/workspace/rainbow/include/rainbow/bilinear_patch_intersection.hpp:61:10
Warning: Program is doing double precision computations. C:/Users/sy415/workspace/rainbow/include/rainbow/bilinear_patch_intersection.hpp:61:10
Warning: Program is doing double precision computations. C:/Users/sy415/workspace/rainbow/include/rainbow/bilinear_patch_intersection.hpp:82:5
Warning: Program is doing double precision computations. C:/Users/sy415/workspace/rainbow/include/rainbow/bilinear_patch_intersection.hpp:238:13
Warning: Program is doing double precision computations. C:/Users/sy415/workspace/rainbow/include/rainbow/bilinear_patch_intersection.hpp:239:13
Warning: Program is doing double precision computations. C:/Users/sy415/workspace/rainbow/include/rainbow/bilinear_patch_intersection.hpp:239:13
Warning: Program is doing double precision computations. C:/Users/sy415/workspace/rainbow/include/rainbow/bilinear_patch_intersection.hpp:89:56
Warning: Program is doing double precision computations. C:/Users/sy415/workspace/rainbow/include/rainbow/bilinear_patch_intersection.hpp:89:56
Warning: Program is doing double precision computations. C:/Users/sy415/workspace/rainbow/include/rainbow/bilinear_patch_intersection.hpp:88:56
Warning: Program is doing double precision computations. C:/Users/sy415/workspace/rainbow/include/rainbow/bilinear_patch_intersection.hpp:88:56
Warning: Program is doing double precision computations. C:/Users/sy415/workspace/rainbow/include/rainbow/bilinear_patch_intersection.hpp:89:56
Warning: Program is doing double precision computations. C:/Users/sy415/workspace/rainbow/include/rainbow/bilinear_patch_intersection.hpp:89:56
Warning: Program is doing double precision computations. C:/Users/sy415/workspace/rainbow/include/rainbow/bilinear_patch_intersection.hpp:88:56
Warning: Program is doing double precision computations. C:/Users/sy415/workspace/rainbow/include/rainbow/bilinear_patch_intersection.hpp:88:56
Warning: Program is doing double precision computations. C:/Users/sy415/workspace/rainbow/include/rainbow/bilinear_patch_intersection.hpp:81:5
Warning: Program is doing double precision computations. C:/Users/sy415/workspace/rainbow/include/rainbow/bilinear_patch_intersection.hpp:82:5
Warning: Program is doing double precision computations. C:/Users/sy415/workspace/rainbow/include/rainbow/bilinear_patch_intersection.hpp:61:10
Warning: Program is doing double precision computations. C:/Users/sy415/workspace/rainbow/include/rainbow/bilinear_patch_intersection.hpp:82:5
Warning: Program is doing double precision computations. C:/Users/sy415/workspace/rainbow/include/rainbow/bilinear_patch_intersection.hpp:61:10
Warning: Program is doing double precision computations. C:/Users/sy415/workspace/rainbow/include/rainbow/bilinear_patch_intersection.hpp:82:5
Warning: Program is doing double precision computations. C:/Users/sy415/workspace/rainbow/include/rainbow/bilinear_patch_intersection.hpp:89:56
Warning: Program is doing double precision computations. C:/Users/sy415/workspace/rainbow/include/rainbow/bilinear_patch_intersection.hpp:89:56
Warning: Program is doing double precision computations. C:/Users/sy415/workspace/rainbow/include/rainbow/bilinear_patch_intersection.hpp:88:56
Warning: Program is doing double precision computations. C:/Users/sy415/workspace/rainbow/include/rainbow/bilinear_patch_intersection.hpp:88:56
Warning: Program is doing double precision computations. C:/Users/sy415/workspace/rainbow/include/rainbow/bilinear_patch_intersection.hpp:89:56
Warning: Program is doing double precision computations. C:/Users/sy415/workspace/rainbow/include/rainbow/bilinear_patch_intersection.hpp:89:56
Warning: Program is doing double precision computations. C:/Users/sy415/workspace/rainbow/include/rainbow/bilinear_patch_intersection.hpp:88:56
Warning: Program is doing double precision computations. C:/Users/sy415/workspace/rainbow/include/rainbow/bilinear_patch_intersection.hpp:88:56
Warning: Program is doing double precision computations. C:/Users/sy415/workspace/rainbow/include/rainbow/bilinear_patch_intersection.hpp:230:13
Warning: Program is doing double precision computations. C:/Users/sy415/workspace/rainbow/include/rainbow/bilinear_patch_intersection.hpp:89:56
Warning: Program is doing double precision computations. C:/Users/sy415/workspace/rainbow/include/rainbow/bilinear_patch_intersection.hpp:89:56
Warning: Program is doing double precision computations. C:/Users/sy415/workspace/rainbow/include/rainbow/bilinear_patch_intersection.hpp:88:56
Warning: Program is doing double precision computations. C:/Users/sy415/workspace/rainbow/include/rainbow/bilinear_patch_intersection.hpp:88:56
Warning: Program is doing double precision computations. C:/Users/sy415/workspace/rainbow/include/rainbow/bilinear_patch_intersection.hpp:49:65
Warning: Program is doing double precision computations. C:/Users/sy415/workspace/rainbow/include/rainbow/bilinear_patch_intersection.hpp:49:65
Warning: Program is doing double precision computations. C:/Users/sy415/workspace/rainbow/include/rainbow/bilinear_patch_intersection.hpp:49:65
Warning: Program is doing double precision computations. C:/Users/sy415/workspace/rainbow/include/rainbow/bilinear_patch_intersection.hpp:49:65
Warning: Program is doing double precision computations. C:/Users/sy415/workspace/rainbow/include/rainbow/bilinear_patch_intersection.hpp:49:65
Warning: Program is doing double precision computations. C:/Users/sy415/workspace/rainbow/include/rainbow/bilinear_patch_intersection.hpp:50:65
Warning: Program is doing double precision computations. C:/Users/sy415/workspace/rainbow/include/rainbow/bilinear_patch_intersection.hpp:231:13
Warning: Program is doing double precision computations. C:/Users/sy415/workspace/rainbow/include/rainbow/bilinear_patch_intersection.hpp:49:65
Warning: Program is doing double precision computations. C:/Users/sy415/workspace/rainbow/include/rainbow/bilinear_patch_intersection.hpp:49:65
Warning: Program is doing double precision computations. C:/Users/sy415/workspace/rainbow/include/rainbow/bilinear_patch_intersection.hpp:49:65
Warning: Program is doing double precision computations. C:/Users/sy415/workspace/rainbow/include/rainbow/bilinear_patch_intersection.hpp:49:65
Warning: Program is doing double precision computations. C:/Users/sy415/workspace/rainbow/include/rainbow/bilinear_patch_intersection.hpp:50:65
Warning: Program is doing double precision computations. C:/Users/sy415/workspace/rainbow/include/rainbow/bilinear_patch_intersection.hpp:231:13
Warning: Program is doing double precision computations. C:/Users/sy415/workspace/rainbow/include/rainbow/bilinear_patch_intersection.hpp:231:13
Warning: Program is doing double precision computations. C:/Users/sy415/workspace/rainbow/include/rainbow/bilinear_patch_intersection.hpp:241:9 (approximately)
Warning: Program is doing double precision computations. C:/Users/sy415/workspace/rainbow/include/rainbow/bilinear_patch_intersection.hpp:241:9 (approximately)
Warning: Program is doing double precision computations. C:/Users/sy415/workspace/rainbow/include/rainbow/bilinear_patch_intersection.hpp:241:9 (approximately)
Warning: Program is doing double precision computations. C:/Users/sy415/workspace/rainbow/include/rainbow/bilinear_patch_intersection.hpp:241:9
Warning: Program is doing double precision computations. C:/Users/sy415/workspace/rainbow/include/rainbow/bilinear_patch_intersection.hpp:249:9
Warning: Program is doing double precision computations. C:/Users/sy415/workspace/rainbow/include/rainbow/bilinear_patch_intersection.hpp:250:9
Warning: Program is doing double precision computations. C:/Users/sy415/workspace/rainbow/include/rainbow/bilinear_patch_intersection.hpp:250:9
Warning: Program is doing double precision computations. C:/Users/sy415/workspace/rainbow/include/rainbow/bilinear_patch_intersection.hpp:250:9
Warning: Program is doing double precision computations. C:/Users/sy415/workspace/rainbow/include/rainbow/bilinear_patch_intersection.hpp:250:9
Warning: Program is doing double precision computations. C:/Users/sy415/workspace/rainbow/include/rainbow/bilinear_patch_intersection.hpp:250:9
Warning: Program is doing double precision computations. C:/Users/sy415/workspace/rainbow/include/rainbow/bilinear_patch_intersection.hpp:250:9
Warning: Program is doing double precision computations. C:/Users/sy415/workspace/rainbow/include/rainbow/bilinear_patch_intersection.hpp:252:9
Warning: Program is doing double precision computations. C:/Users/sy415/workspace/rainbow/include/rainbow/bilinear_patch_intersection.hpp:252:9
Warning: Program is doing double precision computations. C:/Users/sy415/workspace/rainbow/include/rainbow/bilinear_patch_intersection.hpp:252:9
Warning: Program is doing double precision computations. C:/Users/sy415/workspace/rainbow/include/rainbow/bilinear_patch_intersection.hpp:252:9
Warning: Program is doing double precision computations. C:/Users/sy415/workspace/rainbow/include/rainbow/bilinear_patch_intersection.hpp:252:9
Warning: Program is doing double precision computations. C:/Users/sy415/workspace/rainbow/include/rainbow/bilinear_patch_intersection.hpp:254:9
Warning: Program is doing double precision computations. C:/Users/sy415/workspace/rainbow/include/rainbow/bilinear_patch_intersection.hpp:254:9
Warning: Program is doing double precision computations. C:/Users/sy415/workspace/rainbow/include/rainbow/bilinear_patch_intersection.hpp:255:9
Warning: Program is doing double precision computations. C:/Users/sy415/workspace/rainbow/include/rainbow/bilinear_patch_intersection.hpp:255:9
Warning: Program is doing double precision computations. C:/Users/sy415/workspace/rainbow/include/rainbow/bilinear_patch_intersection.hpp:89:56
Warning: Program is doing double precision computations. C:/Users/sy415/workspace/rainbow/include/rainbow/bilinear_patch_intersection.hpp:89:56
Warning: Program is doing double precision computations. C:/Users/sy415/workspace/rainbow/include/rainbow/bilinear_patch_intersection.hpp:88:56
Warning: Program is doing double precision computations. C:/Users/sy415/workspace/rainbow/include/rainbow/bilinear_patch_intersection.hpp:88:56
Warning: Program is doing double precision computations. C:/Users/sy415/workspace/rainbow/include/rainbow/bilinear_patch_intersection.hpp:89:56
Warning: Program is doing double precision computations. C:/Users/sy415/workspace/rainbow/include/rainbow/bilinear_patch_intersection.hpp:89:56
Warning: Program is doing double precision computations. C:/Users/sy415/workspace/rainbow/include/rainbow/bilinear_patch_intersection.hpp:88:56
Warning: Program is doing double precision computations. C:/Users/sy415/workspace/rainbow/include/rainbow/bilinear_patch_intersection.hpp:88:56
Warning: Program is doing double precision computations. C:/Users/sy415/workspace/rainbow/include/rainbow/bilinear_patch_intersection.hpp:256:9
Warning: Program is doing double precision computations. C:/Users/sy415/workspace/rainbow/include/rainbow/bilinear_patch_intersection.hpp:89:56
Warning: Program is doing double precision computations. C:/Users/sy415/workspace/rainbow/include/rainbow/bilinear_patch_intersection.hpp:89:56
Warning: Program is doing double precision computations. C:/Users/sy415/workspace/rainbow/include/rainbow/bilinear_patch_intersection.hpp:88:56
Warning: Program is doing double precision computations. C:/Users/sy415/workspace/rainbow/include/rainbow/bilinear_patch_intersection.hpp:88:56
Warning: Program is doing double precision computations. C:/Users/sy415/workspace/rainbow/include/rainbow/bilinear_patch_intersection.hpp:49:65
Warning: Program is doing double precision computations. C:/Users/sy415/workspace/rainbow/include/rainbow/bilinear_patch_intersection.hpp:49:65
Warning: Program is doing double precision computations. C:/Users/sy415/workspace/rainbow/include/rainbow/bilinear_patch_intersection.hpp:49:65
Warning: Program is doing double precision computations. C:/Users/sy415/workspace/rainbow/include/rainbow/bilinear_patch_intersection.hpp:49:65
Warning: Program is doing double precision computations. C:/Users/sy415/workspace/rainbow/include/rainbow/bilinear_patch_intersection.hpp:50:65
Warning: Program is doing double precision computations. C:/Users/sy415/workspace/rainbow/include/rainbow/bilinear_patch_intersection.hpp:257:9
Warning: Program is doing double precision computations. C:/Users/sy415/workspace/rainbow/include/rainbow/bilinear_patch_intersection.hpp:258:9
Warning: Program is doing double precision computations. C:/Users/sy415/workspace/rainbow/include/rainbow/vec3.hpp:19:55
Warning: Program is doing double precision computations. C:/Users/sy415/workspace/rainbow/include/rainbow/vec3.hpp:19:55
Warning: Program is doing double precision computations. C:/Users/sy415/workspace/rainbow/include/rainbow/vec3.hpp:19:55
Warning: Program is doing double precision computations. C:/Users/sy415/workspace/rainbow/include/rainbow/vec3.hpp:19:55
Warning: Program is doing double precision computations. C:/Users/sy415/workspace/rainbow/include/rainbow/vec3.hpp:19:55
Warning: Program is doing double precision computations. C:/Users/sy415/workspace/rainbow/include/rainbow/vec3.hpp:19:55
Warning: Program is doing double precision computations. C:/Users/sy415/workspace/rainbow/include/rainbow/vec3.hpp:16:55
Warning: Program is doing double precision computations. C:/Users/sy415/workspace/rainbow/include/rainbow/vec3.hpp:16:55
Warning: Program is doing double precision computations. C:/Users/sy415/workspace/rainbow/include/rainbow/vec3.hpp:16:55
Warning: Program is doing double precision computations. C:/Users/sy415/workspace/rainbow/include/rainbow/vec3.hpp:19:55
Warning: Program is doing double precision computations. C:/Users/sy415/workspace/rainbow/include/rainbow/vec3.hpp:19:55
Warning: Program is doing double precision computations. C:/Users/sy415/workspace/rainbow/include/rainbow/vec3.hpp:19:55
Warning: Program is doing double precision computations. C:/Users/sy415/workspace/rainbow/include/rainbow/vec3.hpp:19:55
Warning: Program is doing double precision computations. C:/Users/sy415/workspace/rainbow/include/rainbow/vec3.hpp:19:55
Warning: Program is doing double precision computations. C:/Users/sy415/workspace/rainbow/include/rainbow/vec3.hpp:19:55
Warning: Program is doing double precision computations. C:/Users/sy415/workspace/rainbow/include/rainbow/vec3.hpp:16:55
Warning: Program is doing double precision computations. C:/Users/sy415/workspace/rainbow/include/rainbow/vec3.hpp:16:55
Warning: Program is doing double precision computations. C:/Users/sy415/workspace/rainbow/include/rainbow/vec3.hpp:16:55
Warning: Program is doing double precision computations. C:/Users/sy415/workspace/rainbow/include/rainbow/bilinear_patch_intersection.hpp:260:9
Warning: Program is doing double precision computations. C:/Users/sy415/workspace/rainbow/include/rainbow/vec3.hpp:19:55
Warning: Program is doing double precision computations. C:/Users/sy415/workspace/rainbow/include/rainbow/vec3.hpp:19:55
Warning: Program is doing double precision computations. C:/Users/sy415/workspace/rainbow/include/rainbow/vec3.hpp:19:55
Warning: Program is doing double precision computations. C:/Users/sy415/workspace/rainbow/include/rainbow/vec3.hpp:19:55
Warning: Program is doing double precision computations. C:/Users/sy415/workspace/rainbow/include/rainbow/vec3.hpp:19:55
Warning: Program is doing double precision computations. C:/Users/sy415/workspace/rainbow/include/rainbow/vec3.hpp:19:55
Warning: Program is doing double precision computations. C:/Users/sy415/workspace/rainbow/include/rainbow/vec3.hpp:16:55
Warning: Program is doing double precision computations. C:/Users/sy415/workspace/rainbow/include/rainbow/vec3.hpp:16:55
Warning: Program is doing double precision computations. C:/Users/sy415/workspace/rainbow/include/rainbow/vec3.hpp:16:55
Warning: Program is doing double precision computations. C:/Users/sy415/workspace/rainbow/include/rainbow/bilinear_patch_intersection.hpp:261:9
Warning: Program is doing double precision computations. C:/Users/sy415/workspace/rainbow/include/rainbow/bilinear_patch_intersection.hpp:262:9
Warning: Program is doing double precision computations. C:/Users/sy415/workspace/rainbow/include/rainbow/bilinear_patch_intersection.hpp:49:65
Warning: Program is doing double precision computations. C:/Users/sy415/workspace/rainbow/include/rainbow/bilinear_patch_intersection.hpp:49:65
Warning: Program is doing double precision computations. C:/Users/sy415/workspace/rainbow/include/rainbow/bilinear_patch_intersection.hpp:264:13
Warning: Program is doing double precision computations. C:/Users/sy415/workspace/rainbow/include/rainbow/bilinear_patch_intersection.hpp:50:65
Warning: Program is doing double precision computations. C:/Users/sy415/workspace/rainbow/include/rainbow/bilinear_patch_intersection.hpp:236:13
Warning: Program is doing double precision computations. C:/Users/sy415/workspace/rainbow/include/rainbow/bilinear_patch_intersection.hpp:50:65
Warning: Program is doing double precision computations. C:/Users/sy415/workspace/rainbow/include/rainbow/bilinear_patch_intersection.hpp:81:5
Warning: Program is doing double precision computations. C:/Users/sy415/workspace/rainbow/include/rainbow/bilinear_patch_intersection.hpp:82:5
Warning: Program is doing double precision computations. C:/Users/sy415/workspace/rainbow/include/rainbow/bilinear_patch_intersection.hpp:61:10
Warning: Program is doing double precision computations. C:/Users/sy415/workspace/rainbow/include/rainbow/bilinear_patch_intersection.hpp:82:5
Warning: Program is doing double precision computations. C:/Users/sy415/workspace/rainbow/include/rainbow/bilinear_patch_intersection.hpp:61:10
Warning: Program is doing double precision computations. C:/Users/sy415/workspace/rainbow/include/rainbow/bilinear_patch_intersection.hpp:82:5
Warning: Program is doing double precision computations. C:/Users/sy415/workspace/rainbow/include/rainbow/bilinear_patch_intersection.hpp:237:13
Warning: Program is doing double precision computations. C:/Users/sy415/workspace/rainbow/include/rainbow/bilinear_patch_intersection.hpp:81:5
Warning: Program is doing double precision computations. C:/Users/sy415/workspace/rainbow/include/rainbow/bilinear_patch_intersection.hpp:82:5
Warning: Program is doing double precision computations. C:/Users/sy415/workspace/rainbow/include/rainbow/bilinear_patch_intersection.hpp:61:10
Warning: Program is doing double precision computations. C:/Users/sy415/workspace/rainbow/include/rainbow/bilinear_patch_intersection.hpp:61:10
Warning: Program is doing double precision computations. C:/Users/sy415/workspace/rainbow/include/rainbow/bilinear_patch_intersection.hpp:82:5
Warning: Program is doing double precision computations. C:/Users/sy415/workspace/rainbow/include/rainbow/bilinear_patch_intersection.hpp:238:13
Warning: Program is doing double precision computations. C:/Users/sy415/workspace/rainbow/include/rainbow/bilinear_patch_intersection.hpp:239:13
Warning: Program is doing double precision computations. C:/Users/sy415/workspace/rainbow/include/rainbow/bilinear_patch_intersection.hpp:239:13
Warning: Program is doing double precision computations. C:/Users/sy415/workspace/rainbow/include/rainbow/bilinear_patch_intersection.hpp:89:56
Warning: Program is doing double precision computations. C:/Users/sy415/workspace/rainbow/include/rainbow/bilinear_patch_intersection.hpp:89:56
Warning: Program is doing double precision computations. C:/Users/sy415/workspace/rainbow/include/rainbow/bilinear_patch_intersection.hpp:88:56
Warning: Program is doing double precision computations. C:/Users/sy415/workspace/rainbow/include/rainbow/bilinear_patch_intersection.hpp:88:56
Warning: Program is doing double precision computations. C:/Users/sy415/workspace/rainbow/include/rainbow/bilinear_patch_intersection.hpp:89:56
Warning: Program is doing double precision computations. C:/Users/sy415/workspace/rainbow/include/rainbow/bilinear_patch_intersection.hpp:89:56
Warning: Program is doing double precision computations. C:/Users/sy415/workspace/rainbow/include/rainbow/bilinear_patch_intersection.hpp:88:56
Warning: Program is doing double precision computations. C:/Users/sy415/workspace/rainbow/include/rainbow/bilinear_patch_intersection.hpp:88:56
Warning: Program is doing double precision computations. C:/Users/sy415/workspace/rainbow/include/rainbow/bilinear_patch_intersection.hpp:81:5
Warning: Program is doing double precision computations. C:/Users/sy415/workspace/rainbow/include/rainbow/bilinear_patch_intersection.hpp:82:5
Warning: Program is doing double precision computations. C:/Users/sy415/workspace/rainbow/include/rainbow/bilinear_patch_intersection.hpp:61:10
Warning: Program is doing double precision computations. C:/Users/sy415/workspace/rainbow/include/rainbow/bilinear_patch_intersection.hpp:82:5
Warning: Program is doing double precision computations. C:/Users/sy415/workspace/rainbow/include/rainbow/bilinear_patch_intersection.hpp:61:10
Warning: Program is doing double precision computations. C:/Users/sy415/workspace/rainbow/include/rainbow/bilinear_patch_intersection.hpp:82:5
Warning: Program is doing double precision computations. C:/Users/sy415/workspace/rainbow/include/rainbow/bilinear_patch_intersection.hpp:89:56
Warning: Program is doing double precision computations. C:/Users/sy415/workspace/rainbow/include/rainbow/bilinear_patch_intersection.hpp:89:56
Warning: Program is doing double precision computations. C:/Users/sy415/workspace/rainbow/include/rainbow/bilinear_patch_intersection.hpp:88:56
Warning: Program is doing double precision computations. C:/Users/sy415/workspace/rainbow/include/rainbow/bilinear_patch_intersection.hpp:88:56
Warning: Program is doing double precision computations. C:/Users/sy415/workspace/rainbow/include/rainbow/bilinear_patch_intersection.hpp:89:56
Warning: Program is doing double precision computations. C:/Users/sy415/workspace/rainbow/include/rainbow/bilinear_patch_intersection.hpp:89:56
Warning: Program is doing double precision computations. C:/Users/sy415/workspace/rainbow/include/rainbow/bilinear_patch_intersection.hpp:88:56
Warning: Program is doing double precision computations. C:/Users/sy415/workspace/rainbow/include/rainbow/bilinear_patch_intersection.hpp:88:56
Warning: Program is doing double precision computations. C:/Users/sy415/workspace/rainbow/include/rainbow/bilinear_patch_intersection.hpp:230:13
Warning: Program is doing double precision computations. C:/Users/sy415/workspace/rainbow/include/rainbow/bilinear_patch_intersection.hpp:89:56
Warning: Program is doing double precision computations. C:/Users/sy415/workspace/rainbow/include/rainbow/bilinear_patch_intersection.hpp:89:56
Warning: Program is doing double precision computations. C:/Users/sy415/workspace/rainbow/include/rainbow/bilinear_patch_intersection.hpp:88:56
Warning: Program is doing double precision computations. C:/Users/sy415/workspace/rainbow/include/rainbow/bilinear_patch_intersection.hpp:88:56
Warning: Program is doing double precision computations. C:/Users/sy415/workspace/rainbow/include/rainbow/bilinear_patch_intersection.hpp:49:65
Warning: Program is doing double precision computations. C:/Users/sy415/workspace/rainbow/include/rainbow/bilinear_patch_intersection.hpp:49:65
Warning: Program is doing double precision computations. C:/Users/sy415/workspace/rainbow/include/rainbow/bilinear_patch_intersection.hpp:49:65
Warning: Program is doing double precision computations. C:/Users/sy415/workspace/rainbow/include/rainbow/bilinear_patch_intersection.hpp:49:65
Warning: Program is doing double precision computations. C:/Users/sy415/workspace/rainbow/include/rainbow/bilinear_patch_intersection.hpp:49:65
Warning: Program is doing double precision computations. C:/Users/sy415/workspace/rainbow/include/rainbow/bilinear_patch_intersection.hpp:50:65
Warning: Program is doing double precision computations. C:/Users/sy415/workspace/rainbow/include/rainbow/bilinear_patch_intersection.hpp:231:13
Warning: Program is doing double precision computations. C:/Users/sy415/workspace/rainbow/include/rainbow/bilinear_patch_intersection.hpp:49:65
Warning: Program is doing double precision computations. C:/Users/sy415/workspace/rainbow/include/rainbow/bilinear_patch_intersection.hpp:49:65
Warning: Program is doing double precision computations. C:/Users/sy415/workspace/rainbow/include/rainbow/bilinear_patch_intersection.hpp:49:65
Warning: Program is doing double precision computations. C:/Users/sy415/workspace/rainbow/include/rainbow/bilinear_patch_intersection.hpp:49:65
Warning: Program is doing double precision computations. C:/Users/sy415/workspace/rainbow/include/rainbow/bilinear_patch_intersection.hpp:50:65
Warning: Program is doing double precision computations. C:/Users/sy415/workspace/rainbow/include/rainbow/bilinear_patch_intersection.hpp:231:13
Warning: Program is doing double precision computations. C:/Users/sy415/workspace/rainbow/include/rainbow/bilinear_patch_intersection.hpp:231:13
Warning: Program is doing double precision computations. C:/Users/sy415/workspace/rainbow/include/rainbow/bilinear_patch_intersection.hpp:50:65
Warning: Program is doing double precision computations. C:/Users/sy415/workspace/rainbow/include/rainbow/bilinear_patch_intersection.hpp:236:13
Warning: Program is doing double precision computations. C:/Users/sy415/workspace/rainbow/include/rainbow/bilinear_patch_intersection.hpp:50:65
Warning: Program is doing double precision computations. C:/Users/sy415/workspace/rainbow/include/rainbow/bilinear_patch_intersection.hpp:81:5
Warning: Program is doing double precision computations. C:/Users/sy415/workspace/rainbow/include/rainbow/bilinear_patch_intersection.hpp:82:5
Warning: Program is doing double precision computations. C:/Users/sy415/workspace/rainbow/include/rainbow/bilinear_patch_intersection.hpp:61:10
Warning: Program is doing double precision computations. C:/Users/sy415/workspace/rainbow/include/rainbow/bilinear_patch_intersection.hpp:82:5
Warning: Program is doing double precision computations. C:/Users/sy415/workspace/rainbow/include/rainbow/bilinear_patch_intersection.hpp:61:10
Warning: Program is doing double precision computations. C:/Users/sy415/workspace/rainbow/include/rainbow/bilinear_patch_intersection.hpp:82:5
Warning: Program is doing double precision computations. C:/Users/sy415/workspace/rainbow/include/rainbow/bilinear_patch_intersection.hpp:237:13
Warning: Program is doing double precision computations. C:/Users/sy415/workspace/rainbow/include/rainbow/bilinear_patch_intersection.hpp:81:5
Warning: Program is doing double precision computations. C:/Users/sy415/workspace/rainbow/include/rainbow/bilinear_patch_intersection.hpp:82:5
Warning: Program is doing double precision computations. C:/Users/sy415/workspace/rainbow/include/rainbow/bilinear_patch_intersection.hpp:61:10
Warning: Program is doing double precision computations. C:/Users/sy415/workspace/rainbow/include/rainbow/bilinear_patch_intersection.hpp:61:10
Warning: Program is doing double precision computations. C:/Users/sy415/workspace/rainbow/include/rainbow/bilinear_patch_intersection.hpp:82:5
Warning: Program is doing double precision computations. C:/Users/sy415/workspace/rainbow/include/rainbow/bilinear_patch_intersection.hpp:238:13
Warning: Program is doing double precision computations. C:/Users/sy415/workspace/rainbow/include/rainbow/bilinear_patch_intersection.hpp:239:13
Warning: Program is doing double precision computations. C:/Users/sy415/workspace/rainbow/include/rainbow/bilinear_patch_intersection.hpp:239:13
Info: Module Statistics
	payload values        :          2
	attribute values      :          0
Info: Properties for entry function "__intersection__patch_query"
	semantic type                :           INTERSECTION
	trace call(s)                :                      0
	continuation callable call(s):                      0
	basic block(s)               :                    168
	instruction(s)               :                   2072
Info: Properties for entry function "__anyhit__patch_query"
	semantic type                :                 ANYHIT
	trace call(s)                :                      0
	continuation callable call(s):                      0
	basic block(s)               :                     20
	instruction(s)               :                    126
Info: Properties for entry function "__miss__patch_query"
	semantic type                :                   MISS
	trace call(s)                :                      0
	continuation callable call(s):                      0
	basic block(s)               :                      1
	instruction(s)               :                      1
Info: Compiled Module Summary
	non-entry function(s):     0
	basic block(s)       :     0
	instruction(s)       :     0
Info: Module Statistics
	payload values        :          2
	attribute values      :          0
Info: Properties for entry function "__raygen__patch_query"
	semantic type                :                 RAYGEN
	trace call(s)                :                      1
	continuation callable call(s):                      0
	basic block(s)               :                     49
	instruction(s)               :                    465
Info: Compiled Module Summary
	non-entry function(s):     0
	basic block(s)       :     0
	instruction(s)       :     0

[query/link-memory] free_bytes=7436500992 total_bytes=8589410304
[OptiX][4][COMPILER] 
[OptiX][4][COMPILER] Function properties for __exception__default__0xe25951f3af4ef752
	register count                  :    29
	direct stack size (bytes)       :     0
	direct spills (bytes)           :     0
	continuation stack size (bytes) :     0
	continuation spills (bytes)     :     0

[OptiX][4][COMPILER] Info: Module Statistics
	payload values        :          0
	attribute values      :          0
Info: Properties for entry function "__exception__default"
	semantic type                :              EXCEPTION
	trace call(s)                :                      0
	continuation callable call(s):                      0
	basic block(s)               :                     52
	instruction(s)               :                    277
Info: Compiled Module Summary
	non-entry function(s):     0
	basic block(s)       :     0
	instruction(s)       :     0

[OptiX][4][COMPILER] Info: Pipeline statistics
	module(s)                            :     1
	entry function(s)                    :     4
	trace call(s)                        :     1
	continuation callable call(s)        :     0
	direct callable call(s)              :     0
	basic block(s) in entry functions    :   238
	instruction(s) in entry functions    :  2664
	non-entry function(s)                :     0
	basic block(s) in non-entry functions:     0
	instruction(s) in non-entry functions:     0
	debug information                    :    no

[optixPipelineCreate(patch query)]
Info: Pipeline statistics
	module(s)                            :     1
	entry function(s)                    :     4
	trace call(s)                        :     1
	continuation callable call(s)        :     0
	direct callable call(s)              :     0
	basic block(s) in entry functions    :   238
	instruction(s) in entry functions    :  2664
	non-entry function(s)                :     0
	basic block(s) in non-entry functions:     0
	instruction(s) in non-entry functions:     0
	debug information                    :    no

[stage] query pipeline created
[stage] create raindrop pipeline
[OptiX][4][COMPILER] Info: Pipeline parameter "raindrop_trace_params" size is 24 bytes
Warning: Program is doing double precision computations. No source location available. The input PTX may not contain debug information (nvcc option: -lineinfo), OptixModuleCompileOptions::debugLevel set to OPTIX_COMPILE_DEBUG_LEVEL_NONE, or no useful information is present for the current block.
Warning: Program is doing double precision computations. No source location available. The input PTX may not contain debug information (nvcc option: -lineinfo), OptixModuleCompileOptions::debugLevel set to OPTIX_COMPILE_DEBUG_LEVEL_NONE, or no useful information is present for the current block.
Warning: Program is doing double precision computations. No source location available. The input PTX may not contain debug information (nvcc option: -lineinfo), OptixModuleCompileOptions::debugLevel set to OPTIX_COMPILE_DEBUG_LEVEL_NONE, or no useful information is present for the current block.
Warning: Program is doing double precision computations. No source location available. The input PTX may not contain debug information (nvcc option: -lineinfo), OptixModuleCompileOptions::debugLevel set to OPTIX_COMPILE_DEBUG_LEVEL_NONE, or no useful information is present for the current block.
Warning: Program is doing double precision computations. No source location available. The input PTX may not contain debug information (nvcc option: -lineinfo), OptixModuleCompileOptions::debugLevel set to OPTIX_COMPILE_DEBUG_LEVEL_NONE, or no useful information is present for the current block.
Warning: Program is doing double precision computations. No source location available. The input PTX may not contain debug information (nvcc option: -lineinfo), OptixModuleCompileOptions::debugLevel set to OPTIX_COMPILE_DEBUG_LEVEL_NONE, or no useful information is present for the current block.
Warning: Program is doing double precision computations. No source location available. The input PTX may not contain debug information (nvcc option: -lineinfo), OptixModuleCompileOptions::debugLevel set to OPTIX_COMPILE_DEBUG_LEVEL_NONE, or no useful information is present for the current block.
Warning: Program is doing double precision computations. No source location available. The input PTX may not contain debug information (nvcc option: -lineinfo), OptixModuleCompileOptions::debugLevel set to OPTIX_COMPILE_DEBUG_LEVEL_NONE, or no useful information is present for the current block.
Warning: Program is doing double precision computations. No source location available. The input PTX may not contain debug information (nvcc option: -lineinfo), OptixModuleCompileOptions::debugLevel set to OPTIX_COMPILE_DEBUG_LEVEL_NONE, or no useful information is present for the current block.
Warning: Program is doing double precision computations. No source location available. The input PTX may not contain debug information (nvcc option: -lineinfo), OptixModuleCompileOptions::debugLevel set to OPTIX_COMPILE_DEBUG_LEVEL_NONE, or no useful information is present for the current block.
Warning: Program is doing double precision computations. No source location available. The input PTX may not contain debug information (nvcc option: -lineinfo), OptixModuleCompileOptions::debugLevel set to OPTIX_COMPILE_DEBUG_LEVEL_NONE, or no useful information is present for the current block.
Warning: Program is doing double precision computations. No source location available. The input PTX may not contain debug information (nvcc option: -lineinfo), OptixModuleCompileOptions::debugLevel set to OPTIX_COMPILE_DEBUG_LEVEL_NONE, or no useful information is present for the current block.
Warning: Program is doing double precision computations. No source location available. The input PTX may not contain debug information (nvcc option: -lineinfo), OptixModuleCompileOptions::debugLevel set to OPTIX_COMPILE_DEBUG_LEVEL_NONE, or no useful information is present for the current block.
Warning: Program is doing double precision computations. No source location available. The input PTX may not contain debug information (nvcc option: -lineinfo), OptixModuleCompileOptions::debugLevel set to OPTIX_COMPILE_DEBUG_LEVEL_NONE, or no useful information is present for the current block.
Warning: Program is doing double precision computations. No source location available. The input PTX may not contain debug information (nvcc option: -lineinfo), OptixModuleCompileOptions::debugLevel set to OPTIX_COMPILE_DEBUG_LEVEL_NONE, or no useful information is present for the current block.
Warning: Program is doing double precision computations. No source location available. The input PTX may not contain debug information (nvcc option: -lineinfo), OptixModuleCompileOptions::debugLevel set to OPTIX_COMPILE_DEBUG_LEVEL_NONE, or no useful information is present for the current block.
Warning: Program is doing double precision computations. No source location available. The input PTX may not contain debug information (nvcc option: -lineinfo), OptixModuleCompileOptions::debugLevel set to OPTIX_COMPILE_DEBUG_LEVEL_NONE, or no useful information is present for the current block.
Warning: Program is doing double precision computations. No source location available. The input PTX may not contain debug information (nvcc option: -lineinfo), OptixModuleCompileOptions::debugLevel set to OPTIX_COMPILE_DEBUG_LEVEL_NONE, or no useful information is present for the current block.
Warning: Program is doing double precision computations. No source location available. The input PTX may not contain debug information (nvcc option: -lineinfo), OptixModuleCompileOptions::debugLevel set to OPTIX_COMPILE_DEBUG_LEVEL_NONE, or no useful information is present for the current block.
Warning: Program is doing double precision computations. No source location available. The input PTX may not contain debug information (nvcc option: -lineinfo), OptixModuleCompileOptions::debugLevel set to OPTIX_COMPILE_DEBUG_LEVEL_NONE, or no useful information is present for the current block.
Warning: Program is doing double precision computations. No source location available. The input PTX may not contain debug information (nvcc option: -lineinfo), OptixModuleCompileOptions::debugLevel set to OPTIX_COMPILE_DEBUG_LEVEL_NONE, or no useful information is present for the current block.
Warning: Program is doing double precision computations. No source location available. The input PTX may not contain debug information (nvcc option: -lineinfo), OptixModuleCompileOptions::debugLevel set to OPTIX_COMPILE_DEBUG_LEVEL_NONE, or no useful information is present for the current block.
Warning: Program is doing double precision computations. No source location available. The input PTX may not contain debug information (nvcc option: -lineinfo), OptixModuleCompileOptions::debugLevel set to OPTIX_COMPILE_DEBUG_LEVEL_NONE, or no useful information is present for the current block.
Warning: Program is doing double precision computations. No source location available. The input PTX may not contain debug information (nvcc option: -lineinfo), OptixModuleCompileOptions::debugLevel set to OPTIX_COMPILE_DEBUG_LEVEL_NONE, or no useful information is present for the current block.
Warning: Program is doing double precision computations. No source location available. The input PTX may not contain debug information (nvcc option: -lineinfo), OptixModuleCompileOptions::debugLevel set to OPTIX_COMPILE_DEBUG_LEVEL_NONE, or no useful information is present for the current block.
Warning: Program is doing double precision computations. No source location available. The input PTX may not contain debug information (nvcc option: -lineinfo), OptixModuleCompileOptions::debugLevel set to OPTIX_COMPILE_DEBUG_LEVEL_NONE, or no useful information is present for the current block.
Warning: Program is doing double precision computations. No source location available. The input PTX may not contain debug information (nvcc option: -lineinfo), OptixModuleCompileOptions::debugLevel set to OPTIX_COMPILE_DEBUG_LEVEL_NONE, or no useful information is present for the current block.
Warning: Program is doing double precision computations. No source location available. The input PTX may not contain debug information (nvcc option: -lineinfo), OptixModuleCompileOptions::debugLevel set to OPTIX_COMPILE_DEBUG_LEVEL_NONE, or no useful information is present for the current block.
Warning: Program is doing double precision computations. No source location available. The input PTX may not contain debug information (nvcc option: -lineinfo), OptixModuleCompileOptions::debugLevel set to OPTIX_COMPILE_DEBUG_LEVEL_NONE, or no useful information is present for the current block.
Warning: Program is doing double precision computations. No source location available. The input PTX may not contain debug information (nvcc option: -lineinfo), OptixModuleCompileOptions::debugLevel set to OPTIX_COMPILE_DEBUG_LEVEL_NONE, or no useful information is present for the current block.
Warning: Program is doing double precision computations. No source location available. The input PTX may not contain debug information (nvcc option: -lineinfo), OptixModuleCompileOptions::debugLevel set to OPTIX_COMPILE_DEBUG_LEVEL_NONE, or no useful information is present for the current block.
Warning: Program is doing double precision computations. No source location available. The input PTX may not contain debug information (nvcc option: -lineinfo), OptixModuleCompileOptions::debugLevel set to OPTIX_COMPILE_DEBUG_LEVEL_NONE, or no useful information is present for the current block.
Warning: Program is doing double precision computations. No source location available. The input PTX may not contain debug information (nvcc option: -lineinfo), OptixModuleCompileOptions::debugLevel set to OPTIX_COMPILE_DEBUG_LEVEL_NONE, or no useful information is present for the current block.
Warning: Program is doing double precision computations. No source location available. The input PTX may not contain debug information (nvcc option: -lineinfo), OptixModuleCompileOptions::debugLevel set to OPTIX_COMPILE_DEBUG_LEVEL_NONE, or no useful information is present for the current block.
Warning: Program is doing double precision computations. No source location available. The input PTX may not contain debug information (nvcc option: -lineinfo), OptixModuleCompileOptions::debugLevel set to OPTIX_COMPILE_DEBUG_LEVEL_NONE, or no useful information is present for the current block.
Warning: Program is doing double precision computations. No source location available. The input PTX may not contain debug information (nvcc option: -lineinfo), OptixModuleCompileOptions::debugLevel set to OPTIX_COMPILE_DEBUG_LEVEL_NONE, or no useful information is present for the current block.
Warning: Program is doing double precision computations. No source location available. The input PTX may not contain debug information (nvcc option: -lineinfo), OptixModuleCompileOptions::debugLevel set to OPTIX_COMPILE_DEBUG_LEVEL_NONE, or no useful information is present for the current block.
Warning: Program is doing double precision computations. No source location available. The input PTX may not contain debug information (nvcc option: -lineinfo), OptixModuleCompileOptions::debugLevel set to OPTIX_COMPILE_DEBUG_LEVEL_NONE, or no useful information is present for the current block.
Warning: Program is doing double precision computations. No source location available. The input PTX may not contain debug information (nvcc option: -lineinfo), OptixModuleCompileOptions::debugLevel set to OPTIX_COMPILE_DEBUG_LEVEL_NONE, or no useful information is present for the current block.
Warning: Program is doing double precision computations. No source location available. The input PTX may not contain debug information (nvcc option: -lineinfo), OptixModuleCompileOptions::debugLevel set to OPTIX_COMPILE_DEBUG_LEVEL_NONE, or no useful information is present for the current block.
Warning: Program is doing double precision computations. No source location available. The input PTX may not contain debug information (nvcc option: -lineinfo), OptixModuleCompileOptions::debugLevel set to OPTIX_COMPILE_DEBUG_LEVEL_NONE, or no useful information is present for the current block.
Warning: Program is doing double precision computations. No source location available. The input PTX may not contain debug information (nvcc option: -lineinfo), OptixModuleCompileOptions::debugLevel set to OPTIX_COMPILE_DEBUG_LEVEL_NONE, or no useful information is present for the current block.
Warning: Program is doing double precision computations. No source location available. The input PTX may not contain debug information (nvcc option: -lineinfo), OptixModuleCompileOptions::debugLevel set to OPTIX_COMPILE_DEBUG_LEVEL_NONE, or no useful information is present for the current block.
Warning: Program is doing double precision computations. No source location available. The input PTX may not contain debug information (nvcc option: -lineinfo), OptixModuleCompileOptions::debugLevel set to OPTIX_COMPILE_DEBUG_LEVEL_NONE, or no useful information is present for the current block.
Warning: Program is doing double precision computations. No source location available. The input PTX may not contain debug information (nvcc option: -lineinfo), OptixModuleCompileOptions::debugLevel set to OPTIX_COMPILE_DEBUG_LEVEL_NONE, or no useful information is present for the current block.
Warning: Program is doing double precision computations. No source location available. The input PTX may not contain debug information (nvcc option: -lineinfo), OptixModuleCompileOptions::debugLevel set to OPTIX_COMPILE_DEBUG_LEVEL_NONE, or no useful information is present for the current block.
Warning: Program is doing double precision computations. No source location available. The input PTX may not contain debug information (nvcc option: -lineinfo), OptixModuleCompileOptions::debugLevel set to OPTIX_COMPILE_DEBUG_LEVEL_NONE, or no useful information is present for the current block.
Warning: Program is doing double precision computations. No source location available. The input PTX may not contain debug information (nvcc option: -lineinfo), OptixModuleCompileOptions::debugLevel set to OPTIX_COMPILE_DEBUG_LEVEL_NONE, or no useful information is present for the current block.
Warning: Program is doing double precision computations. No source location available. The input PTX may not contain debug information (nvcc option: -lineinfo), OptixModuleCompileOptions::debugLevel set to OPTIX_COMPILE_DEBUG_LEVEL_NONE, or no useful information is present for the current block.
Warning: Program is doing double precision computations. No source location available. The input PTX may not contain debug information (nvcc option: -lineinfo), OptixModuleCompileOptions::debugLevel set to OPTIX_COMPILE_DEBUG_LEVEL_NONE, or no useful information is present for the current block.
Warning: Program is doing double precision computations. No source location available. The input PTX may not contain debug information (nvcc option: -lineinfo), OptixModuleCompileOptions::debugLevel set to OPTIX_COMPILE_DEBUG_LEVEL_NONE, or no useful information is present for the current block.
Warning: Program is doing double precision computations. No source location available. The input PTX may not contain debug information (nvcc option: -lineinfo), OptixModuleCompileOptions::debugLevel set to OPTIX_COMPILE_DEBUG_LEVEL_NONE, or no useful information is present for the current block.
Warning: Program is doing double precision computations. No source location available. The input PTX may not contain debug information (nvcc option: -lineinfo), OptixModuleCompileOptions::debugLevel set to OPTIX_COMPILE_DEBUG_LEVEL_NONE, or no useful information is present for the current block.
Warning: Program is doing double precision computations. No source location available. The input PTX may not contain debug information (nvcc option: -lineinfo), OptixModuleCompileOptions::debugLevel set to OPTIX_COMPILE_DEBUG_LEVEL_NONE, or no useful information is present for the current block.
Warning: Program is doing double precision computations. No source location available. The input PTX may not contain debug information (nvcc option: -lineinfo), OptixModuleCompileOptions::debugLevel set to OPTIX_COMPILE_DEBUG_LEVEL_NONE, or no useful information is present for the current block.
Warning: Program is doing double precision computations. No source location available. The input PTX may not contain debug information (nvcc option: -lineinfo), OptixModuleCompileOptions::debugLevel set to OPTIX_COMPILE_DEBUG_LEVEL_NONE, or no useful information is present for the current block.
Warning: Program is doing double precision computations. No source location available. The input PTX may not contain debug information (nvcc option: -lineinfo), OptixModuleCompileOptions::debugLevel set to OPTIX_COMPILE_DEBUG_LEVEL_NONE, or no useful information is present for the current block.
Warning: Program is doing double precision computations. No source location available. The input PTX may not contain debug information (nvcc option: -lineinfo), OptixModuleCompileOptions::debugLevel set to OPTIX_COMPILE_DEBUG_LEVEL_NONE, or no useful information is present for the current block.
Warning: Program is doing double precision computations. No source location available. The input PTX may not contain debug information (nvcc option: -lineinfo), OptixModuleCompileOptions::debugLevel set to OPTIX_COMPILE_DEBUG_LEVEL_NONE, or no useful information is present for the current block.
Warning: Program is doing double precision computations. No source location available. The input PTX may not contain debug information (nvcc option: -lineinfo), OptixModuleCompileOptions::debugLevel set to OPTIX_COMPILE_DEBUG_LEVEL_NONE, or no useful information is present for the current block.
Warning: Program is doing double precision computations. No source location available. The input PTX may not contain debug information (nvcc option: -lineinfo), OptixModuleCompileOptions::debugLevel set to OPTIX_COMPILE_DEBUG_LEVEL_NONE, or no useful information is present for the current block.
Warning: Program is doing double precision computations. No source location available. The input PTX may not contain debug information (nvcc option: -lineinfo), OptixModuleCompileOptions::debugLevel set to OPTIX_COMPILE_DEBUG_LEVEL_NONE, or no useful information is present for the current block.
Warning: Program is doing double precision computations. No source location available. The input PTX may not contain debug information (nvcc option: -lineinfo), OptixModuleCompileOptions::debugLevel set to OPTIX_COMPILE_DEBUG_LEVEL_NONE, or no useful information is present for the current block.
Warning: Program is doing double precision computations. No source location available. The input PTX may not contain debug information (nvcc option: -lineinfo), OptixModuleCompileOptions::debugLevel set to OPTIX_COMPILE_DEBUG_LEVEL_NONE, or no useful information is present for the current block.
Warning: Program is doing double precision computations. No source location available. The input PTX may not contain debug information (nvcc option: -lineinfo), OptixModuleCompileOptions::debugLevel set to OPTIX_COMPILE_DEBUG_LEVEL_NONE, or no useful information is present for the current block.
Warning: Program is doing double precision computations. No source location available. The input PTX may not contain debug information (nvcc option: -lineinfo), OptixModuleCompileOptions::debugLevel set to OPTIX_COMPILE_DEBUG_LEVEL_NONE, or no useful information is present for the current block.
Warning: Program is doing double precision computations. No source location available. The input PTX may not contain debug information (nvcc option: -lineinfo), OptixModuleCompileOptions::debugLevel set to OPTIX_COMPILE_DEBUG_LEVEL_NONE, or no useful information is present for the current block.
Warning: Program is doing double precision computations. No source location available. The input PTX may not contain debug information (nvcc option: -lineinfo), OptixModuleCompileOptions::debugLevel set to OPTIX_COMPILE_DEBUG_LEVEL_NONE, or no useful information is present for the current block.
Warning: Program is doing double precision computations. No source location available. The input PTX may not contain debug information (nvcc option: -lineinfo), OptixModuleCompileOptions::debugLevel set to OPTIX_COMPILE_DEBUG_LEVEL_NONE, or no useful information is present for the current block.
Warning: Program is doing double precision computations. No source location available. The input PTX may not contain debug information (nvcc option: -lineinfo), OptixModuleCompileOptions::debugLevel set to OPTIX_COMPILE_DEBUG_LEVEL_NONE, or no useful information is present for the current block.
Warning: Program is doing double precision computations. No source location available. The input PTX may not contain debug information (nvcc option: -lineinfo), OptixModuleCompileOptions::debugLevel set to OPTIX_COMPILE_DEBUG_LEVEL_NONE, or no useful information is present for the current block.
Warning: Program is doing double precision computations. No source location available. The input PTX may not contain debug information (nvcc option: -lineinfo), OptixModuleCompileOptions::debugLevel set to OPTIX_COMPILE_DEBUG_LEVEL_NONE, or no useful information is present for the current block.
Warning: Program is doing double precision computations. No source location available. The input PTX may not contain debug information (nvcc option: -lineinfo), OptixModuleCompileOptions::debugLevel set to OPTIX_COMPILE_DEBUG_LEVEL_NONE, or no useful information is present for the current block.
Warning: Program is doing double precision computations. No source location available. The input PTX may not contain debug information (nvcc option: -lineinfo), OptixModuleCompileOptions::debugLevel set to OPTIX_COMPILE_DEBUG_LEVEL_NONE, or no useful information is present for the current block.
Warning: Program is doing double precision computations. No source location available. The input PTX may not contain debug information (nvcc option: -lineinfo), OptixModuleCompileOptions::debugLevel set to OPTIX_COMPILE_DEBUG_LEVEL_NONE, or no useful information is present for the current block.
Warning: Program is doing double precision computations. No source location available. The input PTX may not contain debug information (nvcc option: -lineinfo), OptixModuleCompileOptions::debugLevel set to OPTIX_COMPILE_DEBUG_LEVEL_NONE, or no useful information is present for the current block.
Warning: Program is doing double precision computations. No source location available. The input PTX may not contain debug information (nvcc option: -lineinfo), OptixModuleCompileOptions::debugLevel set to OPTIX_COMPILE_DEBUG_LEVEL_NONE, or no useful information is present for the current block.
Warning: Program is doing double precision computations. No source location available. The input PTX may not contain debug information (nvcc option: -lineinfo), OptixModuleCompileOptions::debugLevel set to OPTIX_COMPILE_DEBUG_LEVEL_NONE, or no useful information is present for the current block.
Warning: Program is doing double precision computations. No source location available. The input PTX may not contain debug information (nvcc option: -lineinfo), OptixModuleCompileOptions::debugLevel set to OPTIX_COMPILE_DEBUG_LEVEL_NONE, or no useful information is present for the current block.
Warning: Program is doing double precision computations. No source location available. The input PTX may not contain debug information (nvcc option: -lineinfo), OptixModuleCompileOptions::debugLevel set to OPTIX_COMPILE_DEBUG_LEVEL_NONE, or no useful information is present for the current block.
Warning: Program is doing double precision computations. No source location available. The input PTX may not contain debug information (nvcc option: -lineinfo), OptixModuleCompileOptions::debugLevel set to OPTIX_COMPILE_DEBUG_LEVEL_NONE, or no useful information is present for the current block.
Warning: Program is doing double precision computations. No source location available. The input PTX may not contain debug information (nvcc option: -lineinfo), OptixModuleCompileOptions::debugLevel set to OPTIX_COMPILE_DEBUG_LEVEL_NONE, or no useful information is present for the current block.
Warning: Program is doing double precision computations. No source location available. The input PTX may not contain debug information (nvcc option: -lineinfo), OptixModuleCompileOptions::debugLevel set to OPTIX_COMPILE_DEBUG_LEVEL_NONE, or no useful information is present for the current block.
Warning: Program is doing double precision computations. No source location available. The input PTX may not contain debug information (nvcc option: -lineinfo), OptixModuleCompileOptions::debugLevel set to OPTIX_COMPILE_DEBUG_LEVEL_NONE, or no useful information is present for the current block.
Warning: Program is doing double precision computations. No source location available. The input PTX may not contain debug information (nvcc option: -lineinfo), OptixModuleCompileOptions::debugLevel set to OPTIX_COMPILE_DEBUG_LEVEL_NONE, or no useful information is present for the current block.
Warning: Program is doing double precision computations. No source location available. The input PTX may not contain debug information (nvcc option: -lineinfo), OptixModuleCompileOptions::debugLevel set to OPTIX_COMPILE_DEBUG_LEVEL_NONE, or no useful information is present for the current block.
Warning: Program is doing double precision computations. No source location available. The input PTX may not contain debug information (nvcc option: -lineinfo), OptixModuleCompileOptions::debugLevel set to OPTIX_COMPILE_DEBUG_LEVEL_NONE, or no useful information is present for the current block.
Warning: Program is doing double precision computations. No source location available. The input PTX may not contain debug information (nvcc option: -lineinfo), OptixModuleCompileOptions::debugLevel set to OPTIX_COMPILE_DEBUG_LEVEL_NONE, or no useful information is present for the current block.
Warning: Program is doing double precision computations. No source location available. The input PTX may not contain debug information (nvcc option: -lineinfo), OptixModuleCompileOptions::debugLevel set to OPTIX_COMPILE_DEBUG_LEVEL_NONE, or no useful information is present for the current block.
Warning: Program is doing double precision computations. No source location available. The input PTX may not contain debug information (nvcc option: -lineinfo), OptixModuleCompileOptions::debugLevel set to OPTIX_COMPILE_DEBUG_LEVEL_NONE, or no useful information is present for the current block.
Warning: Program is doing double precision computations. No source location available. The input PTX may not contain debug information (nvcc option: -lineinfo), OptixModuleCompileOptions::debugLevel set to OPTIX_COMPILE_DEBUG_LEVEL_NONE, or no useful information is present for the current block.
Warning: Program is doing double precision computations. No source location available. The input PTX may not contain debug information (nvcc option: -lineinfo), OptixModuleCompileOptions::debugLevel set to OPTIX_COMPILE_DEBUG_LEVEL_NONE, or no useful information is present for the current block.
Warning: Program is doing double precision computations. No source location available. The input PTX may not contain debug information (nvcc option: -lineinfo), OptixModuleCompileOptions::debugLevel set to OPTIX_COMPILE_DEBUG_LEVEL_NONE, or no useful information is present for the current block.
Warning: Program is doing double precision computations. No source location available. The input PTX may not contain debug information (nvcc option: -lineinfo), OptixModuleCompileOptions::debugLevel set to OPTIX_COMPILE_DEBUG_LEVEL_NONE, or no useful information is present for the current block.
Warning: Program is doing double precision computations. No source location available. The input PTX may not contain debug information (nvcc option: -lineinfo), OptixModuleCompileOptions::debugLevel set to OPTIX_COMPILE_DEBUG_LEVEL_NONE, or no useful information is present for the current block.
Warning: Program is doing double precision computations. No source location available. The input PTX may not contain debug information (nvcc option: -lineinfo), OptixModuleCompileOptions::debugLevel set to OPTIX_COMPILE_DEBUG_LEVEL_NONE, or no useful information is present for the current block.
Warning: Program is doing double precision computations. No source location available. The input PTX may not contain debug information (nvcc option: -lineinfo), OptixModuleCompileOptions::debugLevel set to OPTIX_COMPILE_DEBUG_LEVEL_NONE, or no useful information is present for the current block.
Warning: Program is doing double precision computations. No source location available. The input PTX may not contain debug information (nvcc option: -lineinfo), OptixModuleCompileOptions::debugLevel set to OPTIX_COMPILE_DEBUG_LEVEL_NONE, or no useful information is present for the current block.
Warning: Program is doing double precision computations. No source location available. The input PTX may not contain debug information (nvcc option: -lineinfo), OptixModuleCompileOptions::debugLevel set to OPTIX_COMPILE_DEBUG_LEVEL_NONE, or no useful information is present for the current block.
Warning: Program is doing double precision computations. No source location available. The input PTX may not contain debug information (nvcc option: -lineinfo), OptixModuleCompileOptions::debugLevel set to OPTIX_COMPILE_DEBUG_LEVEL_NONE, or no useful information is present for the current block.
Warning: Program is doing double precision computations. No source location available. The input PTX may not contain debug information (nvcc option: -lineinfo), OptixModuleCompileOptions::debugLevel set to OPTIX_COMPILE_DEBUG_LEVEL_NONE, or no useful information is present for the current block.
Warning: Program is doing double precision computations. No source location available. The input PTX may not contain debug information (nvcc option: -lineinfo), OptixModuleCompileOptions::debugLevel set to OPTIX_COMPILE_DEBUG_LEVEL_NONE, or no useful information is present for the current block.
Warning: Program is doing double precision computations. No source location available. The input PTX may not contain debug information (nvcc option: -lineinfo), OptixModuleCompileOptions::debugLevel set to OPTIX_COMPILE_DEBUG_LEVEL_NONE, or no useful information is present for the current block.
Warning: Program is doing double precision computations. No source location available. The input PTX may not contain debug information (nvcc option: -lineinfo), OptixModuleCompileOptions::debugLevel set to OPTIX_COMPILE_DEBUG_LEVEL_NONE, or no useful information is present for the current block.
Warning: Program is doing double precision computations. No source location available. The input PTX may not contain debug information (nvcc option: -lineinfo), OptixModuleCompileOptions::debugLevel set to OPTIX_COMPILE_DEBUG_LEVEL_NONE, or no useful information is present for the current block.
Warning: Program is doing double precision computations. No source location available. The input PTX may not contain debug information (nvcc option: -lineinfo), OptixModuleCompileOptions::debugLevel set to OPTIX_COMPILE_DEBUG_LEVEL_NONE, or no useful information is present for the current block.
Warning: Program is doing double precision computations. No source location available. The input PTX may not contain debug information (nvcc option: -lineinfo), OptixModuleCompileOptions::debugLevel set to OPTIX_COMPILE_DEBUG_LEVEL_NONE, or no useful information is present for the current block.
Warning: Program is doing double precision computations. No source location available. The input PTX may not contain debug information (nvcc option: -lineinfo), OptixModuleCompileOptions::debugLevel set to OPTIX_COMPILE_DEBUG_LEVEL_NONE, or no useful information is present for the current block.
Warning: Program is doing double precision computations. No source location available. The input PTX may not contain debug information (nvcc option: -lineinfo), OptixModuleCompileOptions::debugLevel set to OPTIX_COMPILE_DEBUG_LEVEL_NONE, or no useful information is present for the current block.
Warning: Program is doing double precision computations. No source location available. The input PTX may not contain debug information (nvcc option: -lineinfo), OptixModuleCompileOptions::debugLevel set to OPTIX_COMPILE_DEBUG_LEVEL_NONE, or no useful information is present for the current block.
Warning: Program is doing double precision computations. No source location available. The input PTX may not contain debug information (nvcc option: -lineinfo), OptixModuleCompileOptions::debugLevel set to OPTIX_COMPILE_DEBUG_LEVEL_NONE, or no useful information is present for the current block.
Warning: Program is doing double precision computations. No source location available. The input PTX may not contain debug information (nvcc option: -lineinfo), OptixModuleCompileOptions::debugLevel set to OPTIX_COMPILE_DEBUG_LEVEL_NONE, or no useful information is present for the current block.
Warning: Program is doing double precision computations. No source location available. The input PTX may not contain debug information (nvcc option: -lineinfo), OptixModuleCompileOptions::debugLevel set to OPTIX_COMPILE_DEBUG_LEVEL_NONE, or no useful information is present for the current block.
Warning: Program is doing double precision computations. No source location available. The input PTX may not contain debug information (nvcc option: -lineinfo), OptixModuleCompileOptions::debugLevel set to OPTIX_COMPILE_DEBUG_LEVEL_NONE, or no useful information is present for the current block.
Warning: Program is doing double precision computations. No source location available. The input PTX may not contain debug information (nvcc option: -lineinfo), OptixModuleCompileOptions::debugLevel set to OPTIX_COMPILE_DEBUG_LEVEL_NONE, or no useful information is present for the current block.
Warning: Program is doing double precision computations. No source location available. The input PTX may not contain debug information (nvcc option: -lineinfo), OptixModuleCompileOptions::debugLevel set to OPTIX_COMPILE_DEBUG_LEVEL_NONE, or no useful information is present for the current block.
Warning: Program is doing double precision computations. No source location available. The input PTX may not contain debug information (nvcc option: -lineinfo), OptixModuleCompileOptions::debugLevel set to OPTIX_COMPILE_DEBUG_LEVEL_NONE, or no useful information is present for the current block.
Warning: Program is doing double precision computations. No source location available. The input PTX may not contain debug information (nvcc option: -lineinfo), OptixModuleCompileOptions::debugLevel set to OPTIX_COMPILE_DEBUG_LEVEL_NONE, or no useful information is present for the current block.
Warning: Program is doing double precision computations. No source location available. The input PTX may not contain debug information (nvcc option: -lineinfo), OptixModuleCompileOptions::debugLevel set to OPTIX_COMPILE_DEBUG_LEVEL_NONE, or no useful information is present for the current block.
Warning: Program is doing double precision computations. No source location available. The input PTX may not contain debug information (nvcc option: -lineinfo), OptixModuleCompileOptions::debugLevel set to OPTIX_COMPILE_DEBUG_LEVEL_NONE, or no useful information is present for the current block.
Warning: Program is doing double precision computations. No source location available. The input PTX may not contain debug information (nvcc option: -lineinfo), OptixModuleCompileOptions::debugLevel set to OPTIX_COMPILE_DEBUG_LEVEL_NONE, or no useful information is present for the current block.
Warning: Program is doing double precision computations. No source location available. The input PTX may not contain debug information (nvcc option: -lineinfo), OptixModuleCompileOptions::debugLevel set to OPTIX_COMPILE_DEBUG_LEVEL_NONE, or no useful information is present for the current block.
Warning: Program is doing double precision computations. No source location available. The input PTX may not contain debug information (nvcc option: -lineinfo), OptixModuleCompileOptions::debugLevel set to OPTIX_COMPILE_DEBUG_LEVEL_NONE, or no useful information is present for the current block.
Warning: Program is doing double precision computations. No source location available. The input PTX may not contain debug information (nvcc option: -lineinfo), OptixModuleCompileOptions::debugLevel set to OPTIX_COMPILE_DEBUG_LEVEL_NONE, or no useful information is present for the current block.
Warning: Program is doing double precision computations. No source location available. The input PTX may not contain debug information (nvcc option: -lineinfo), OptixModuleCompileOptions::debugLevel set to OPTIX_COMPILE_DEBUG_LEVEL_NONE, or no useful information is present for the current block.
Warning: Program is doing double precision computations. No source location available. The input PTX may not contain debug information (nvcc option: -lineinfo), OptixModuleCompileOptions::debugLevel set to OPTIX_COMPILE_DEBUG_LEVEL_NONE, or no useful information is present for the current block.
Warning: Program is doing double precision computations. No source location available. The input PTX may not contain debug information (nvcc option: -lineinfo), OptixModuleCompileOptions::debugLevel set to OPTIX_COMPILE_DEBUG_LEVEL_NONE, or no useful information is present for the current block.
Warning: Program is doing double precision computations. No source location available. The input PTX may not contain debug information (nvcc option: -lineinfo), OptixModuleCompileOptions::debugLevel set to OPTIX_COMPILE_DEBUG_LEVEL_NONE, or no useful information is present for the current block.
Warning: Program is doing double precision computations. No source location available. The input PTX may not contain debug information (nvcc option: -lineinfo), OptixModuleCompileOptions::debugLevel set to OPTIX_COMPILE_DEBUG_LEVEL_NONE, or no useful information is present for the current block.
Warning: Program is doing double precision computations. No source location available. The input PTX may not contain debug information (nvcc option: -lineinfo), OptixModuleCompileOptions::debugLevel set to OPTIX_COMPILE_DEBUG_LEVEL_NONE, or no useful information is present for the current block.
Warning: Program is doing double precision computations. No source location available. The input PTX may not contain debug information (nvcc option: -lineinfo), OptixModuleCompileOptions::debugLevel set to OPTIX_COMPILE_DEBUG_LEVEL_NONE, or no useful information is present for the current block.
Warning: Program is doing double precision computations. No source location available. The input PTX may not contain debug information (nvcc option: -lineinfo), OptixModuleCompileOptions::debugLevel set to OPTIX_COMPILE_DEBUG_LEVEL_NONE, or no useful information is present for the current block.
Warning: Program is doing double precision computations. No source location available. The input PTX may not contain debug information (nvcc option: -lineinfo), OptixModuleCompileOptions::debugLevel set to OPTIX_COMPILE_DEBUG_LEVEL_NONE, or no useful information is present for the current block.
Warning: Program is doing double precision computations. No source location available. The input PTX may not contain debug information (nvcc option: -lineinfo), OptixModuleCompileOptions::debugLevel set to OPTIX_COMPILE_DEBUG_LEVEL_NONE, or no useful information is present for the current block.
Warning: Program is doing double precision computations. No source location available. The input PTX may not contain debug information (nvcc option: -lineinfo), OptixModuleCompileOptions::debugLevel set to OPTIX_COMPILE_DEBUG_LEVEL_NONE, or no useful information is present for the current block.
Warning: Program is doing double precision computations. No source location available. The input PTX may not contain debug information (nvcc option: -lineinfo), OptixModuleCompileOptions::debugLevel set to OPTIX_COMPILE_DEBUG_LEVEL_NONE, or no useful information is present for the current block.
Warning: Program is doing double precision computations. No source location available. The input PTX may not contain debug information (nvcc option: -lineinfo), OptixModuleCompileOptions::debugLevel set to OPTIX_COMPILE_DEBUG_LEVEL_NONE, or no useful information is present for the current block.
Warning: Program is doing double precision computations. No source location available. The input PTX may not contain debug information (nvcc option: -lineinfo), OptixModuleCompileOptions::debugLevel set to OPTIX_COMPILE_DEBUG_LEVEL_NONE, or no useful information is present for the current block.
Warning: Program is doing double precision computations. No source location available. The input PTX may not contain debug information (nvcc option: -lineinfo), OptixModuleCompileOptions::debugLevel set to OPTIX_COMPILE_DEBUG_LEVEL_NONE, or no useful information is present for the current block.
Warning: Program is doing double precision computations. No source location available. The input PTX may not contain debug information (nvcc option: -lineinfo), OptixModuleCompileOptions::debugLevel set to OPTIX_COMPILE_DEBUG_LEVEL_NONE, or no useful information is present for the current block.
Warning: Program is doing double precision computations. No source location available. The input PTX may not contain debug information (nvcc option: -lineinfo), OptixModuleCompileOptions::debugLevel set to OPTIX_COMPILE_DEBUG_LEVEL_NONE, or no useful information is present for the current block.
Warning: Program is doing double precision computations. No source location available. The input PTX may not contain debug information (nvcc option: -lineinfo), OptixModuleCompileOptions::debugLevel set to OPTIX_COMPILE_DEBUG_LEVEL_NONE, or no useful information is present for the current block.
Warning: Program is doing double precision computations. No source location available. The input PTX may not contain debug information (nvcc option: -lineinfo), OptixModuleCompileOptions::debugLevel set to OPTIX_COMPILE_DEBUG_LEVEL_NONE, or no useful information is present for the current block.
Warning: Program is doing double precision computations. No source location available. The input PTX may not contain debug information (nvcc option: -lineinfo), OptixModuleCompileOptions::debugLevel set to OPTIX_COMPILE_DEBUG_LEVEL_NONE, or no useful information is present for the current block.
Warning: Program is doing double precision computations. No source location available. The input PTX may not contain debug information (nvcc option: -lineinfo), OptixModuleCompileOptions::debugLevel set to OPTIX_COMPILE_DEBUG_LEVEL_NONE, or no useful information is present for the current block.
Warning: Program is doing double precision computations. No source location available. The input PTX may not contain debug information (nvcc option: -lineinfo), OptixModuleCompileOptions::debugLevel set to OPTIX_COMPILE_DEBUG_LEVEL_NONE, or no useful information is present for the current block.
Warning: Program is doing double precision computations. No source location available. The input PTX may not contain debug information (nvcc option: -lineinfo), OptixModuleCompileOptions::debugLevel set to OPTIX_COMPILE_DEBUG_LEVEL_NONE, or no useful information is present for the current block.
Warning: Program is doing double precision computations. No source location available. The input PTX may not contain debug information (nvcc option: -lineinfo), OptixModuleCompileOptions::debugLevel set to OPTIX_COMPILE_DEBUG_LEVEL_NONE, or no useful information is present for the current block.
Warning: Program is doing double precision computations. No source location available. The input PTX may not contain debug information (nvcc option: -lineinfo), OptixModuleCompileOptions::debugLevel set to OPTIX_COMPILE_DEBUG_LEVEL_NONE, or no useful information is present for the current block.
Warning: Program is doing double precision computations. No source location available. The input PTX may not contain debug information (nvcc option: -lineinfo), OptixModuleCompileOptions::debugLevel set to OPTIX_COMPILE_DEBUG_LEVEL_NONE, or no useful information is present for the current block.
Warning: Program is doing double precision computations. No source location available. The input PTX may not contain debug information (nvcc option: -lineinfo), OptixModuleCompileOptions::debugLevel set to OPTIX_COMPILE_DEBUG_LEVEL_NONE, or no useful information is present for the current block.
Warning: Program is doing double precision computations. No source location available. The input PTX may not contain debug information (nvcc option: -lineinfo), OptixModuleCompileOptions::debugLevel set to OPTIX_COMPILE_DEBUG_LEVEL_NONE, or no useful information is present for the current block.
Warning: Program is doing double precision computations. No source location available. The input PTX may not contain debug information (nvcc option: -lineinfo), OptixModuleCompileOptions::debugLevel set to OPTIX_COMPILE_DEBUG_LEVEL_NONE, or no useful information is present for the current block.
Warning: Program is doing double precision computations. No source location available. The input PTX may not contain debug information (nvcc option: -lineinfo), OptixModuleCompileOptions::debugLevel set to OPTIX_COMPILE_DEBUG_LEVEL_NONE, or no useful information is present for the current block.
Warning: Program is doing double precision computations. No source location available. The input PTX may not contain debug information (nvcc option: -lineinfo), OptixModuleCompileOptions::debugLevel set to OPTIX_COMPILE_DEBUG_LEVEL_NONE, or no useful information is present for the current block.
Warning: Program is doing double precision computations. No source location available. The input PTX may not contain debug information (nvcc option: -lineinfo), OptixModuleCompileOptions::debugLevel set to OPTIX_COMPILE_DEBUG_LEVEL_NONE, or no useful information is present for the current block.
Warning: Program is doing double precision computations. No source location available. The input PTX may not contain debug information (nvcc option: -lineinfo), OptixModuleCompileOptions::debugLevel set to OPTIX_COMPILE_DEBUG_LEVEL_NONE, or no useful information is present for the current block.
Warning: Program is doing double precision computations. No source location available. The input PTX may not contain debug information (nvcc option: -lineinfo), OptixModuleCompileOptions::debugLevel set to OPTIX_COMPILE_DEBUG_LEVEL_NONE, or no useful information is present for the current block.
Warning: Program is doing double precision computations. No source location available. The input PTX may not contain debug information (nvcc option: -lineinfo), OptixModuleCompileOptions::debugLevel set to OPTIX_COMPILE_DEBUG_LEVEL_NONE, or no useful information is present for the current block.
Warning: Program is doing double precision computations. No source location available. The input PTX may not contain debug information (nvcc option: -lineinfo), OptixModuleCompileOptions::debugLevel set to OPTIX_COMPILE_DEBUG_LEVEL_NONE, or no useful information is present for the current block.
Warning: Program is doing double precision computations. No source location available. The input PTX may not contain debug information (nvcc option: -lineinfo), OptixModuleCompileOptions::debugLevel set to OPTIX_COMPILE_DEBUG_LEVEL_NONE, or no useful information is present for the current block.
Warning: Program is doing double precision computations. No source location available. The input PTX may not contain debug information (nvcc option: -lineinfo), OptixModuleCompileOptions::debugLevel set to OPTIX_COMPILE_DEBUG_LEVEL_NONE, or no useful information is present for the current block.
Warning: Program is doing double precision computations. No source location available. The input PTX may not contain debug information (nvcc option: -lineinfo), OptixModuleCompileOptions::debugLevel set to OPTIX_COMPILE_DEBUG_LEVEL_NONE, or no useful information is present for the current block.
Warning: Program is doing double precision computations. No source location available. The input PTX may not contain debug information (nvcc option: -lineinfo), OptixModuleCompileOptions::debugLevel set to OPTIX_COMPILE_DEBUG_LEVEL_NONE, or no useful information is present for the current block.
Warning: Program is doing double precision computations. No source location available. The input PTX may not contain debug information (nvcc option: -lineinfo), OptixModuleCompileOptions::debugLevel set to OPTIX_COMPILE_DEBUG_LEVEL_NONE, or no useful information is present for the current block.
Warning: Program is doing double precision computations. No source location available. The input PTX may not contain debug information (nvcc option: -lineinfo), OptixModuleCompileOptions::debugLevel set to OPTIX_COMPILE_DEBUG_LEVEL_NONE, or no useful information is present for the current block.
Warning: Program is doing double precision computations. No source location available. The input PTX may not contain debug information (nvcc option: -lineinfo), OptixModuleCompileOptions::debugLevel set to OPTIX_COMPILE_DEBUG_LEVEL_NONE, or no useful information is present for the current block.
Warning: Program is doing double precision computations. No source location available. The input PTX may not contain debug information (nvcc option: -lineinfo), OptixModuleCompileOptions::debugLevel set to OPTIX_COMPILE_DEBUG_LEVEL_NONE, or no useful information is present for the current block.
Warning: Program is doing double precision computations. No source location available. The input PTX may not contain debug information (nvcc option: -lineinfo), OptixModuleCompileOptions::debugLevel set to OPTIX_COMPILE_DEBUG_LEVEL_NONE, or no useful information is present for the current block.
Warning: Program is doing double precision computations. No source location available. The input PTX may not contain debug information (nvcc option: -lineinfo), OptixModuleCompileOptions::debugLevel set to OPTIX_COMPILE_DEBUG_LEVEL_NONE, or no useful information is present for the current block.
Warning: Program is doing double precision computations. No source location available. The input PTX may not contain debug information (nvcc option: -lineinfo), OptixModuleCompileOptions::debugLevel set to OPTIX_COMPILE_DEBUG_LEVEL_NONE, or no useful information is present for the current block.
Warning: Program is doing double precision computations. No source location available. The input PTX may not contain debug information (nvcc option: -lineinfo), OptixModuleCompileOptions::debugLevel set to OPTIX_COMPILE_DEBUG_LEVEL_NONE, or no useful information is present for the current block.
Warning: Program is doing double precision computations. No source location available. The input PTX may not contain debug information (nvcc option: -lineinfo), OptixModuleCompileOptions::debugLevel set to OPTIX_COMPILE_DEBUG_LEVEL_NONE, or no useful information is present for the current block.
Warning: Program is doing double precision computations. No source location available. The input PTX may not contain debug information (nvcc option: -lineinfo), OptixModuleCompileOptions::debugLevel set to OPTIX_COMPILE_DEBUG_LEVEL_NONE, or no useful information is present for the current block.
Warning: Program is doing double precision computations. No source location available. The input PTX may not contain debug information (nvcc option: -lineinfo), OptixModuleCompileOptions::debugLevel set to OPTIX_COMPILE_DEBUG_LEVEL_NONE, or no useful information is present for the current block.
Warning: Program is doing double precision computations. No source location available. The input PTX may not contain debug information (nvcc option: -lineinfo), OptixModuleCompileOptions::debugLevel set to OPTIX_COMPILE_DEBUG_LEVEL_NONE, or no useful information is present for the current block.
Warning: Program is doing double precision computations. No source location available. The input PTX may not contain debug information (nvcc option: -lineinfo), OptixModuleCompileOptions::debugLevel set to OPTIX_COMPILE_DEBUG_LEVEL_NONE, or no useful information is present for the current block.
Warning: Program is doing double precision computations. No source location available. The input PTX may not contain debug information (nvcc option: -lineinfo), OptixModuleCompileOptions::debugLevel set to OPTIX_COMPILE_DEBUG_LEVEL_NONE, or no useful information is present for the current block.
Warning: Program is doing double precision computations. No source location available. The input PTX may not contain debug information (nvcc option: -lineinfo), OptixModuleCompileOptions::debugLevel set to OPTIX_COMPILE_DEBUG_LEVEL_NONE, or no useful information is present for the current block.
Warning: Program is doing double precision computations. No source location available. The input PTX may not contain debug information (nvcc option: -lineinfo), OptixModuleCompileOptions::debugLevel set to OPTIX_COMPILE_DEBUG_LEVEL_NONE, or no useful information is present for the current block.
Warning: Program is doing double precision computations. No source location available. The input PTX may not contain debug information (nvcc option: -lineinfo), OptixModuleCompileOptions::debugLevel set to OPTIX_COMPILE_DEBUG_LEVEL_NONE, or no useful information is present for the current block.
Warning: Program is doing double precision computations. No source location available. The input PTX may not contain debug information (nvcc option: -lineinfo), OptixModuleCompileOptions::debugLevel set to OPTIX_COMPILE_DEBUG_LEVEL_NONE, or no useful information is present for the current block.
Warning: Program is doing double precision computations. No source location available. The input PTX may not contain debug information (nvcc option: -lineinfo), OptixModuleCompileOptions::debugLevel set to OPTIX_COMPILE_DEBUG_LEVEL_NONE, or no useful information is present for the current block.
Warning: Program is doing double precision computations. No source location available. The input PTX may not contain debug information (nvcc option: -lineinfo), OptixModuleCompileOptions::debugLevel set to OPTIX_COMPILE_DEBUG_LEVEL_NONE, or no useful information is present for the current block.
Warning: Program is doing double precision computations. No source location available. The input PTX may not contain debug information (nvcc option: -lineinfo), OptixModuleCompileOptions::debugLevel set to OPTIX_COMPILE_DEBUG_LEVEL_NONE, or no useful information is present for the current block.
Warning: Program is doing double precision computations. No source location available. The input PTX may not contain debug information (nvcc option: -lineinfo), OptixModuleCompileOptions::debugLevel set to OPTIX_COMPILE_DEBUG_LEVEL_NONE, or no useful information is present for the current block.
Warning: Program is doing double precision computations. No source location available. The input PTX may not contain debug information (nvcc option: -lineinfo), OptixModuleCompileOptions::debugLevel set to OPTIX_COMPILE_DEBUG_LEVEL_NONE, or no useful information is present for the current block.
Warning: Program is doing double precision computations. No source location available. The input PTX may not contain debug information (nvcc option: -lineinfo), OptixModuleCompileOptions::debugLevel set to OPTIX_COMPILE_DEBUG_LEVEL_NONE, or no useful information is present for the current block.
Warning: Program is doing double precision computations. No source location available. The input PTX may not contain debug information (nvcc option: -lineinfo), OptixModuleCompileOptions::debugLevel set to OPTIX_COMPILE_DEBUG_LEVEL_NONE, or no useful information is present for the current block.
Warning: Program is doing double precision computations. No source location available. The input PTX may not contain debug information (nvcc option: -lineinfo), OptixModuleCompileOptions::debugLevel set to OPTIX_COMPILE_DEBUG_LEVEL_NONE, or no useful information is present for the current block.
Warning: Program is doing double precision computations. No source location available. The input PTX may not contain debug information (nvcc option: -lineinfo), OptixModuleCompileOptions::debugLevel set to OPTIX_COMPILE_DEBUG_LEVEL_NONE, or no useful information is present for the current block.
Warning: Program is doing double precision computations. No source location available. The input PTX may not contain debug information (nvcc option: -lineinfo), OptixModuleCompileOptions::debugLevel set to OPTIX_COMPILE_DEBUG_LEVEL_NONE, or no useful information is present for the current block.
Warning: Program is doing double precision computations. No source location available. The input PTX may not contain debug information (nvcc option: -lineinfo), OptixModuleCompileOptions::debugLevel set to OPTIX_COMPILE_DEBUG_LEVEL_NONE, or no useful information is present for the current block.
Warning: Program is doing double precision computations. No source location available. The input PTX may not contain debug information (nvcc option: -lineinfo), OptixModuleCompileOptions::debugLevel set to OPTIX_COMPILE_DEBUG_LEVEL_NONE, or no useful information is present for the current block.
Warning: Program is doing double precision computations. No source location available. The input PTX may not contain debug information (nvcc option: -lineinfo), OptixModuleCompileOptions::debugLevel set to OPTIX_COMPILE_DEBUG_LEVEL_NONE, or no useful information is present for the current block.
Warning: Program is doing double precision computations. No source location available. The input PTX may not contain debug information (nvcc option: -lineinfo), OptixModuleCompileOptions::debugLevel set to OPTIX_COMPILE_DEBUG_LEVEL_NONE, or no useful information is present for the current block.
Warning: Program is doing double precision computations. No source location available. The input PTX may not contain debug information (nvcc option: -lineinfo), OptixModuleCompileOptions::debugLevel set to OPTIX_COMPILE_DEBUG_LEVEL_NONE, or no useful information is present for the current block.
Warning: Program is doing double precision computations. No source location available. The input PTX may not contain debug information (nvcc option: -lineinfo), OptixModuleCompileOptions::debugLevel set to OPTIX_COMPILE_DEBUG_LEVEL_NONE, or no useful information is present for the current block.
Warning: Program is doing double precision computations. No source location available. The input PTX may not contain debug information (nvcc option: -lineinfo), OptixModuleCompileOptions::debugLevel set to OPTIX_COMPILE_DEBUG_LEVEL_NONE, or no useful information is present for the current block.
Warning: Program is doing double precision computations. No source location available. The input PTX may not contain debug information (nvcc option: -lineinfo), OptixModuleCompileOptions::debugLevel set to OPTIX_COMPILE_DEBUG_LEVEL_NONE, or no useful information is present for the current block.
Warning: Program is doing double precision computations. No source location available. The input PTX may not contain debug information (nvcc option: -lineinfo), OptixModuleCompileOptions::debugLevel set to OPTIX_COMPILE_DEBUG_LEVEL_NONE, or no useful information is present for the current block.
Warning: Program is doing double precision computations. No source location available. The input PTX may not contain debug information (nvcc option: -lineinfo), OptixModuleCompileOptions::debugLevel set to OPTIX_COMPILE_DEBUG_LEVEL_NONE, or no useful information is present for the current block.
Warning: Program is doing double precision computations. No source location available. The input PTX may not contain debug information (nvcc option: -lineinfo), OptixModuleCompileOptions::debugLevel set to OPTIX_COMPILE_DEBUG_LEVEL_NONE, or no useful information is present for the current block.
Warning: Program is doing double precision computations. No source location available. The input PTX may not contain debug information (nvcc option: -lineinfo), OptixModuleCompileOptions::debugLevel set to OPTIX_COMPILE_DEBUG_LEVEL_NONE, or no useful information is present for the current block.
Warning: Program is doing double precision computations. No source location available. The input PTX may not contain debug information (nvcc option: -lineinfo), OptixModuleCompileOptions::debugLevel set to OPTIX_COMPILE_DEBUG_LEVEL_NONE, or no useful information is present for the current block.
Warning: Program is doing double precision computations. No source location available. The input PTX may not contain debug information (nvcc option: -lineinfo), OptixModuleCompileOptions::debugLevel set to OPTIX_COMPILE_DEBUG_LEVEL_NONE, or no useful information is present for the current block.
Warning: Program is doing double precision computations. No source location available. The input PTX may not contain debug information (nvcc option: -lineinfo), OptixModuleCompileOptions::debugLevel set to OPTIX_COMPILE_DEBUG_LEVEL_NONE, or no useful information is present for the current block.
Warning: Program is doing double precision computations. No source location available. The input PTX may not contain debug information (nvcc option: -lineinfo), OptixModuleCompileOptions::debugLevel set to OPTIX_COMPILE_DEBUG_LEVEL_NONE, or no useful information is present for the current block.
Warning: Program is doing double precision computations. No source location available. The input PTX may not contain debug information (nvcc option: -lineinfo), OptixModuleCompileOptions::debugLevel set to OPTIX_COMPILE_DEBUG_LEVEL_NONE, or no useful information is present for the current block.
Warning: Program is doing double precision computations. No source location available. The input PTX may not contain debug information (nvcc option: -lineinfo), OptixModuleCompileOptions::debugLevel set to OPTIX_COMPILE_DEBUG_LEVEL_NONE, or no useful information is present for the current block.
Warning: Program is doing double precision computations. No source location available. The input PTX may not contain debug information (nvcc option: -lineinfo), OptixModuleCompileOptions::debugLevel set to OPTIX_COMPILE_DEBUG_LEVEL_NONE, or no useful information is present for the current block.
Warning: Program is doing double precision computations. No source location available. The input PTX may not contain debug information (nvcc option: -lineinfo), OptixModuleCompileOptions::debugLevel set to OPTIX_COMPILE_DEBUG_LEVEL_NONE, or no useful information is present for the current block.
Warning: Program is doing double precision computations. No source location available. The input PTX may not contain debug information (nvcc option: -lineinfo), OptixModuleCompileOptions::debugLevel set to OPTIX_COMPILE_DEBUG_LEVEL_NONE, or no useful information is present for the current block.
Warning: Program is doing double precision computations. No source location available. The input PTX may not contain debug information (nvcc option: -lineinfo), OptixModuleCompileOptions::debugLevel set to OPTIX_COMPILE_DEBUG_LEVEL_NONE, or no useful information is present for the current block.
Warning: Program is doing double precision computations. No source location available. The input PTX may not contain debug information (nvcc option: -lineinfo), OptixModuleCompileOptions::debugLevel set to OPTIX_COMPILE_DEBUG_LEVEL_NONE, or no useful information is present for the current block.
Warning: Program is doing double precision computations. No source location available. The input PTX may not contain debug information (nvcc option: -lineinfo), OptixModuleCompileOptions::debugLevel set to OPTIX_COMPILE_DEBUG_LEVEL_NONE, or no useful information is present for the current block.
Warning: Program is doing double precision computations. No source location available. The input PTX may not contain debug information (nvcc option: -lineinfo), OptixModuleCompileOptions::debugLevel set to OPTIX_COMPILE_DEBUG_LEVEL_NONE, or no useful information is present for the current block.
Warning: Program is doing double precision computations. No source location available. The input PTX may not contain debug information (nvcc option: -lineinfo), OptixModuleCompileOptions::debugLevel set to OPTIX_COMPILE_DEBUG_LEVEL_NONE, or no useful information is present for the current block.
Warning: Program is doing double precision computations. No source location available. The input PTX may not contain debug information (nvcc option: -lineinfo), OptixModuleCompileOptions::debugLevel set to OPTIX_COMPILE_DEBUG_LEVEL_NONE, or no useful information is present for the current block.
Warning: Program is doing double precision computations. No source location available. The input PTX may not contain debug information (nvcc option: -lineinfo), OptixModuleCompileOptions::debugLevel set to OPTIX_COMPILE_DEBUG_LEVEL_NONE, or no useful information is present for the current block.
Warning: Program is doing double precision computations. No source location available. The input PTX may not contain debug information (nvcc option: -lineinfo), OptixModuleCompileOptions::debugLevel set to OPTIX_COMPILE_DEBUG_LEVEL_NONE, or no useful information is present for the current block.
Warning: Program is doing double precision computations. No source location available. The input PTX may not contain debug information (nvcc option: -lineinfo), OptixModuleCompileOptions::debugLevel set to OPTIX_COMPILE_DEBUG_LEVEL_NONE, or no useful information is present for the current block.
Warning: Program is doing double precision computations. No source location available. The input PTX may not contain debug information (nvcc option: -lineinfo), OptixModuleCompileOptions::debugLevel set to OPTIX_COMPILE_DEBUG_LEVEL_NONE, or no useful information is present for the current block.
Warning: Program is doing double precision computations. No source location available. The input PTX may not contain debug information (nvcc option: -lineinfo), OptixModuleCompileOptions::debugLevel set to OPTIX_COMPILE_DEBUG_LEVEL_NONE, or no useful information is present for the current block.
Warning: Program is doing double precision computations. No source location available. The input PTX may not contain debug information (nvcc option: -lineinfo), OptixModuleCompileOptions::debugLevel set to OPTIX_COMPILE_DEBUG_LEVEL_NONE, or no useful information is present for the current block.
Warning: Program is doing double precision computations. No source location available. The input PTX may not contain debug information (nvcc option: -lineinfo), OptixModuleCompileOptions::debugLevel set to OPTIX_COMPILE_DEBUG_LEVEL_NONE, or no useful information is present for the current block.
Warning: Program is doing double precision computations. No source location available. The input PTX may not contain debug information (nvcc option: -lineinfo), OptixModuleCompileOptions::debugLevel set to OPTIX_COMPILE_DEBUG_LEVEL_NONE, or no useful information is present for the current block.
Warning: Program is doing double precision computations. No source location available. The input PTX may not contain debug information (nvcc option: -lineinfo), OptixModuleCompileOptions::debugLevel set to OPTIX_COMPILE_DEBUG_LEVEL_NONE, or no useful information is present for the current block.
Warning: Program is doing double precision computations. No source location available. The input PTX may not contain debug information (nvcc option: -lineinfo), OptixModuleCompileOptions::debugLevel set to OPTIX_COMPILE_DEBUG_LEVEL_NONE, or no useful information is present for the current block.
Warning: Program is doing double precision computations. No source location available. The input PTX may not contain debug information (nvcc option: -lineinfo), OptixModuleCompileOptions::debugLevel set to OPTIX_COMPILE_DEBUG_LEVEL_NONE, or no useful information is present for the current block.
Warning: Program is doing double precision computations. No source location available. The input PTX may not contain debug information (nvcc option: -lineinfo), OptixModuleCompileOptions::debugLevel set to OPTIX_COMPILE_DEBUG_LEVEL_NONE, or no useful information is present for the current block.
Warning: Program is doing double precision computations. No source location available. The input PTX may not contain debug information (nvcc option: -lineinfo), OptixModuleCompileOptions::debugLevel set to OPTIX_COMPILE_DEBUG_LEVEL_NONE, or no useful information is present for the current block.
Warning: Program is doing double precision computations. No source location available. The input PTX may not contain debug information (nvcc option: -lineinfo), OptixModuleCompileOptions::debugLevel set to OPTIX_COMPILE_DEBUG_LEVEL_NONE, or no useful information is present for the current block.
Warning: Program is doing double precision computations. No source location available. The input PTX may not contain debug information (nvcc option: -lineinfo), OptixModuleCompileOptions::debugLevel set to OPTIX_COMPILE_DEBUG_LEVEL_NONE, or no useful information is present for the current block.
Warning: Program is doing double precision computations. No source location available. The input PTX may not contain debug information (nvcc option: -lineinfo), OptixModuleCompileOptions::debugLevel set to OPTIX_COMPILE_DEBUG_LEVEL_NONE, or no useful information is present for the current block.
Warning: Program is doing double precision computations. No source location available. The input PTX may not contain debug information (nvcc option: -lineinfo), OptixModuleCompileOptions::debugLevel set to OPTIX_COMPILE_DEBUG_LEVEL_NONE, or no useful information is present for the current block.
Warning: Program is doing double precision computations. No source location available. The input PTX may not contain debug information (nvcc option: -lineinfo), OptixModuleCompileOptions::debugLevel set to OPTIX_COMPILE_DEBUG_LEVEL_NONE, or no useful information is present for the current block.
Warning: Program is doing double precision computations. No source location available. The input PTX may not contain debug information (nvcc option: -lineinfo), OptixModuleCompileOptions::debugLevel set to OPTIX_COMPILE_DEBUG_LEVEL_NONE, or no useful information is present for the current block.
Warning: Program is doing double precision computations. No source location available. The input PTX may not contain debug information (nvcc option: -lineinfo), OptixModuleCompileOptions::debugLevel set to OPTIX_COMPILE_DEBUG_LEVEL_NONE, or no useful information is present for the current block.
Warning: Program is doing double precision computations. No source location available. The input PTX may not contain debug information (nvcc option: -lineinfo), OptixModuleCompileOptions::debugLevel set to OPTIX_COMPILE_DEBUG_LEVEL_NONE, or no useful information is present for the current block.
Warning: Program is doing double precision computations. No source location available. The input PTX may not contain debug information (nvcc option: -lineinfo), OptixModuleCompileOptions::debugLevel set to OPTIX_COMPILE_DEBUG_LEVEL_NONE, or no useful information is present for the current block.
Warning: Program is doing double precision computations. No source location available. The input PTX may not contain debug information (nvcc option: -lineinfo), OptixModuleCompileOptions::debugLevel set to OPTIX_COMPILE_DEBUG_LEVEL_NONE, or no useful information is present for the current block.
Warning: Program is doing double precision computations. No source location available. The input PTX may not contain debug information (nvcc option: -lineinfo), OptixModuleCompileOptions::debugLevel set to OPTIX_COMPILE_DEBUG_LEVEL_NONE, or no useful information is present for the current block.
Warning: Program is doing double precision computations. No source location available. The input PTX may not contain debug information (nvcc option: -lineinfo), OptixModuleCompileOptions::debugLevel set to OPTIX_COMPILE_DEBUG_LEVEL_NONE, or no useful information is present for the current block.
Warning: Program is doing double precision computations. No source location available. The input PTX may not contain debug information (nvcc option: -lineinfo), OptixModuleCompileOptions::debugLevel set to OPTIX_COMPILE_DEBUG_LEVEL_NONE, or no useful information is present for the current block.
Warning: Program is doing double precision computations. No source location available. The input PTX may not contain debug information (nvcc option: -lineinfo), OptixModuleCompileOptions::debugLevel set to OPTIX_COMPILE_DEBUG_LEVEL_NONE, or no useful information is present for the current block.
Warning: Program is doing double precision computations. No source location available. The input PTX may not contain debug information (nvcc option: -lineinfo), OptixModuleCompileOptions::debugLevel set to OPTIX_COMPILE_DEBUG_LEVEL_NONE, or no useful information is present for the current block.
Warning: Program is doing double precision computations. No source location available. The input PTX may not contain debug information (nvcc option: -lineinfo), OptixModuleCompileOptions::debugLevel set to OPTIX_COMPILE_DEBUG_LEVEL_NONE, or no useful information is present for the current block.
Warning: Program is doing double precision computations. No source location available. The input PTX may not contain debug information (nvcc option: -lineinfo), OptixModuleCompileOptions::debugLevel set to OPTIX_COMPILE_DEBUG_LEVEL_NONE, or no useful information is present for the current block.
Warning: Program is doing double precision computations. No source location available. The input PTX may not contain debug information (nvcc option: -lineinfo), OptixModuleCompileOptions::debugLevel set to OPTIX_COMPILE_DEBUG_LEVEL_NONE, or no useful information is present for the current block.
Warning: Program is doing double precision computations. No source location available. The input PTX may not contain debug information (nvcc option: -lineinfo), OptixModuleCompileOptions::debugLevel set to OPTIX_COMPILE_DEBUG_LEVEL_NONE, or no useful information is present for the current block.
Warning: Program is doing double precision computations. No source location available. The input PTX may not contain debug information (nvcc option: -lineinfo), OptixModuleCompileOptions::debugLevel set to OPTIX_COMPILE_DEBUG_LEVEL_NONE, or no useful information is present for the current block.
Warning: Program is doing double precision computations. No source location available. The input PTX may not contain debug information (nvcc option: -lineinfo), OptixModuleCompileOptions::debugLevel set to OPTIX_COMPILE_DEBUG_LEVEL_NONE, or no useful information is present for the current block.
Warning: Program is doing double precision computations. No source location available. The input PTX may not contain debug information (nvcc option: -lineinfo), OptixModuleCompileOptions::debugLevel set to OPTIX_COMPILE_DEBUG_LEVEL_NONE, or no useful information is present for the current block.
Warning: Program is doing double precision computations. No source location available. The input PTX may not contain debug information (nvcc option: -lineinfo), OptixModuleCompileOptions::debugLevel set to OPTIX_COMPILE_DEBUG_LEVEL_NONE, or no useful information is present for the current block.
Warning: Program is doing double precision computations. No source location available. The input PTX may not contain debug information (nvcc option: -lineinfo), OptixModuleCompileOptions::debugLevel set to OPTIX_COMPILE_DEBUG_LEVEL_NONE, or no useful information is present for the current block.
Warning: Program is doing double precision computations. No source location available. The input PTX may not contain debug information (nvcc option: -lineinfo), OptixModuleCompileOptions::debugLevel set to OPTIX_COMPILE_DEBUG_LEVEL_NONE, or no useful information is present for the current block.
Warning: Program is doing double precision computations. No source location available. The input PTX may not contain debug information (nvcc option: -lineinfo), OptixModuleCompileOptions::debugLevel set to OPTIX_COMPILE_DEBUG_LEVEL_NONE, or no useful information is present for the current block.
Warning: Program is doing double precision computations. No source location available. The input PTX may not contain debug information (nvcc option: -lineinfo), OptixModuleCompileOptions::debugLevel set to OPTIX_COMPILE_DEBUG_LEVEL_NONE, or no useful information is present for the current block.
Warning: Program is doing double precision computations. No source location available. The input PTX may not contain debug information (nvcc option: -lineinfo), OptixModuleCompileOptions::debugLevel set to OPTIX_COMPILE_DEBUG_LEVEL_NONE, or no useful information is present for the current block.
Warning: Program is doing double precision computations. No source location available. The input PTX may not contain debug information (nvcc option: -lineinfo), OptixModuleCompileOptions::debugLevel set to OPTIX_COMPILE_DEBUG_LEVEL_NONE, or no useful information is present for the current block.
Warning: Program is doing double precision computations. No source location available. The input PTX may not contain debug information (nvcc option: -lineinfo), OptixModuleCompileOptions::debugLevel set to OPTIX_COMPILE_DEBUG_LEVEL_NONE, or no useful information is present for the current block.
Warning: Program is doing double precision computations. No source location available. The input PTX may not contain debug information (nvcc option: -lineinfo), OptixModuleCompileOptions::debugLevel set to OPTIX_COMPILE_DEBUG_LEVEL_NONE, or no useful information is present for the current block.
Warning: Program is doing double precision computations. No source location available. The input PTX may not contain debug information (nvcc option: -lineinfo), OptixModuleCompileOptions::debugLevel set to OPTIX_COMPILE_DEBUG_LEVEL_NONE, or no useful information is present for the current block.
Warning: Program is doing double precision computations. No source location available. The input PTX may not contain debug information (nvcc option: -lineinfo), OptixModuleCompileOptions::debugLevel set to OPTIX_COMPILE_DEBUG_LEVEL_NONE, or no useful information is present for the current block.
Warning: Program is doing double precision computations. No source location available. The input PTX may not contain debug information (nvcc option: -lineinfo), OptixModuleCompileOptions::debugLevel set to OPTIX_COMPILE_DEBUG_LEVEL_NONE, or no useful information is present for the current block.
Warning: Program is doing double precision computations. No source location available. The input PTX may not contain debug information (nvcc option: -lineinfo), OptixModuleCompileOptions::debugLevel set to OPTIX_COMPILE_DEBUG_LEVEL_NONE, or no useful information is present for the current block.
Warning: Program is doing double precision computations. No source location available. The input PTX may not contain debug information (nvcc option: -lineinfo), OptixModuleCompileOptions::debugLevel set to OPTIX_COMPILE_DEBUG_LEVEL_NONE, or no useful information is present for the current block.
Warning: Program is doing double precision computations. No source location available. The input PTX may not contain debug information (nvcc option: -lineinfo), OptixModuleCompileOptions::debugLevel set to OPTIX_COMPILE_DEBUG_LEVEL_NONE, or no useful information is present for the current block.
Warning: Program is doing double precision computations. No source location available. The input PTX may not contain debug information (nvcc option: -lineinfo), OptixModuleCompileOptions::debugLevel set to OPTIX_COMPILE_DEBUG_LEVEL_NONE, or no useful information is present for the current block.
Warning: Program is doing double precision computations. No source location available. The input PTX may not contain debug information (nvcc option: -lineinfo), OptixModuleCompileOptions::debugLevel set to OPTIX_COMPILE_DEBUG_LEVEL_NONE, or no useful information is present for the current block.
Warning: Program is doing double precision computations. No source location available. The input PTX may not contain debug information (nvcc option: -lineinfo), OptixModuleCompileOptions::debugLevel set to OPTIX_COMPILE_DEBUG_LEVEL_NONE, or no useful information is present for the current block.
Warning: Program is doing double precision computations. No source location available. The input PTX may not contain debug information (nvcc option: -lineinfo), OptixModuleCompileOptions::debugLevel set to OPTIX_COMPILE_DEBUG_LEVEL_NONE, or no useful information is present for the current block.
Warning: Program is doing double precision computations. No source location available. The input PTX may not contain debug information (nvcc option: -lineinfo), OptixModuleCompileOptions::debugLevel set to OPTIX_COMPILE_DEBUG_LEVEL_NONE, or no useful information is present for the current block.
Warning: Program is doing double precision computations. No source location available. The input PTX may not contain debug information (nvcc option: -lineinfo), OptixModuleCompileOptions::debugLevel set to OPTIX_COMPILE_DEBUG_LEVEL_NONE, or no useful information is present for the current block.
Warning: Program is doing double precision computations. No source location available. The input PTX may not contain debug information (nvcc option: -lineinfo), OptixModuleCompileOptions::debugLevel set to OPTIX_COMPILE_DEBUG_LEVEL_NONE, or no useful information is present for the current block.
Warning: Program is doing double precision computations. No source location available. The input PTX may not contain debug information (nvcc option: -lineinfo), OptixModuleCompileOptions::debugLevel set to OPTIX_COMPILE_DEBUG_LEVEL_NONE, or no useful information is present for the current block.
Warning: Program is doing double precision computations. No source location available. The input PTX may not contain debug information (nvcc option: -lineinfo), OptixModuleCompileOptions::debugLevel set to OPTIX_COMPILE_DEBUG_LEVEL_NONE, or no useful information is present for the current block.
Warning: Program is doing double precision computations. No source location available. The input PTX may not contain debug information (nvcc option: -lineinfo), OptixModuleCompileOptions::debugLevel set to OPTIX_COMPILE_DEBUG_LEVEL_NONE, or no useful information is present for the current block.
Warning: Program is doing double precision computations. No source location available. The input PTX may not contain debug information (nvcc option: -lineinfo), OptixModuleCompileOptions::debugLevel set to OPTIX_COMPILE_DEBUG_LEVEL_NONE, or no useful information is present for the current block.
Warning: Program is doing double precision computations. No source location available. The input PTX may not contain debug information (nvcc option: -lineinfo), OptixModuleCompileOptions::debugLevel set to OPTIX_COMPILE_DEBUG_LEVEL_NONE, or no useful information is present for the current block.
Warning: Program is doing double precision computations. No source location available. The input PTX may not contain debug information (nvcc option: -lineinfo), OptixModuleCompileOptions::debugLevel set to OPTIX_COMPILE_DEBUG_LEVEL_NONE, or no useful information is present for the current block.
Warning: Program is doing double precision computations. No source location available. The input PTX may not contain debug information (nvcc option: -lineinfo), OptixModuleCompileOptions::debugLevel set to OPTIX_COMPILE_DEBUG_LEVEL_NONE, or no useful information is present for the current block.
Warning: Program is doing double precision computations. No source location available. The input PTX may not contain debug information (nvcc option: -lineinfo), OptixModuleCompileOptions::debugLevel set to OPTIX_COMPILE_DEBUG_LEVEL_NONE, or no useful information is present for the current block.
Warning: Program is doing double precision computations. No source location available. The input PTX may not contain debug information (nvcc option: -lineinfo), OptixModuleCompileOptions::debugLevel set to OPTIX_COMPILE_DEBUG_LEVEL_NONE, or no useful information is present for the current block.
Warning: Program is doing double precision computations. No source location available. The input PTX may not contain debug information (nvcc option: -lineinfo), OptixModuleCompileOptions::debugLevel set to OPTIX_COMPILE_DEBUG_LEVEL_NONE, or no useful information is present for the current block.
Warning: Program is doing double precision computations. No source location available. The input PTX may not contain debug information (nvcc option: -lineinfo), OptixModuleCompileOptions::debugLevel set to OPTIX_COMPILE_DEBUG_LEVEL_NONE, or no useful information is present for the current block.
Warning: Program is doing double precision computations. No source location available. The input PTX may not contain debug information (nvcc option: -lineinfo), OptixModuleCompileOptions::debugLevel set to OPTIX_COMPILE_DEBUG_LEVEL_NONE, or no useful information is present for the current block.
Warning: Program is doing double precision computations. No source location available. The input PTX may not contain debug information (nvcc option: -lineinfo), OptixModuleCompileOptions::debugLevel set to OPTIX_COMPILE_DEBUG_LEVEL_NONE, or no useful information is present for the current block.
Warning: Program is doing double precision computations. No source location available. The input PTX may not contain debug information (nvcc option: -lineinfo), OptixModuleCompileOptions::debugLevel set to OPTIX_COMPILE_DEBUG_LEVEL_NONE, or no useful information is present for the current block.
Warning: Program is doing double precision computations. No source location available. The input PTX may not contain debug information (nvcc option: -lineinfo), OptixModuleCompileOptions::debugLevel set to OPTIX_COMPILE_DEBUG_LEVEL_NONE, or no useful information is present for the current block.
Warning: Program is doing double precision computations. No source location available. The input PTX may not contain debug information (nvcc option: -lineinfo), OptixModuleCompileOptions::debugLevel set to OPTIX_COMPILE_DEBUG_LEVEL_NONE, or no useful information is present for the current block.
Warning: Program is doing double precision computations. No source location available. The input PTX may not contain debug information (nvcc option: -lineinfo), OptixModuleCompileOptions::debugLevel set to OPTIX_COMPILE_DEBUG_LEVEL_NONE, or no useful information is present for the current block.
Warning: Program is doing double precision computations. No source location available. The input PTX may not contain debug information (nvcc option: -lineinfo), OptixModuleCompileOptions::debugLevel set to OPTIX_COMPILE_DEBUG_LEVEL_NONE, or no useful information is present for the current block.
Warning: Program is doing double precision computations. No source location available. The input PTX may not contain debug information (nvcc option: -lineinfo), OptixModuleCompileOptions::debugLevel set to OPTIX_COMPILE_DEBUG_LEVEL_NONE, or no useful information is present for the current block.
Warning: Program is doing double precision computations. No source location available. The input PTX may not contain debug information (nvcc option: -lineinfo), OptixModuleCompileOptions::debugLevel set to OPTIX_COMPILE_DEBUG_LEVEL_NONE, or no useful information is present for the current block.
Warning: Program is doing double precision computations. No source location available. The input PTX may not contain debug information (nvcc option: -lineinfo), OptixModuleCompileOptions::debugLevel set to OPTIX_COMPILE_DEBUG_LEVEL_NONE, or no useful information is present for the current block.
Warning: Program is doing double precision computations. No source location available. The input PTX may not contain debug information (nvcc option: -lineinfo), OptixModuleCompileOptions::debugLevel set to OPTIX_COMPILE_DEBUG_LEVEL_NONE, or no useful information is present for the current block.
Warning: Program is doing double precision computations. No source location available. The input PTX may not contain debug information (nvcc option: -lineinfo), OptixModuleCompileOptions::debugLevel set to OPTIX_COMPILE_DEBUG_LEVEL_NONE, or no useful information is present for the current block.
Warning: Program is doing double precision computations. No source location available. The input PTX may not contain debug information (nvcc option: -lineinfo), OptixModuleCompileOptions::debugLevel set to OPTIX_COMPILE_DEBUG_LEVEL_NONE, or no useful information is present for the current block.
Warning: Program is doing double precision computations. No source location available. The input PTX may not contain debug information (nvcc option: -lineinfo), OptixModuleCompileOptions::debugLevel set to OPTIX_COMPILE_DEBUG_LEVEL_NONE, or no useful information is present for the current block.
Warning: Program is doing double precision computations. No source location available. The input PTX may not contain debug information (nvcc option: -lineinfo), OptixModuleCompileOptions::debugLevel set to OPTIX_COMPILE_DEBUG_LEVEL_NONE, or no useful information is present for the current block.
Warning: Program is doing double precision computations. No source location available. The input PTX may not contain debug information (nvcc option: -lineinfo), OptixModuleCompileOptions::debugLevel set to OPTIX_COMPILE_DEBUG_LEVEL_NONE, or no useful information is present for the current block.
Warning: Program is doing double precision computations. No source location available. The input PTX may not contain debug information (nvcc option: -lineinfo), OptixModuleCompileOptions::debugLevel set to OPTIX_COMPILE_DEBUG_LEVEL_NONE, or no useful information is present for the current block.
Warning: Program is doing double precision computations. No source location available. The input PTX may not contain debug information (nvcc option: -lineinfo), OptixModuleCompileOptions::debugLevel set to OPTIX_COMPILE_DEBUG_LEVEL_NONE, or no useful information is present for the current block.
Warning: Program is doing double precision computations. No source location available. The input PTX may not contain debug information (nvcc option: -lineinfo), OptixModuleCompileOptions::debugLevel set to OPTIX_COMPILE_DEBUG_LEVEL_NONE, or no useful information is present for the current block.
Warning: Program is doing double precision computations. No source location available. The input PTX may not contain debug information (nvcc option: -lineinfo), OptixModuleCompileOptions::debugLevel set to OPTIX_COMPILE_DEBUG_LEVEL_NONE, or no useful information is present for the current block.
Warning: Program is doing double precision computations. No source location available. The input PTX may not contain debug information (nvcc option: -lineinfo), OptixModuleCompileOptions::debugLevel set to OPTIX_COMPILE_DEBUG_LEVEL_NONE, or no useful information is present for the current block.
Warning: Program is doing double precision computations. No source location available. The input PTX may not contain debug information (nvcc option: -lineinfo), OptixModuleCompileOptions::debugLevel set to OPTIX_COMPILE_DEBUG_LEVEL_NONE, or no useful information is present for the current block.
Warning: Program is doing double precision computations. No source location available. The input PTX may not contain debug information (nvcc option: -lineinfo), OptixModuleCompileOptions::debugLevel set to OPTIX_COMPILE_DEBUG_LEVEL_NONE, or no useful information is present for the current block.
Warning: Program is doing double precision computations. No source location available. The input PTX may not contain debug information (nvcc option: -lineinfo), OptixModuleCompileOptions::debugLevel set to OPTIX_COMPILE_DEBUG_LEVEL_NONE, or no useful information is present for the current block.
Warning: Program is doing double precision computations. No source location available. The input PTX may not contain debug information (nvcc option: -lineinfo), OptixModuleCompileOptions::debugLevel set to OPTIX_COMPILE_DEBUG_LEVEL_NONE, or no useful information is present for the current block.
Warning: Program is doing double precision computations. No source location available. The input PTX may not contain debug information (nvcc option: -lineinfo), OptixModuleCompileOptions::debugLevel set to OPTIX_COMPILE_DEBUG_LEVEL_NONE, or no useful information is present for the current block.
Warning: Program is doing double precision computations. No source location available. The input PTX may not contain debug information (nvcc option: -lineinfo), OptixModuleCompileOptions::debugLevel set to OPTIX_COMPILE_DEBUG_LEVEL_NONE, or no useful information is present for the current block.
Warning: Program is doing double precision computations. No source location available. The input PTX may not contain debug information (nvcc option: -lineinfo), OptixModuleCompileOptions::debugLevel set to OPTIX_COMPILE_DEBUG_LEVEL_NONE, or no useful information is present for the current block.
Warning: Program is doing double precision computations. No source location available. The input PTX may not contain debug information (nvcc option: -lineinfo), OptixModuleCompileOptions::debugLevel set to OPTIX_COMPILE_DEBUG_LEVEL_NONE, or no useful information is present for the current block.
Warning: Program is doing double precision computations. No source location available. The input PTX may not contain debug information (nvcc option: -lineinfo), OptixModuleCompileOptions::debugLevel set to OPTIX_COMPILE_DEBUG_LEVEL_NONE, or no useful information is present for the current block.
Warning: Program is doing double precision computations. No source location available. The input PTX may not contain debug information (nvcc option: -lineinfo), OptixModuleCompileOptions::debugLevel set to OPTIX_COMPILE_DEBUG_LEVEL_NONE, or no useful information is present for the current block.
Warning: Program is doing double precision computations. No source location available. The input PTX may not contain debug information (nvcc option: -lineinfo), OptixModuleCompileOptions::debugLevel set to OPTIX_COMPILE_DEBUG_LEVEL_NONE, or no useful information is present for the current block.
Warning: Program is doing double precision computations. No source location available. The input PTX may not contain debug information (nvcc option: -lineinfo), OptixModuleCompileOptions::debugLevel set to OPTIX_COMPILE_DEBUG_LEVEL_NONE, or no useful information is present for the current block.
Warning: Program is doing double precision computations. No source location available. The input PTX may not contain debug information (nvcc option: -lineinfo), OptixModuleCompileOptions::debugLevel set to OPTIX_COMPILE_DEBUG_LEVEL_NONE, or no useful information is present for the current block.
Warning: Program is doing double precision computations. No source location available. The input PTX may not contain debug information (nvcc option: -lineinfo), OptixModuleCompileOptions::debugLevel set to OPTIX_COMPILE_DEBUG_LEVEL_NONE, or no useful information is present for the current block.
Warning: Program is doing double precision computations. No source location available. The input PTX may not contain debug information (nvcc option: -lineinfo), OptixModuleCompileOptions::debugLevel set to OPTIX_COMPILE_DEBUG_LEVEL_NONE, or no useful information is present for the current block.
Warning: Program is doing double precision computations. No source location available. The input PTX may not contain debug information (nvcc option: -lineinfo), OptixModuleCompileOptions::debugLevel set to OPTIX_COMPILE_DEBUG_LEVEL_NONE, or no useful information is present for the current block.
Warning: Program is doing double precision computations. No source location available. The input PTX may not contain debug information (nvcc option: -lineinfo), OptixModuleCompileOptions::debugLevel set to OPTIX_COMPILE_DEBUG_LEVEL_NONE, or no useful information is present for the current block.
Warning: Program is doing double precision computations. No source location available. The input PTX may not contain debug information (nvcc option: -lineinfo), OptixModuleCompileOptions::debugLevel set to OPTIX_COMPILE_DEBUG_LEVEL_NONE, or no useful information is present for the current block.
Warning: Program is doing double precision computations. No source location available. The input PTX may not contain debug information (nvcc option: -lineinfo), OptixModuleCompileOptions::debugLevel set to OPTIX_COMPILE_DEBUG_LEVEL_NONE, or no useful information is present for the current block.
Warning: Program is doing double precision computations. No source location available. The input PTX may not contain debug information (nvcc option: -lineinfo), OptixModuleCompileOptions::debugLevel set to OPTIX_COMPILE_DEBUG_LEVEL_NONE, or no useful information is present for the current block.
Warning: Program is doing double precision computations. No source location available. The input PTX may not contain debug information (nvcc option: -lineinfo), OptixModuleCompileOptions::debugLevel set to OPTIX_COMPILE_DEBUG_LEVEL_NONE, or no useful information is present for the current block.
Warning: Program is doing double precision computations. No source location available. The input PTX may not contain debug information (nvcc option: -lineinfo), OptixModuleCompileOptions::debugLevel set to OPTIX_COMPILE_DEBUG_LEVEL_NONE, or no useful information is present for the current block.
Warning: Program is doing double precision computations. No source location available. The input PTX may not contain debug information (nvcc option: -lineinfo), OptixModuleCompileOptions::debugLevel set to OPTIX_COMPILE_DEBUG_LEVEL_NONE, or no useful information is present for the current block.
Warning: Program is doing double precision computations. No source location available. The input PTX may not contain debug information (nvcc option: -lineinfo), OptixModuleCompileOptions::debugLevel set to OPTIX_COMPILE_DEBUG_LEVEL_NONE, or no useful information is present for the current block.
Warning: Program is doing double precision computations. No source location available. The input PTX may not contain debug information (nvcc option: -lineinfo), OptixModuleCompileOptions::debugLevel set to OPTIX_COMPILE_DEBUG_LEVEL_NONE, or no useful information is present for the current block.
Warning: Program is doing double precision computations. No source location available. The input PTX may not contain debug information (nvcc option: -lineinfo), OptixModuleCompileOptions::debugLevel set to OPTIX_COMPILE_DEBUG_LEVEL_NONE, or no useful information is present for the current block.
Warning: Program is doing double precision computations. No source location available. The input PTX may not contain debug information (nvcc option: -lineinfo), OptixModuleCompileOptions::debugLevel set to OPTIX_COMPILE_DEBUG_LEVEL_NONE, or no useful information is present for the current block.
Warning: Program is doing double precision computations. No source location available. The input PTX may not contain debug information (nvcc option: -lineinfo), OptixModuleCompileOptions::debugLevel set to OPTIX_COMPILE_DEBUG_LEVEL_NONE, or no useful information is present for the current block.
Warning: Program is doing double precision computations. No source location available. The input PTX may not contain debug information (nvcc option: -lineinfo), OptixModuleCompileOptions::debugLevel set to OPTIX_COMPILE_DEBUG_LEVEL_NONE, or no useful information is present for the current block.
Warning: Program is doing double precision computations. No source location available. The input PTX may not contain debug information (nvcc option: -lineinfo), OptixModuleCompileOptions::debugLevel set to OPTIX_COMPILE_DEBUG_LEVEL_NONE, or no useful information is present for the current block.
Warning: Program is doing double precision computations. No source location available. The input PTX may not contain debug information (nvcc option: -lineinfo), OptixModuleCompileOptions::debugLevel set to OPTIX_COMPILE_DEBUG_LEVEL_NONE, or no useful information is present for the current block.
Warning: Program is doing double precision computations. No source location available. The input PTX may not contain debug information (nvcc option: -lineinfo), OptixModuleCompileOptions::debugLevel set to OPTIX_COMPILE_DEBUG_LEVEL_NONE, or no useful information is present for the current block.
Warning: Program is doing double precision computations. No source location available. The input PTX may not contain debug information (nvcc option: -lineinfo), OptixModuleCompileOptions::debugLevel set to OPTIX_COMPILE_DEBUG_LEVEL_NONE, or no useful information is present for the current block.
Warning: Program is doing double precision computations. No source location available. The input PTX may not contain debug information (nvcc option: -lineinfo), OptixModuleCompileOptions::debugLevel set to OPTIX_COMPILE_DEBUG_LEVEL_NONE, or no useful information is present for the current block.
Warning: Program is doing double precision computations. No source location available. The input PTX may not contain debug information (nvcc option: -lineinfo), OptixModuleCompileOptions::debugLevel set to OPTIX_COMPILE_DEBUG_LEVEL_NONE, or no useful information is present for the current block.
Warning: Program is doing double precision computations. No source location available. The input PTX may not contain debug information (nvcc option: -lineinfo), OptixModuleCompileOptions::debugLevel set to OPTIX_COMPILE_DEBUG_LEVEL_NONE, or no useful information is present for the current block.
Warning: Program is doing double precision computations. No source location available. The input PTX may not contain debug information (nvcc option: -lineinfo), OptixModuleCompileOptions::debugLevel set to OPTIX_COMPILE_DEBUG_LEVEL_NONE, or no useful information is present for the current block.
Warning: Program is doing double precision computations. No source location available. The input PTX may not contain debug information (nvcc option: -lineinfo), OptixModuleCompileOptions::debugLevel set to OPTIX_COMPILE_DEBUG_LEVEL_NONE, or no useful information is present for the current block.
Warning: Program is doing double precision computations. No source location available. The input PTX may not contain debug information (nvcc option: -lineinfo), OptixModuleCompileOptions::debugLevel set to OPTIX_COMPILE_DEBUG_LEVEL_NONE, or no useful information is present for the current block.
Warning: Program is doing double precision computations. No source location available. The input PTX may not contain debug information (nvcc option: -lineinfo), OptixModuleCompileOptions::debugLevel set to OPTIX_COMPILE_DEBUG_LEVEL_NONE, or no useful information is present for the current block.
Warning: Program is doing double precision computations. No source location available. The input PTX may not contain debug information (nvcc option: -lineinfo), OptixModuleCompileOptions::debugLevel set to OPTIX_COMPILE_DEBUG_LEVEL_NONE, or no useful information is present for the current block.
Warning: Program is doing double precision computations. No source location available. The input PTX may not contain debug information (nvcc option: -lineinfo), OptixModuleCompileOptions::debugLevel set to OPTIX_COMPILE_DEBUG_LEVEL_NONE, or no useful information is present for the current block.
Warning: Program is doing double precision computations. No source location available. The input PTX may not contain debug information (nvcc option: -lineinfo), OptixModuleCompileOptions::debugLevel set to OPTIX_COMPILE_DEBUG_LEVEL_NONE, or no useful information is present for the current block.
Warning: Program is doing double precision computations. No source location available. The input PTX may not contain debug information (nvcc option: -lineinfo), OptixModuleCompileOptions::debugLevel set to OPTIX_COMPILE_DEBUG_LEVEL_NONE, or no useful information is present for the current block.
Warning: Program is doing double precision computations. No source location available. The input PTX may not contain debug information (nvcc option: -lineinfo), OptixModuleCompileOptions::debugLevel set to OPTIX_COMPILE_DEBUG_LEVEL_NONE, or no useful information is present for the current block.
Warning: Program is doing double precision computations. No source location available. The input PTX may not contain debug information (nvcc option: -lineinfo), OptixModuleCompileOptions::debugLevel set to OPTIX_COMPILE_DEBUG_LEVEL_NONE, or no useful information is present for the current block.
Warning: Program is doing double precision computations. No source location available. The input PTX may not contain debug information (nvcc option: -lineinfo), OptixModuleCompileOptions::debugLevel set to OPTIX_COMPILE_DEBUG_LEVEL_NONE, or no useful information is present for the current block.
Warning: Program is doing double precision computations. No source location available. The input PTX may not contain debug information (nvcc option: -lineinfo), OptixModuleCompileOptions::debugLevel set to OPTIX_COMPILE_DEBUG_LEVEL_NONE, or no useful information is present for the current block.
Warning: Program is doing double precision computations. No source location available. The input PTX may not contain debug information (nvcc option: -lineinfo), OptixModuleCompileOptions::debugLevel set to OPTIX_COMPILE_DEBUG_LEVEL_NONE, or no useful information is present for the current block.
Warning: Program is doing double precision computations. No source location available. The input PTX may not contain debug information (nvcc option: -lineinfo), OptixModuleCompileOptions::debugLevel set to OPTIX_COMPILE_DEBUG_LEVEL_NONE, or no useful information is present for the current block.
Warning: Program is doing double precision computations. No source location available. The input PTX may not contain debug information (nvcc option: -lineinfo), OptixModuleCompileOptions::debugLevel set to OPTIX_COMPILE_DEBUG_LEVEL_NONE, or no useful information is present for the current block.
Warning: Program is doing double precision computations. No source location available. The input PTX may not contain debug information (nvcc option: -lineinfo), OptixModuleCompileOptions::debugLevel set to OPTIX_COMPILE_DEBUG_LEVEL_NONE, or no useful information is present for the current block.
Warning: Program is doing double precision computations. No source location available. The input PTX may not contain debug information (nvcc option: -lineinfo), OptixModuleCompileOptions::debugLevel set to OPTIX_COMPILE_DEBUG_LEVEL_NONE, or no useful information is present for the current block.
Warning: Program is doing double precision computations. No source location available. The input PTX may not contain debug information (nvcc option: -lineinfo), OptixModuleCompileOptions::debugLevel set to OPTIX_COMPILE_DEBUG_LEVEL_NONE, or no useful information is present for the current block.
Warning: Program is doing double precision computations. No source location available. The input PTX may not contain debug information (nvcc option: -lineinfo), OptixModuleCompileOptions::debugLevel set to OPTIX_COMPILE_DEBUG_LEVEL_NONE, or no useful information is present for the current block.
Warning: Program is doing double precision computations. No source location available. The input PTX may not contain debug information (nvcc option: -lineinfo), OptixModuleCompileOptions::debugLevel set to OPTIX_COMPILE_DEBUG_LEVEL_NONE, or no useful information is present for the current block.
Warning: Program is doing double precision computations. No source location available. The input PTX may not contain debug information (nvcc option: -lineinfo), OptixModuleCompileOptions::debugLevel set to OPTIX_COMPILE_DEBUG_LEVEL_NONE, or no useful information is present for the current block.
Warning: Program is doing double precision computations. No source location available. The input PTX may not contain debug information (nvcc option: -lineinfo), OptixModuleCompileOptions::debugLevel set to OPTIX_COMPILE_DEBUG_LEVEL_NONE, or no useful information is present for the current block.
Warning: Program is doing double precision computations. No source location available. The input PTX may not contain debug information (nvcc option: -lineinfo), OptixModuleCompileOptions::debugLevel set to OPTIX_COMPILE_DEBUG_LEVEL_NONE, or no useful information is present for the current block.
Warning: Program is doing double precision computations. No source location available. The input PTX may not contain debug information (nvcc option: -lineinfo), OptixModuleCompileOptions::debugLevel set to OPTIX_COMPILE_DEBUG_LEVEL_NONE, or no useful information is present for the current block.
Warning: Program is doing double precision computations. No source location available. The input PTX may not contain debug information (nvcc option: -lineinfo), OptixModuleCompileOptions::debugLevel set to OPTIX_COMPILE_DEBUG_LEVEL_NONE, or no useful information is present for the current block.
Warning: Program is doing double precision computations. No source location available. The input PTX may not contain debug information (nvcc option: -lineinfo), OptixModuleCompileOptions::debugLevel set to OPTIX_COMPILE_DEBUG_LEVEL_NONE, or no useful information is present for the current block.
Warning: Program is doing double precision computations. No source location available. The input PTX may not contain debug information (nvcc option: -lineinfo), OptixModuleCompileOptions::debugLevel set to OPTIX_COMPILE_DEBUG_LEVEL_NONE, or no useful information is present for the current block.
Warning: Program is doing double precision computations. No source location available. The input PTX may not contain debug information (nvcc option: -lineinfo), OptixModuleCompileOptions::debugLevel set to OPTIX_COMPILE_DEBUG_LEVEL_NONE, or no useful information is present for the current block.
Warning: Program is doing double precision computations. No source location available. The input PTX may not contain debug information (nvcc option: -lineinfo), OptixModuleCompileOptions::debugLevel set to OPTIX_COMPILE_DEBUG_LEVEL_NONE, or no useful information is present for the current block.
Warning: Program is doing double precision computations. No source location available. The input PTX may not contain debug information (nvcc option: -lineinfo), OptixModuleCompileOptions::debugLevel set to OPTIX_COMPILE_DEBUG_LEVEL_NONE, or no useful information is present for the current block.
Warning: Program is doing double precision computations. No source location available. The input PTX may not contain debug information (nvcc option: -lineinfo), OptixModuleCompileOptions::debugLevel set to OPTIX_COMPILE_DEBUG_LEVEL_NONE, or no useful information is present for the current block.
Warning: Program is doing double precision computations. No source location available. The input PTX may not contain debug information (nvcc option: -lineinfo), OptixModuleCompileOptions::debugLevel set to OPTIX_COMPILE_DEBUG_LEVEL_NONE, or no useful information is present for the current block.
Warning: Program is doing double precision computations. No source location available. The input PTX may not contain debug information (nvcc option: -lineinfo), OptixModuleCompileOptions::debugLevel set to OPTIX_COMPILE_DEBUG_LEVEL_NONE, or no useful information is present for the current block.
Warning: Program is doing double precision computations. No source location available. The input PTX may not contain debug information (nvcc option: -lineinfo), OptixModuleCompileOptions::debugLevel set to OPTIX_COMPILE_DEBUG_LEVEL_NONE, or no useful information is present for the current block.
Warning: Program is doing double precision computations. No source location available. The input PTX may not contain debug information (nvcc option: -lineinfo), OptixModuleCompileOptions::debugLevel set to OPTIX_COMPILE_DEBUG_LEVEL_NONE, or no useful information is present for the current block.
Warning: Program is doing double precision computations. No source location available. The input PTX may not contain debug information (nvcc option: -lineinfo), OptixModuleCompileOptions::debugLevel set to OPTIX_COMPILE_DEBUG_LEVEL_NONE, or no useful information is present for the current block.
Warning: Program is doing double precision computations. No source location available. The input PTX may not contain debug information (nvcc option: -lineinfo), OptixModuleCompileOptions::debugLevel set to OPTIX_COMPILE_DEBUG_LEVEL_NONE, or no useful information is present for the current block.
Warning: Program is doing double precision computations. No source location available. The input PTX may not contain debug information (nvcc option: -lineinfo), OptixModuleCompileOptions::debugLevel set to OPTIX_COMPILE_DEBUG_LEVEL_NONE, or no useful information is present for the current block.
Warning: Program is doing double precision computations. No source location available. The input PTX may not contain debug information (nvcc option: -lineinfo), OptixModuleCompileOptions::debugLevel set to OPTIX_COMPILE_DEBUG_LEVEL_NONE, or no useful information is present for the current block.
Warning: Program is doing double precision computations. No source location available. The input PTX may not contain debug information (nvcc option: -lineinfo), OptixModuleCompileOptions::debugLevel set to OPTIX_COMPILE_DEBUG_LEVEL_NONE, or no useful information is present for the current block.
Warning: Program is doing double precision computations. No source location available. The input PTX may not contain debug information (nvcc option: -lineinfo), OptixModuleCompileOptions::debugLevel set to OPTIX_COMPILE_DEBUG_LEVEL_NONE, or no useful information is present for the current block.
Warning: Program is doing double precision computations. No source location available. The input PTX may not contain debug information (nvcc option: -lineinfo), OptixModuleCompileOptions::debugLevel set to OPTIX_COMPILE_DEBUG_LEVEL_NONE, or no useful information is present for the current block.
Warning: Program is doing double precision computations. No source location available. The input PTX may not contain debug information (nvcc option: -lineinfo), OptixModuleCompileOptions::debugLevel set to OPTIX_COMPILE_DEBUG_LEVEL_NONE, or no useful information is present for the current block.
Warning: Program is doing double precision computations. No source location available. The input PTX may not contain debug information (nvcc option: -lineinfo), OptixModuleCompileOptions::debugLevel set to OPTIX_COMPILE_DEBUG_LEVEL_NONE, or no useful information is present for the current block.
Warning: Program is doing double precision computations. No source location available. The input PTX may not contain debug information (nvcc option: -lineinfo), OptixModuleCompileOptions::debugLevel set to OPTIX_COMPILE_DEBUG_LEVEL_NONE, or no useful information is present for the current block.
Warning: Program is doing double precision computations. No source location available. The input PTX may not contain debug information (nvcc option: -lineinfo), OptixModuleCompileOptions::debugLevel set to OPTIX_COMPILE_DEBUG_LEVEL_NONE, or no useful information is present for the current block.
Warning: Program is doing double precision computations. No source location available. The input PTX may not contain debug information (nvcc option: -lineinfo), OptixModuleCompileOptions::debugLevel set to OPTIX_COMPILE_DEBUG_LEVEL_NONE, or no useful information is present for the current block.
Warning: Program is doing double precision computations. No source location available. The input PTX may not contain debug information (nvcc option: -lineinfo), OptixModuleCompileOptions::debugLevel set to OPTIX_COMPILE_DEBUG_LEVEL_NONE, or no useful information is present for the current block.
Warning: Program is doing double precision computations. No source location available. The input PTX may not contain debug information (nvcc option: -lineinfo), OptixModuleCompileOptions::debugLevel set to OPTIX_COMPILE_DEBUG_LEVEL_NONE, or no useful information is present for the current block.
Warning: Program is doing double precision computations. No source location available. The input PTX may not contain debug information (nvcc option: -lineinfo), OptixModuleCompileOptions::debugLevel set to OPTIX_COMPILE_DEBUG_LEVEL_NONE, or no useful information is present for the current block.
Warning: Program is doing double precision computations. No source location available. The input PTX may not contain debug information (nvcc option: -lineinfo), OptixModuleCompileOptions::debugLevel set to OPTIX_COMPILE_DEBUG_LEVEL_NONE, or no useful information is present for the current block.
Warning: Program is doing double precision computations. No source location available. The input PTX may not contain debug information (nvcc option: -lineinfo), OptixModuleCompileOptions::debugLevel set to OPTIX_COMPILE_DEBUG_LEVEL_NONE, or no useful information is present for the current block.
Warning: Program is doing double precision computations. No source location available. The input PTX may not contain debug information (nvcc option: -lineinfo), OptixModuleCompileOptions::debugLevel set to OPTIX_COMPILE_DEBUG_LEVEL_NONE, or no useful information is present for the current block.
Warning: Program is doing double precision computations. No source location available. The input PTX may not contain debug information (nvcc option: -lineinfo), OptixModuleCompileOptions::debugLevel set to OPTIX_COMPILE_DEBUG_LEVEL_NONE, or no useful information is present for the current block.
Warning: Program is doing double precision computations. No source location available. The input PTX may not contain debug information (nvcc option: -lineinfo), OptixModuleCompileOptions::debugLevel set to OPTIX_COMPILE_DEBUG_LEVEL_NONE, or no useful information is present for the current block.
Warning: Program is doing double precision computations. No source location available. The input PTX may not contain debug information (nvcc option: -lineinfo), OptixModuleCompileOptions::debugLevel set to OPTIX_COMPILE_DEBUG_LEVEL_NONE, or no useful information is present for the current block.
Warning: Program is doing double precision computations. No source location available. The input PTX may not contain debug information (nvcc option: -lineinfo), OptixModuleCompileOptions::debugLevel set to OPTIX_COMPILE_DEBUG_LEVEL_NONE, or no useful information is present for the current block.
Warning: Program is doing double precision computations. No source location available. The input PTX may not contain debug information (nvcc option: -lineinfo), OptixModuleCompileOptions::debugLevel set to OPTIX_COMPILE_DEBUG_LEVEL_NONE, or no useful information is present for the current block.
Warning: Program is doing double precision computations. No source location available. The input PTX may not contain debug information (nvcc option: -lineinfo), OptixModuleCompileOptions::debugLevel set to OPTIX_COMPILE_DEBUG_LEVEL_NONE, or no useful information is present for the current block.
Warning: Program is doing double precision computations. No source location available. The input PTX may not contain debug information (nvcc option: -lineinfo), OptixModuleCompileOptions::debugLevel set to OPTIX_COMPILE_DEBUG_LEVEL_NONE, or no useful information is present for the current block.
Warning: Program is doing double precision computations. No source location available. The input PTX may not contain debug information (nvcc option: -lineinfo), OptixModuleCompileOptions::debugLevel set to OPTIX_COMPILE_DEBUG_LEVEL_NONE, or no useful information is present for the current block.
Warning: Program is doing double precision computations. No source location available. The input PTX may not contain debug information (nvcc option: -lineinfo), OptixModuleCompileOptions::debugLevel set to OPTIX_COMPILE_DEBUG_LEVEL_NONE, or no useful information is present for the current block.
Warning: Program is doing double precision computations. No source location available. The input PTX may not contain debug information (nvcc option: -lineinfo), OptixModuleCompileOptions::debugLevel set to OPTIX_COMPILE_DEBUG_LEVEL_NONE, or no useful information is present for the current block.
Warning: Program is doing double precision computations. No source location available. The input PTX may not contain debug information (nvcc option: -lineinfo), OptixModuleCompileOptions::debugLevel set to OPTIX_COMPILE_DEBUG_LEVEL_NONE, or no useful information is present for the current block.
Warning: Program is doing double precision computations. No source location available. The input PTX may not contain debug information (nvcc option: -lineinfo), OptixModuleCompileOptions::debugLevel set to OPTIX_COMPILE_DEBUG_LEVEL_NONE, or no useful information is present for the current block.
Warning: Program is doing double precision computations. No source location available. The input PTX may not contain debug information (nvcc option: -lineinfo), OptixModuleCompileOptions::debugLevel set to OPTIX_COMPILE_DEBUG_LEVEL_NONE, or no useful information is present for the current block.
Warning: Program is doing double precision computations. No source location available. The input PTX may not contain debug information (nvcc option: -lineinfo), OptixModuleCompileOptions::debugLevel set to OPTIX_COMPILE_DEBUG_LEVEL_NONE, or no useful information is present for the current block.
Warning: Program is doing double precision computations. No source location available. The input PTX may not contain debug information (nvcc option: -lineinfo), OptixModuleCompileOptions::debugLevel set to OPTIX_COMPILE_DEBUG_LEVEL_NONE, or no useful information is present for the current block.
Warning: Program is doing double precision computations. No source location available. The input PTX may not contain debug information (nvcc option: -lineinfo), OptixModuleCompileOptions::debugLevel set to OPTIX_COMPILE_DEBUG_LEVEL_NONE, or no useful information is present for the current block.
Warning: Program is doing double precision computations. No source location available. The input PTX may not contain debug information (nvcc option: -lineinfo), OptixModuleCompileOptions::debugLevel set to OPTIX_COMPILE_DEBUG_LEVEL_NONE, or no useful information is present for the current block.
Warning: Program is doing double precision computations. No source location available. The input PTX may not contain debug information (nvcc option: -lineinfo), OptixModuleCompileOptions::debugLevel set to OPTIX_COMPILE_DEBUG_LEVEL_NONE, or no useful information is present for the current block.
Warning: Program is doing double precision computations. No source location available. The input PTX may not contain debug information (nvcc option: -lineinfo), OptixModuleCompileOptions::debugLevel set to OPTIX_COMPILE_DEBUG_LEVEL_NONE, or no useful information is present for the current block.
Warning: Program is doing double precision computations. No source location available. The input PTX may not contain debug information (nvcc option: -lineinfo), OptixModuleCompileOptions::debugLevel set to OPTIX_COMPILE_DEBUG_LEVEL_NONE, or no useful information is present for the current block.
Warning: Program is doing double precision computations. No source location available. The input PTX may not contain debug information (nvcc option: -lineinfo), OptixModuleCompileOptions::debugLevel set to OPTIX_COMPILE_DEBUG_LEVEL_NONE, or no useful information is present for the current block.
Warning: Program is doing double precision computations. No source location available. The input PTX may not contain debug information (nvcc option: -lineinfo), OptixModuleCompileOptions::debugLevel set to OPTIX_COMPILE_DEBUG_LEVEL_NONE, or no useful information is present for the current block.
Warning: Program is doing double precision computations. No source location available. The input PTX may not contain debug information (nvcc option: -lineinfo), OptixModuleCompileOptions::debugLevel set to OPTIX_COMPILE_DEBUG_LEVEL_NONE, or no useful information is present for the current block.
Warning: Program is doing double precision computations. No source location available. The input PTX may not contain debug information (nvcc option: -lineinfo), OptixModuleCompileOptions::debugLevel set to OPTIX_COMPILE_DEBUG_LEVEL_NONE, or no useful information is present for the current block.
Warning: Program is doing double precision computations. No source location available. The input PTX may not contain debug information (nvcc option: -lineinfo), OptixModuleCompileOptions::debugLevel set to OPTIX_COMPILE_DEBUG_LEVEL_NONE, or no useful information is present for the current block.
Warning: Program is doing double precision computations. No source location available. The input PTX may not contain debug information (nvcc option: -lineinfo), OptixModuleCompileOptions::debugLevel set to OPTIX_COMPILE_DEBUG_LEVEL_NONE, or no useful information is present for the current block.
Warning: Program is doing double precision computations. No source location available. The input PTX may not contain debug information (nvcc option: -lineinfo), OptixModuleCompileOptions::debugLevel set to OPTIX_COMPILE_DEBUG_LEVEL_NONE, or no useful information is present for the current block.
Warning: Program is doing double precision computations. No source location available. The input PTX may not contain debug information (nvcc option: -lineinfo), OptixModuleCompileOptions::debugLevel set to OPTIX_COMPILE_DEBUG_LEVEL_NONE, or no useful information is present for the current block.
Warning: Program is doing double precision computations. No source location available. The input PTX may not contain debug information (nvcc option: -lineinfo), OptixModuleCompileOptions::debugLevel set to OPTIX_COMPILE_DEBUG_LEVEL_NONE, or no useful information is present for the current block.
Warning: Program is doing double precision computations. No source location available. The input PTX may not contain debug information (nvcc option: -lineinfo), OptixModuleCompileOptions::debugLevel set to OPTIX_COMPILE_DEBUG_LEVEL_NONE, or no useful information is present for the current block.
Warning: Program is doing double precision computations. No source location available. The input PTX may not contain debug information (nvcc option: -lineinfo), OptixModuleCompileOptions::debugLevel set to OPTIX_COMPILE_DEBUG_LEVEL_NONE, or no useful information is present for the current block.
Warning: Program is doing double precision computations. No source location available. The input PTX may not contain debug information (nvcc option: -lineinfo), OptixModuleCompileOptions::debugLevel set to OPTIX_COMPILE_DEBUG_LEVEL_NONE, or no useful information is present for the current block.
Warning: Program is doing double precision computations. No source location available. The input PTX may not contain debug information (nvcc option: -lineinfo), OptixModuleCompileOptions::debugLevel set to OPTIX_COMPILE_DEBUG_LEVEL_NONE, or no useful information is present for the current block.
Warning: Program is doing double precision computations. No source location available. The input PTX may not contain debug information (nvcc option: -lineinfo), OptixModuleCompileOptions::debugLevel set to OPTIX_COMPILE_DEBUG_LEVEL_NONE, or no useful information is present for the current block.
Warning: Program is doing double precision computations. No source location available. The input PTX may not contain debug information (nvcc option: -lineinfo), OptixModuleCompileOptions::debugLevel set to OPTIX_COMPILE_DEBUG_LEVEL_NONE, or no useful information is present for the current block.
Warning: Program is doing double precision computations. No source location available. The input PTX may not contain debug information (nvcc option: -lineinfo), OptixModuleCompileOptions::debugLevel set to OPTIX_COMPILE_DEBUG_LEVEL_NONE, or no useful information is present for the current block.
Warning: Program is doing double precision computations. No source location available. The input PTX may not contain debug information (nvcc option: -lineinfo), OptixModuleCompileOptions::debugLevel set to OPTIX_COMPILE_DEBUG_LEVEL_NONE, or no useful information is present for the current block.
Warning: Program is doing double precision computations. No source location available. The input PTX may not contain debug information (nvcc option: -lineinfo), OptixModuleCompileOptions::debugLevel set to OPTIX_COMPILE_DEBUG_LEVEL_NONE, or no useful information is present for the current block.
Warning: Program is doing double precision computations. No source location available. The input PTX may not contain debug information (nvcc option: -lineinfo), OptixModuleCompileOptions::debugLevel set to OPTIX_COMPILE_DEBUG_LEVEL_NONE, or no useful information is present for the current block.
Warning: Program is doing double precision computations. No source location available. The input PTX may not contain debug information (nvcc option: -lineinfo), OptixModuleCompileOptions::debugLevel set to OPTIX_COMPILE_DEBUG_LEVEL_NONE, or no useful information is present for the current block.
Warning: Program is doing double precision computations. No source location available. The input PTX may not contain debug information (nvcc option: -lineinfo), OptixModuleCompileOptions::debugLevel set to OPTIX_COMPILE_DEBUG_LEVEL_NONE, or no useful information is present for the current block.
Warning: Program is doing double precision computations. No source location available. The input PTX may not contain debug information (nvcc option: -lineinfo), OptixModuleCompileOptions::debugLevel set to OPTIX_COMPILE_DEBUG_LEVEL_NONE, or no useful information is present for the current block.
Warning: Program is doing double precision computations. No source location available. The input PTX may not contain debug information (nvcc option: -lineinfo), OptixModuleCompileOptions::debugLevel set to OPTIX_COMPILE_DEBUG_LEVEL_NONE, or no useful information is present for the current block.
Warning: Program is doing double precision computations. No source location available. The input PTX may not contain debug information (nvcc option: -lineinfo), OptixModuleCompileOptions::debugLevel set to OPTIX_COMPILE_DEBUG_LEVEL_NONE, or no useful information is present for the current block.
Warning: Program is doing double precision computations. No source location available. The input PTX may not contain debug information (nvcc option: -lineinfo), OptixModuleCompileOptions::debugLevel set to OPTIX_COMPILE_DEBUG_LEVEL_NONE, or no useful information is present for the current block.
Warning: Program is doing double precision computations. No source location available. The input PTX may not contain debug information (nvcc option: -lineinfo), OptixModuleCompileOptions::debugLevel set to OPTIX_COMPILE_DEBUG_LEVEL_NONE, or no useful information is present for the current block.
Warning: Program is doing double precision computations. No source location available. The input PTX may not contain debug information (nvcc option: -lineinfo), OptixModuleCompileOptions::debugLevel set to OPTIX_COMPILE_DEBUG_LEVEL_NONE, or no useful information is present for the current block.
Warning: Program is doing double precision computations. No source location available. The input PTX may not contain debug information (nvcc option: -lineinfo), OptixModuleCompileOptions::debugLevel set to OPTIX_COMPILE_DEBUG_LEVEL_NONE, or no useful information is present for the current block.
Warning: Program is doing double precision computations. No source location available. The input PTX may not contain debug information (nvcc option: -lineinfo), OptixModuleCompileOptions::debugLevel set to OPTIX_COMPILE_DEBUG_LEVEL_NONE, or no useful information is present for the current block.
Warning: Program is doing double precision computations. No source location available. The input PTX may not contain debug information (nvcc option: -lineinfo), OptixModuleCompileOptions::debugLevel set to OPTIX_COMPILE_DEBUG_LEVEL_NONE, or no useful information is present for the current block.
Warning: Program is doing double precision computations. No source location available. The input PTX may not contain debug information (nvcc option: -lineinfo), OptixModuleCompileOptions::debugLevel set to OPTIX_COMPILE_DEBUG_LEVEL_NONE, or no useful information is present for the current block.
Warning: Program is doing double precision computations. No source location available. The input PTX may not contain debug information (nvcc option: -lineinfo), OptixModuleCompileOptions::debugLevel set to OPTIX_COMPILE_DEBUG_LEVEL_NONE, or no useful information is present for the current block.
Warning: Program is doing double precision computations. No source location available. The input PTX may not contain debug information (nvcc option: -lineinfo), OptixModuleCompileOptions::debugLevel set to OPTIX_COMPILE_DEBUG_LEVEL_NONE, or no useful information is present for the current block.
Warning: Program is doing double precision computations. No source location available. The input PTX may not contain debug information (nvcc option: -lineinfo), OptixModuleCompileOptions::debugLevel set to OPTIX_COMPILE_DEBUG_LEVEL_NONE, or no useful information is present for the current block.
Warning: Program is doing double precision computations. No source location available. The input PTX may not contain debug information (nvcc option: -lineinfo), OptixModuleCompileOptions::debugLevel set to OPTIX_COMPILE_DEBUG_LEVEL_NONE, or no useful information is present for the current block.
Warning: Program is doing double precision computations. No source location available. The input PTX may not contain debug information (nvcc option: -lineinfo), OptixModuleCompileOptions::debugLevel set to OPTIX_COMPILE_DEBUG_LEVEL_NONE, or no useful information is present for the current block.
Warning: Program is doing double precision computations. No source location available. The input PTX may not contain debug information (nvcc option: -lineinfo), OptixModuleCompileOptions::debugLevel set to OPTIX_COMPILE_DEBUG_LEVEL_NONE, or no useful information is present for the current block.
Warning: Program is doing double precision computations. No source location available. The input PTX may not contain debug information (nvcc option: -lineinfo), OptixModuleCompileOptions::debugLevel set to OPTIX_COMPILE_DEBUG_LEVEL_NONE, or no useful information is present for the current block.
Warning: Program is doing double precision computations. No source location available. The input PTX may not contain debug information (nvcc option: -lineinfo), OptixModuleCompileOptions::debugLevel set to OPTIX_COMPILE_DEBUG_LEVEL_NONE, or no useful information is present for the current block.
Warning: Program is doing double precision computations. No source location available. The input PTX may not contain debug information (nvcc option: -lineinfo), OptixModuleCompileOptions::debugLevel set to OPTIX_COMPILE_DEBUG_LEVEL_NONE, or no useful information is present for the current block.
Warning: Program is doing double precision computations. No source location available. The input PTX may not contain debug information (nvcc option: -lineinfo), OptixModuleCompileOptions::debugLevel set to OPTIX_COMPILE_DEBUG_LEVEL_NONE, or no useful information is present for the current block.
Warning: Program is doing double precision computations. No source location available. The input PTX may not contain debug information (nvcc option: -lineinfo), OptixModuleCompileOptions::debugLevel set to OPTIX_COMPILE_DEBUG_LEVEL_NONE, or no useful information is present for the current block.
Warning: Program is doing double precision computations. No source location available. The input PTX may not contain debug information (nvcc option: -lineinfo), OptixModuleCompileOptions::debugLevel set to OPTIX_COMPILE_DEBUG_LEVEL_NONE, or no useful information is present for the current block.
Warning: Program is doing double precision computations. No source location available. The input PTX may not contain debug information (nvcc option: -lineinfo), OptixModuleCompileOptions::debugLevel set to OPTIX_COMPILE_DEBUG_LEVEL_NONE, or no useful information is present for the current block.
Warning: Program is doing double precision computations. No source location available. The input PTX may not contain debug information (nvcc option: -lineinfo), OptixModuleCompileOptions::debugLevel set to OPTIX_COMPILE_DEBUG_LEVEL_NONE, or no useful information is present for the current block.
Warning: Program is doing double precision computations. No source location available. The input PTX may not contain debug information (nvcc option: -lineinfo), OptixModuleCompileOptions::debugLevel set to OPTIX_COMPILE_DEBUG_LEVEL_NONE, or no useful information is present for the current block.
Warning: Program is doing double precision computations. No source location available. The input PTX may not contain debug information (nvcc option: -lineinfo), OptixModuleCompileOptions::debugLevel set to OPTIX_COMPILE_DEBUG_LEVEL_NONE, or no useful information is present for the current block.
Warning: Program is doing double precision computations. No source location available. The input PTX may not contain debug information (nvcc option: -lineinfo), OptixModuleCompileOptions::debugLevel set to OPTIX_COMPILE_DEBUG_LEVEL_NONE, or no useful information is present for the current block.
Warning: Program is doing double precision computations. No source location available. The input PTX may not contain debug information (nvcc option: -lineinfo), OptixModuleCompileOptions::debugLevel set to OPTIX_COMPILE_DEBUG_LEVEL_NONE, or no useful information is present for the current block.
Warning: Program is doing double precision computations. No source location available. The input PTX may not contain debug information (nvcc option: -lineinfo), OptixModuleCompileOptions::debugLevel set to OPTIX_COMPILE_DEBUG_LEVEL_NONE, or no useful information is present for the current block.
Warning: Program is doing double precision computations. No source location available. The input PTX may not contain debug information (nvcc option: -lineinfo), OptixModuleCompileOptions::debugLevel set to OPTIX_COMPILE_DEBUG_LEVEL_NONE, or no useful information is present for the current block.
Warning: Program is doing double precision computations. No source location available. The input PTX may not contain debug information (nvcc option: -lineinfo), OptixModuleCompileOptions::debugLevel set to OPTIX_COMPILE_DEBUG_LEVEL_NONE, or no useful information is present for the current block.
Warning: Program is doing double precision computations. No source location available. The input PTX may not contain debug information (nvcc option: -lineinfo), OptixModuleCompileOptions::debugLevel set to OPTIX_COMPILE_DEBUG_LEVEL_NONE, or no useful information is present for the current block.
Warning: Program is doing double precision computations. No source location available. The input PTX may not contain debug information (nvcc option: -lineinfo), OptixModuleCompileOptions::debugLevel set to OPTIX_COMPILE_DEBUG_LEVEL_NONE, or no useful information is present for the current block.
Warning: Program is doing double precision computations. No source location available. The input PTX may not contain debug information (nvcc option: -lineinfo), OptixModuleCompileOptions::debugLevel set to OPTIX_COMPILE_DEBUG_LEVEL_NONE, or no useful information is present for the current block.
Warning: Program is doing double precision computations. No source location available. The input PTX may not contain debug information (nvcc option: -lineinfo), OptixModuleCompileOptions::debugLevel set to OPTIX_COMPILE_DEBUG_LEVEL_NONE, or no useful information is present for the current block.
Warning: Program is doing double precision computations. No source location available. The input PTX may not contain debug information (nvcc option: -lineinfo), OptixModuleCompileOptions::debugLevel set to OPTIX_COMPILE_DEBUG_LEVEL_NONE, or no useful information is present for the current block.
Warning: Program is doing double precision computations. No source location available. The input PTX may not contain debug information (nvcc option: -lineinfo), OptixModuleCompileOptions::debugLevel set to OPTIX_COMPILE_DEBUG_LEVEL_NONE, or no useful information is present for the current block.
Warning: Program is doing double precision computations. No source location available. The input PTX may not contain debug information (nvcc option: -lineinfo), OptixModuleCompileOptions::debugLevel set to OPTIX_COMPILE_DEBUG_LEVEL_NONE, or no useful information is present for the current block.
Warning: Program is doing double precision computations. No source location available. The input PTX may not contain debug information (nvcc option: -lineinfo), OptixModuleCompileOptions::debugLevel set to OPTIX_COMPILE_DEBUG_LEVEL_NONE, or no useful information is present for the current block.
Warning: Program is doing double precision computations. No source location available. The input PTX may not contain debug information (nvcc option: -lineinfo), OptixModuleCompileOptions::debugLevel set to OPTIX_COMPILE_DEBUG_LEVEL_NONE, or no useful information is present for the current block.
Warning: Program is doing double precision computations. No source location available. The input PTX may not contain debug information (nvcc option: -lineinfo), OptixModuleCompileOptions::debugLevel set to OPTIX_COMPILE_DEBUG_LEVEL_NONE, or no useful information is present for the current block.
Warning: Program is doing double precision computations. No source location available. The input PTX may not contain debug information (nvcc option: -lineinfo), OptixModuleCompileOptions::debugLevel set to OPTIX_COMPILE_DEBUG_LEVEL_NONE, or no useful information is present for the current block.
Warning: Program is doing double precision computations. No source location available. The input PTX may not contain debug information (nvcc option: -lineinfo), OptixModuleCompileOptions::debugLevel set to OPTIX_COMPILE_DEBUG_LEVEL_NONE, or no useful information is present for the current block.
Warning: Program is doing double precision computations. No source location available. The input PTX may not contain debug information (nvcc option: -lineinfo), OptixModuleCompileOptions::debugLevel set to OPTIX_COMPILE_DEBUG_LEVEL_NONE, or no useful information is present for the current block.
Warning: Program is doing double precision computations. No source location available. The input PTX may not contain debug information (nvcc option: -lineinfo), OptixModuleCompileOptions::debugLevel set to OPTIX_COMPILE_DEBUG_LEVEL_NONE, or no useful information is present for the current block.
Warning: Program is doing double precision computations. No source location available. The input PTX may not contain debug information (nvcc option: -lineinfo), OptixModuleCompileOptions::debugLevel set to OPTIX_COMPILE_DEBUG_LEVEL_NONE, or no useful information is present for the current block.
Warning: Program is doing double precision computations. No source location available. The input PTX may not contain debug information (nvcc option: -lineinfo), OptixModuleCompileOptions::debugLevel set to OPTIX_COMPILE_DEBUG_LEVEL_NONE, or no useful information is present for the current block.
Warning: Program is doing double precision computations. No source location available. The input PTX may not contain debug information (nvcc option: -lineinfo), OptixModuleCompileOptions::debugLevel set to OPTIX_COMPILE_DEBUG_LEVEL_NONE, or no useful information is present for the current block.
Warning: Program is doing double precision computations. No source location available. The input PTX may not contain debug information (nvcc option: -lineinfo), OptixModuleCompileOptions::debugLevel set to OPTIX_COMPILE_DEBUG_LEVEL_NONE, or no useful information is present for the current block.
Warning: Program is doing double precision computations. No source location available. The input PTX may not contain debug information (nvcc option: -lineinfo), OptixModuleCompileOptions::debugLevel set to OPTIX_COMPILE_DEBUG_LEVEL_NONE, or no useful information is present for the current block.
Warning: Program is doing double precision computations. No source location available. The input PTX may not contain debug information (nvcc option: -lineinfo), OptixModuleCompileOptions::debugLevel set to OPTIX_COMPILE_DEBUG_LEVEL_NONE, or no useful information is present for the current block.
Warning: Program is doing double precision computations. No source location available. The input PTX may not contain debug information (nvcc option: -lineinfo), OptixModuleCompileOptions::debugLevel set to OPTIX_COMPILE_DEBUG_LEVEL_NONE, or no useful information is present for the current block.
Warning: Program is doing double precision computations. No source location available. The input PTX may not contain debug information (nvcc option: -lineinfo), OptixModuleCompileOptions::debugLevel set to OPTIX_COMPILE_DEBUG_LEVEL_NONE, or no useful information is present for the current block.
Warning: Program is doing double precision computations. No source location available. The input PTX may not contain debug information (nvcc option: -lineinfo), OptixModuleCompileOptions::debugLevel set to OPTIX_COMPILE_DEBUG_LEVEL_NONE, or no useful information is present for the current block.
Warning: Program is doing double precision computations. No source location available. The input PTX may not contain debug information (nvcc option: -lineinfo), OptixModuleCompileOptions::debugLevel set to OPTIX_COMPILE_DEBUG_LEVEL_NONE, or no useful information is present for the current block.
Warning: Program is doing double precision computations. No source location available. The input PTX may not contain debug information (nvcc option: -lineinfo), OptixModuleCompileOptions::debugLevel set to OPTIX_COMPILE_DEBUG_LEVEL_NONE, or no useful information is present for the current block.
Warning: Program is doing double precision computations. No source location available. The input PTX may not contain debug information (nvcc option: -lineinfo), OptixModuleCompileOptions::debugLevel set to OPTIX_COMPILE_DEBUG_LEVEL_NONE, or no useful information is present for the current block.
Warning: Program is doing double precision computations. No source location available. The input PTX may not contain debug information (nvcc option: -lineinfo), OptixModuleCompileOptions::debugLevel set to OPTIX_COMPILE_DEBUG_LEVEL_NONE, or no useful information is present for the current block.
Warning: Program is doing double precision computations. No source location available. The input PTX may not contain debug information (nvcc option: -lineinfo), OptixModuleCompileOptions::debugLevel set to OPTIX_COMPILE_DEBUG_LEVEL_NONE, or no useful information is present for the current block.
Warning: Program is doing double precision computations. No source location available. The input PTX may not contain debug information (nvcc option: -lineinfo), OptixModuleCompileOptions::debugLevel set to OPTIX_COMPILE_DEBUG_LEVEL_NONE, or no useful information is present for the current block.
Warning: Program is doing double precision computations. No source location available. The input PTX may not contain debug information (nvcc option: -lineinfo), OptixModuleCompileOptions::debugLevel set to OPTIX_COMPILE_DEBUG_LEVEL_NONE, or no useful information is present for the current block.
Warning: Program is doing double precision computations. No source location available. The input PTX may not contain debug information (nvcc option: -lineinfo), OptixModuleCompileOptions::debugLevel set to OPTIX_COMPILE_DEBUG_LEVEL_NONE, or no useful information is present for the current block.
Warning: Program is doing double precision computations. No source location available. The input PTX may not contain debug information (nvcc option: -lineinfo), OptixModuleCompileOptions::debugLevel set to OPTIX_COMPILE_DEBUG_LEVEL_NONE, or no useful information is present for the current block.
Warning: Program is doing double precision computations. No source location available. The input PTX may not contain debug information (nvcc option: -lineinfo), OptixModuleCompileOptions::debugLevel set to OPTIX_COMPILE_DEBUG_LEVEL_NONE, or no useful information is present for the current block.
Warning: Program is doing double precision computations. No source location available. The input PTX may not contain debug information (nvcc option: -lineinfo), OptixModuleCompileOptions::debugLevel set to OPTIX_COMPILE_DEBUG_LEVEL_NONE, or no useful information is present for the current block.
Warning: Program is doing double precision computations. No source location available. The input PTX may not contain debug information (nvcc option: -lineinfo), OptixModuleCompileOptions::debugLevel set to OPTIX_COMPILE_DEBUG_LEVEL_NONE, or no useful information is present for the current block.
Warning: Program is doing double precision computations. No source location available. The input PTX may not contain debug information (nvcc option: -lineinfo), OptixModuleCompileOptions::debugLevel set to OPTIX_COMPILE_DEBUG_LEVEL_NONE, or no useful information is present for the current block.
Warning: Program is doing double precision computations. No source location available. The input PTX may not contain debug information (nvcc option: -lineinfo), OptixModuleCompileOptions::debugLevel set to OPTIX_COMPILE_DEBUG_LEVEL_NONE, or no useful information is present for the current block.
Warning: Program is doing double precision computations. No source location available. The input PTX may not contain debug information (nvcc option: -lineinfo), OptixModuleCompileOptions::debugLevel set to OPTIX_COMPILE_DEBUG_LEVEL_NONE, or no useful information is present for the current block.
Warning: Program is doing double precision computations. No source location available. The input PTX may not contain debug information (nvcc option: -lineinfo), OptixModuleCompileOptions::debugLevel set to OPTIX_COMPILE_DEBUG_LEVEL_NONE, or no useful information is present for the current block.
Warning: Program is doing double precision computations. No source location available. The input PTX may not contain debug information (nvcc option: -lineinfo), OptixModuleCompileOptions::debugLevel set to OPTIX_COMPILE_DEBUG_LEVEL_NONE, or no useful information is present for the current block.
Warning: Program is doing double precision computations. No source location available. The input PTX may not contain debug information (nvcc option: -lineinfo), OptixModuleCompileOptions::debugLevel set to OPTIX_COMPILE_DEBUG_LEVEL_NONE, or no useful information is present for the current block.
Warning: Program is doing double precision computations. No source location available. The input PTX may not contain debug information (nvcc option: -lineinfo), OptixModuleCompileOptions::debugLevel set to OPTIX_COMPILE_DEBUG_LEVEL_NONE, or no useful information is present for the current block.
Warning: Program is doing double precision computations. No source location available. The input PTX may not contain debug information (nvcc option: -lineinfo), OptixModuleCompileOptions::debugLevel set to OPTIX_COMPILE_DEBUG_LEVEL_NONE, or no useful information is present for the current block.
Warning: Program is doing double precision computations. No source location available. The input PTX may not contain debug information (nvcc option: -lineinfo), OptixModuleCompileOptions::debugLevel set to OPTIX_COMPILE_DEBUG_LEVEL_NONE, or no useful information is present for the current block.
Warning: Program is doing double precision computations. No source location available. The input PTX may not contain debug information (nvcc option: -lineinfo), OptixModuleCompileOptions::debugLevel set to OPTIX_COMPILE_DEBUG_LEVEL_NONE, or no useful information is present for the current block.
Warning: Program is doing double precision computations. No source location available. The input PTX may not contain debug information (nvcc option: -lineinfo), OptixModuleCompileOptions::debugLevel set to OPTIX_COMPILE_DEBUG_LEVEL_NONE, or no useful information is present for the current block.
Warning: Program is doing double precision computations. No source location available. The input PTX may not contain debug information (nvcc option: -lineinfo), OptixModuleCompileOptions::debugLevel set to OPTIX_COMPILE_DEBUG_LEVEL_NONE, or no useful information is present for the current block.
Warning: Program is doing double precision computations. No source location available. The input PTX may not contain debug information (nvcc option: -lineinfo), OptixModuleCompileOptions::debugLevel set to OPTIX_COMPILE_DEBUG_LEVEL_NONE, or no useful information is present for the current block.
Warning: Program is doing double precision computations. No source location available. The input PTX may not contain debug information (nvcc option: -lineinfo), OptixModuleCompileOptions::debugLevel set to OPTIX_COMPILE_DEBUG_LEVEL_NONE, or no useful information is present for the current block.
Warning: Program is doing double precision computations. No source location available. The input PTX may not contain debug information (nvcc option: -lineinfo), OptixModuleCompileOptions::debugLevel set to OPTIX_COMPILE_DEBUG_LEVEL_NONE, or no useful information is present for the current block.
Warning: Program is doing double precision computations. No source location available. The input PTX may not contain debug information (nvcc option: -lineinfo), OptixModuleCompileOptions::debugLevel set to OPTIX_COMPILE_DEBUG_LEVEL_NONE, or no useful information is present for the current block.
Warning: Program is doing double precision computations. No source location available. The input PTX may not contain debug information (nvcc option: -lineinfo), OptixModuleCompileOptions::debugLevel set to OPTIX_COMPILE_DEBUG_LEVEL_NONE, or no useful information is present for the current block.
Warning: Program is doing double precision computations. No source location available. The input PTX may not contain debug information (nvcc option: -lineinfo), OptixModuleCompileOptions::debugLevel set to OPTIX_COMPILE_DEBUG_LEVEL_NONE, or no useful information is present for the current block.
Warning: Program is doing double precision computations. No source location available. The input PTX may not contain debug information (nvcc option: -lineinfo), OptixModuleCompileOptions::debugLevel set to OPTIX_COMPILE_DEBUG_LEVEL_NONE, or no useful information is present for the current block.
Warning: Program is doing double precision computations. No source location available. The input PTX may not contain debug information (nvcc option: -lineinfo), OptixModuleCompileOptions::debugLevel set to OPTIX_COMPILE_DEBUG_LEVEL_NONE, or no useful information is present for the current block.
Warning: Program is doing double precision computations. No source location available. The input PTX may not contain debug information (nvcc option: -lineinfo), OptixModuleCompileOptions::debugLevel set to OPTIX_COMPILE_DEBUG_LEVEL_NONE, or no useful information is present for the current block.
Warning: Program is doing double precision computations. No source location available. The input PTX may not contain debug information (nvcc option: -lineinfo), OptixModuleCompileOptions::debugLevel set to OPTIX_COMPILE_DEBUG_LEVEL_NONE, or no useful information is present for the current block.
Warning: Program is doing double precision computations. No source location available. The input PTX may not contain debug information (nvcc option: -lineinfo), OptixModuleCompileOptions::debugLevel set to OPTIX_COMPILE_DEBUG_LEVEL_NONE, or no useful information is present for the current block.
Warning: Program is doing double precision computations. No source location available. The input PTX may not contain debug information (nvcc option: -lineinfo), OptixModuleCompileOptions::debugLevel set to OPTIX_COMPILE_DEBUG_LEVEL_NONE, or no useful information is present for the current block.
Warning: Program is doing double precision computations. No source location available. The input PTX may not contain debug information (nvcc option: -lineinfo), OptixModuleCompileOptions::debugLevel set to OPTIX_COMPILE_DEBUG_LEVEL_NONE, or no useful information is present for the current block.
Warning: Program is doing double precision computations. No source location available. The input PTX may not contain debug information (nvcc option: -lineinfo), OptixModuleCompileOptions::debugLevel set to OPTIX_COMPILE_DEBUG_LEVEL_NONE, or no useful information is present for the current block.
Warning: Program is doing double precision computations. No source location available. The input PTX may not contain debug information (nvcc option: -lineinfo), OptixModuleCompileOptions::debugLevel set to OPTIX_COMPILE_DEBUG_LEVEL_NONE, or no useful information is present for the current block.
Warning: Program is doing double precision computations. No source location available. The input PTX may not contain debug information (nvcc option: -lineinfo), OptixModuleCompileOptions::debugLevel set to OPTIX_COMPILE_DEBUG_LEVEL_NONE, or no useful information is present for the current block.
Warning: Program is doing double precision computations. No source location available. The input PTX may not contain debug information (nvcc option: -lineinfo), OptixModuleCompileOptions::debugLevel set to OPTIX_COMPILE_DEBUG_LEVEL_NONE, or no useful information is present for the current block.
Warning: Program is doing double precision computations. No source location available. The input PTX may not contain debug information (nvcc option: -lineinfo), OptixModuleCompileOptions::debugLevel set to OPTIX_COMPILE_DEBUG_LEVEL_NONE, or no useful information is present for the current block.
Warning: Program is doing double precision computations. No source location available. The input PTX may not contain debug information (nvcc option: -lineinfo), OptixModuleCompileOptions::debugLevel set to OPTIX_COMPILE_DEBUG_LEVEL_NONE, or no useful information is present for the current block.
Warning: Program is doing double precision computations. No source location available. The input PTX may not contain debug information (nvcc option: -lineinfo), OptixModuleCompileOptions::debugLevel set to OPTIX_COMPILE_DEBUG_LEVEL_NONE, or no useful information is present for the current block.
Warning: Program is doing double precision computations. No source location available. The input PTX may not contain debug information (nvcc option: -lineinfo), OptixModuleCompileOptions::debugLevel set to OPTIX_COMPILE_DEBUG_LEVEL_NONE, or no useful information is present for the current block.
Warning: Program is doing double precision computations. No source location available. The input PTX may not contain debug information (nvcc option: -lineinfo), OptixModuleCompileOptions::debugLevel set to OPTIX_COMPILE_DEBUG_LEVEL_NONE, or no useful information is present for the current block.
Warning: Program is doing double precision computations. No source location available. The input PTX may not contain debug information (nvcc option: -lineinfo), OptixModuleCompileOptions::debugLevel set to OPTIX_COMPILE_DEBUG_LEVEL_NONE, or no useful information is present for the current block.
Warning: Program is doing double precision computations. No source location available. The input PTX may not contain debug information (nvcc option: -lineinfo), OptixModuleCompileOptions::debugLevel set to OPTIX_COMPILE_DEBUG_LEVEL_NONE, or no useful information is present for the current block.
Warning: Program is doing double precision computations. No source location available. The input PTX may not contain debug information (nvcc option: -lineinfo), OptixModuleCompileOptions::debugLevel set to OPTIX_COMPILE_DEBUG_LEVEL_NONE, or no useful information is present for the current block.
Warning: Program is doing double precision computations. No source location available. The input PTX may not contain debug information (nvcc option: -lineinfo), OptixModuleCompileOptions::debugLevel set to OPTIX_COMPILE_DEBUG_LEVEL_NONE, or no useful information is present for the current block.
Warning: Program is doing double precision computations. No source location available. The input PTX may not contain debug information (nvcc option: -lineinfo), OptixModuleCompileOptions::debugLevel set to OPTIX_COMPILE_DEBUG_LEVEL_NONE, or no useful information is present for the current block.
Warning: Program is doing double precision computations. No source location available. The input PTX may not contain debug information (nvcc option: -lineinfo), OptixModuleCompileOptions::debugLevel set to OPTIX_COMPILE_DEBUG_LEVEL_NONE, or no useful information is present for the current block.
Warning: Program is doing double precision computations. No source location available. The input PTX may not contain debug information (nvcc option: -lineinfo), OptixModuleCompileOptions::debugLevel set to OPTIX_COMPILE_DEBUG_LEVEL_NONE, or no useful information is present for the current block.
Warning: Program is doing double precision computations. No source location available. The input PTX may not contain debug information (nvcc option: -lineinfo), OptixModuleCompileOptions::debugLevel set to OPTIX_COMPILE_DEBUG_LEVEL_NONE, or no useful information is present for the current block.
Warning: Program is doing double precision computations. No source location available. The input PTX may not contain debug information (nvcc option: -lineinfo), OptixModuleCompileOptions::debugLevel set to OPTIX_COMPILE_DEBUG_LEVEL_NONE, or no useful information is present for the current block.
Warning: Program is doing double precision computations. No source location available. The input PTX may not contain debug information (nvcc option: -lineinfo), OptixModuleCompileOptions::debugLevel set to OPTIX_COMPILE_DEBUG_LEVEL_NONE, or no useful information is present for the current block.
Warning: Program is doing double precision computations. No source location available. The input PTX may not contain debug information (nvcc option: -lineinfo), OptixModuleCompileOptions::debugLevel set to OPTIX_COMPILE_DEBUG_LEVEL_NONE, or no useful information is present for the current block.
Warning: Program is doing double precision computations. No source location available. The input PTX may not contain debug information (nvcc option: -lineinfo), OptixModuleCompileOptions::debugLevel set to OPTIX_COMPILE_DEBUG_LEVEL_NONE, or no useful information is present for the current block.
Warning: Program is doing double precision computations. No source location available. The input PTX may not contain debug information (nvcc option: -lineinfo), OptixModuleCompileOptions::debugLevel set to OPTIX_COMPILE_DEBUG_LEVEL_NONE, or no useful information is present for the current block.
Warning: Program is doing double precision computations. No source location available. The input PTX may not contain debug information (nvcc option: -lineinfo), OptixModuleCompileOptions::debugLevel set to OPTIX_COMPILE_DEBUG_LEVEL_NONE, or no useful information is present for the current block.
Warning: Program is doing double precision computations. No source location available. The input PTX may not contain debug information (nvcc option: -lineinfo), OptixModuleCompileOptions::debugLevel set to OPTIX_COMPILE_DEBUG_LEVEL_NONE, or no useful information is present for the current block.
Warning: Program is doing double precision computations. No source location available. The input PTX may not contain debug information (nvcc option: -lineinfo), OptixModuleCompileOptions::debugLevel set to OPTIX_COMPILE_DEBUG_LEVEL_NONE, or no useful information is present for the current block.
Warning: Program is doing double precision computations. No source location available. The input PTX may not contain debug information (nvcc option: -lineinfo), OptixModuleCompileOptions::debugLevel set to OPTIX_COMPILE_DEBUG_LEVEL_NONE, or no useful information is present for the current block.
Warning: Program is doing double precision computations. No source location available. The input PTX may not contain debug information (nvcc option: -lineinfo), OptixModuleCompileOptions::debugLevel set to OPTIX_COMPILE_DEBUG_LEVEL_NONE, or no useful information is present for the current block.
Warning: Program is doing double precision computations. No source location available. The input PTX may not contain debug information (nvcc option: -lineinfo), OptixModuleCompileOptions::debugLevel set to OPTIX_COMPILE_DEBUG_LEVEL_NONE, or no useful information is present for the current block.
Warning: Program is doing double precision computations. No source location available. The input PTX may not contain debug information (nvcc option: -lineinfo), OptixModuleCompileOptions::debugLevel set to OPTIX_COMPILE_DEBUG_LEVEL_NONE, or no useful information is present for the current block.
Warning: Program is doing double precision computations. No source location available. The input PTX may not contain debug information (nvcc option: -lineinfo), OptixModuleCompileOptions::debugLevel set to OPTIX_COMPILE_DEBUG_LEVEL_NONE, or no useful information is present for the current block.
Warning: Program is doing double precision computations. No source location available. The input PTX may not contain debug information (nvcc option: -lineinfo), OptixModuleCompileOptions::debugLevel set to OPTIX_COMPILE_DEBUG_LEVEL_NONE, or no useful information is present for the current block.
Warning: Program is doing double precision computations. No source location available. The input PTX may not contain debug information (nvcc option: -lineinfo), OptixModuleCompileOptions::debugLevel set to OPTIX_COMPILE_DEBUG_LEVEL_NONE, or no useful information is present for the current block.
Warning: Program is doing double precision computations. No source location available. The input PTX may not contain debug information (nvcc option: -lineinfo), OptixModuleCompileOptions::debugLevel set to OPTIX_COMPILE_DEBUG_LEVEL_NONE, or no useful information is present for the current block.
Warning: Program is doing double precision computations. No source location available. The input PTX may not contain debug information (nvcc option: -lineinfo), OptixModuleCompileOptions::debugLevel set to OPTIX_COMPILE_DEBUG_LEVEL_NONE, or no useful information is present for the current block.
Warning: Program is doing double precision computations. No source location available. The input PTX may not contain debug information (nvcc option: -lineinfo), OptixModuleCompileOptions::debugLevel set to OPTIX_COMPILE_DEBUG_LEVEL_NONE, or no useful information is present for the current block.
Warning: Program is doing double precision computations. No source location available. The input PTX may not contain debug information (nvcc option: -lineinfo), OptixModuleCompileOptions::debugLevel set to OPTIX_COMPILE_DEBUG_LEVEL_NONE, or no useful information is present for the current block.
Warning: Program is doing double precision computations. No source location available. The input PTX may not contain debug information (nvcc option: -lineinfo), OptixModuleCompileOptions::debugLevel set to OPTIX_COMPILE_DEBUG_LEVEL_NONE, or no useful information is present for the current block.
Warning: Program is doing double precision computations. No source location available. The input PTX may not contain debug information (nvcc option: -lineinfo), OptixModuleCompileOptions::debugLevel set to OPTIX_COMPILE_DEBUG_LEVEL_NONE, or no useful information is present for the current block.
Warning: Program is doing double precision computations. No source location available. The input PTX may not contain debug information (nvcc option: -lineinfo), OptixModuleCompileOptions::debugLevel set to OPTIX_COMPILE_DEBUG_LEVEL_NONE, or no useful information is present for the current block.
Warning: Program is doing double precision computations. No source location available. The input PTX may not contain debug information (nvcc option: -lineinfo), OptixModuleCompileOptions::debugLevel set to OPTIX_COMPILE_DEBUG_LEVEL_NONE, or no useful information is present for the current block.
Warning: Program is doing double precision computations. No source location available. The input PTX may not contain debug information (nvcc option: -lineinfo), OptixModuleCompileOptions::debugLevel set to OPTIX_COMPILE_DEBUG_LEVEL_NONE, or no useful information is present for the current block.
Warning: Program is doing double precision computations. No source location available. The input PTX may not contain debug information (nvcc option: -lineinfo), OptixModuleCompileOptions::debugLevel set to OPTIX_COMPILE_DEBUG_LEVEL_NONE, or no useful information is present for the current block.
Warning: Program is doing double precision computations. No source location available. The input PTX may not contain debug information (nvcc option: -lineinfo), OptixModuleCompileOptions::debugLevel set to OPTIX_COMPILE_DEBUG_LEVEL_NONE, or no useful information is present for the current block.
Warning: Program is doing double precision computations. No source location available. The input PTX may not contain debug information (nvcc option: -lineinfo), OptixModuleCompileOptions::debugLevel set to OPTIX_COMPILE_DEBUG_LEVEL_NONE, or no useful information is present for the current block.
Warning: Program is doing double precision computations. No source location available. The input PTX may not contain debug information (nvcc option: -lineinfo), OptixModuleCompileOptions::debugLevel set to OPTIX_COMPILE_DEBUG_LEVEL_NONE, or no useful information is present for the current block.
Warning: Program is doing double precision computations. No source location available. The input PTX may not contain debug information (nvcc option: -lineinfo), OptixModuleCompileOptions::debugLevel set to OPTIX_COMPILE_DEBUG_LEVEL_NONE, or no useful information is present for the current block.
Warning: Program is doing double precision computations. No source location available. The input PTX may not contain debug information (nvcc option: -lineinfo), OptixModuleCompileOptions::debugLevel set to OPTIX_COMPILE_DEBUG_LEVEL_NONE, or no useful information is present for the current block.
Warning: Program is doing double precision computations. No source location available. The input PTX may not contain debug information (nvcc option: -lineinfo), OptixModuleCompileOptions::debugLevel set to OPTIX_COMPILE_DEBUG_LEVEL_NONE, or no useful information is present for the current block.
Warning: Program is doing double precision computations. No source location available. The input PTX may not contain debug information (nvcc option: -lineinfo), OptixModuleCompileOptions::debugLevel set to OPTIX_COMPILE_DEBUG_LEVEL_NONE, or no useful information is present for the current block.
Warning: Program is doing double precision computations. No source location available. The input PTX may not contain debug information (nvcc option: -lineinfo), OptixModuleCompileOptions::debugLevel set to OPTIX_COMPILE_DEBUG_LEVEL_NONE, or no useful information is present for the current block.
Warning: Program is doing double precision computations. No source location available. The input PTX may not contain debug information (nvcc option: -lineinfo), OptixModuleCompileOptions::debugLevel set to OPTIX_COMPILE_DEBUG_LEVEL_NONE, or no useful information is present for the current block.
Warning: Program is doing double precision computations. No source location available. The input PTX may not contain debug information (nvcc option: -lineinfo), OptixModuleCompileOptions::debugLevel set to OPTIX_COMPILE_DEBUG_LEVEL_NONE, or no useful information is present for the current block.
Warning: Program is doing double precision computations. No source location available. The input PTX may not contain debug information (nvcc option: -lineinfo), OptixModuleCompileOptions::debugLevel set to OPTIX_COMPILE_DEBUG_LEVEL_NONE, or no useful information is present for the current block.
Warning: Program is doing double precision computations. No source location available. The input PTX may not contain debug information (nvcc option: -lineinfo), OptixModuleCompileOptions::debugLevel set to OPTIX_COMPILE_DEBUG_LEVEL_NONE, or no useful information is present for the current block.
Warning: Program is doing double precision computations. No source location available. The input PTX may not contain debug information (nvcc option: -lineinfo), OptixModuleCompileOptions::debugLevel set to OPTIX_COMPILE_DEBUG_LEVEL_NONE, or no useful information is present for the current block.
Warning: Program is doing double precision computations. No source location available. The input PTX may not contain debug information (nvcc option: -lineinfo), OptixModuleCompileOptions::debugLevel set to OPTIX_COMPILE_DEBUG_LEVEL_NONE, or no useful information is present for the current block.
Warning: Program is doing double precision computations. No source location available. The input PTX may not contain debug information (nvcc option: -lineinfo), OptixModuleCompileOptions::debugLevel set to OPTIX_COMPILE_DEBUG_LEVEL_NONE, or no useful information is present for the current block.
Warning: Program is doing double precision computations. No source location available. The input PTX may not contain debug information (nvcc option: -lineinfo), OptixModuleCompileOptions::debugLevel set to OPTIX_COMPILE_DEBUG_LEVEL_NONE, or no useful information is present for the current block.
Warning: Program is doing double precision computations. No source location available. The input PTX may not contain debug information (nvcc option: -lineinfo), OptixModuleCompileOptions::debugLevel set to OPTIX_COMPILE_DEBUG_LEVEL_NONE, or no useful information is present for the current block.
Warning: Program is doing double precision computations. No source location available. The input PTX may not contain debug information (nvcc option: -lineinfo), OptixModuleCompileOptions::debugLevel set to OPTIX_COMPILE_DEBUG_LEVEL_NONE, or no useful information is present for the current block.
Warning: Program is doing double precision computations. No source location available. The input PTX may not contain debug information (nvcc option: -lineinfo), OptixModuleCompileOptions::debugLevel set to OPTIX_COMPILE_DEBUG_LEVEL_NONE, or no useful information is present for the current block.
Warning: Program is doing double precision computations. No source location available. The input PTX may not contain debug information (nvcc option: -lineinfo), OptixModuleCompileOptions::debugLevel set to OPTIX_COMPILE_DEBUG_LEVEL_NONE, or no useful information is present for the current block.
Warning: Program is doing double precision computations. No source location available. The input PTX may not contain debug information (nvcc option: -lineinfo), OptixModuleCompileOptions::debugLevel set to OPTIX_COMPILE_DEBUG_LEVEL_NONE, or no useful information is present for the current block.
Warning: Program is doing double precision computations. No source location available. The input PTX may not contain debug information (nvcc option: -lineinfo), OptixModuleCompileOptions::debugLevel set to OPTIX_COMPILE_DEBUG_LEVEL_NONE, or no useful information is present for the current block.
Warning: Program is doing double precision computations. No source location available. The input PTX may not contain debug information (nvcc option: -lineinfo), OptixModuleCompileOptions::debugLevel set to OPTIX_COMPILE_DEBUG_LEVEL_NONE, or no useful information is present for the current block.
Warning: Program is doing double precision computations. No source location available. The input PTX may not contain debug information (nvcc option: -lineinfo), OptixModuleCompileOptions::debugLevel set to OPTIX_COMPILE_DEBUG_LEVEL_NONE, or no useful information is present for the current block.
Warning: Program is doing double precision computations. No source location available. The input PTX may not contain debug information (nvcc option: -lineinfo), OptixModuleCompileOptions::debugLevel set to OPTIX_COMPILE_DEBUG_LEVEL_NONE, or no useful information is present for the current block.
Warning: Program is doing double precision computations. No source location available. The input PTX may not contain debug information (nvcc option: -lineinfo), OptixModuleCompileOptions::debugLevel set to OPTIX_COMPILE_DEBUG_LEVEL_NONE, or no useful information is present for the current block.
Warning: Program is doing double precision computations. No source location available. The input PTX may not contain debug information (nvcc option: -lineinfo), OptixModuleCompileOptions::debugLevel set to OPTIX_COMPILE_DEBUG_LEVEL_NONE, or no useful information is present for the current block.
Warning: Program is doing double precision computations. No source location available. The input PTX may not contain debug information (nvcc option: -lineinfo), OptixModuleCompileOptions::debugLevel set to OPTIX_COMPILE_DEBUG_LEVEL_NONE, or no useful information is present for the current block.
Warning: Program is doing double precision computations. No source location available. The input PTX may not contain debug information (nvcc option: -lineinfo), OptixModuleCompileOptions::debugLevel set to OPTIX_COMPILE_DEBUG_LEVEL_NONE, or no useful information is present for the current block.
Warning: Program is doing double precision computations. No source location available. The input PTX may not contain debug information (nvcc option: -lineinfo), OptixModuleCompileOptions::debugLevel set to OPTIX_COMPILE_DEBUG_LEVEL_NONE, or no useful information is present for the current block.
Warning: Program is doing double precision computations. No source location available. The input PTX may not contain debug information (nvcc option: -lineinfo), OptixModuleCompileOptions::debugLevel set to OPTIX_COMPILE_DEBUG_LEVEL_NONE, or no useful information is present for the current block.
Warning: Program is doing double precision computations. No source location available. The input PTX may not contain debug information (nvcc option: -lineinfo), OptixModuleCompileOptions::debugLevel set to OPTIX_COMPILE_DEBUG_LEVEL_NONE, or no useful information is present for the current block.
Warning: Program is doing double precision computations. No source location available. The input PTX may not contain debug information (nvcc option: -lineinfo), OptixModuleCompileOptions::debugLevel set to OPTIX_COMPILE_DEBUG_LEVEL_NONE, or no useful information is present for the current block.
Warning: Program is doing double precision computations. No source location available. The input PTX may not contain debug information (nvcc option: -lineinfo), OptixModuleCompileOptions::debugLevel set to OPTIX_COMPILE_DEBUG_LEVEL_NONE, or no useful information is present for the current block.
Warning: Program is doing double precision computations. No source location available. The input PTX may not contain debug information (nvcc option: -lineinfo), OptixModuleCompileOptions::debugLevel set to OPTIX_COMPILE_DEBUG_LEVEL_NONE, or no useful information is present for the current block.
Warning: Program is doing double precision computations. No source location available. The input PTX may not contain debug information (nvcc option: -lineinfo), OptixModuleCompileOptions::debugLevel set to OPTIX_COMPILE_DEBUG_LEVEL_NONE, or no useful information is present for the current block.
Warning: Program is doing double precision computations. No source location available. The input PTX may not contain debug information (nvcc option: -lineinfo), OptixModuleCompileOptions::debugLevel set to OPTIX_COMPILE_DEBUG_LEVEL_NONE, or no useful information is present for the current block.
Warning: Program is doing double precision computations. No source location available. The input PTX may not contain debug information (nvcc option: -lineinfo), OptixModuleCompileOptions::debugLevel set to OPTIX_COMPILE_DEBUG_LEVEL_NONE, or no useful information is present for the current block.
Warning: Program is doing double precision computations. No source location available. The input PTX may not contain debug information (nvcc option: -lineinfo), OptixModuleCompileOptions::debugLevel set to OPTIX_COMPILE_DEBUG_LEVEL_NONE, or no useful information is present for the current block.
Warning: Program is doing double precision computations. No source location available. The input PTX may not contain debug information (nvcc option: -lineinfo), OptixModuleCompileOptions::debugLevel set to OPTIX_COMPILE_DEBUG_LEVEL_NONE, or no useful information is present for the current block.
Warning: Program is doing double precision computations. No source location available. The input PTX may not contain debug information (nvcc option: -lineinfo), OptixModuleCompileOptions::debugLevel set to OPTIX_COMPILE_DEBUG_LEVEL_NONE, or no useful information is present for the current block.
Warning: Program is doing double precision computations. No source location available. The input PTX may not contain debug information (nvcc option: -lineinfo), OptixModuleCompileOptions::debugLevel set to OPTIX_COMPILE_DEBUG_LEVEL_NONE, or no useful information is present for the current block.
Warning: Program is doing double precision computations. No source location available. The input PTX may not contain debug information (nvcc option: -lineinfo), OptixModuleCompileOptions::debugLevel set to OPTIX_COMPILE_DEBUG_LEVEL_NONE, or no useful information is present for the current block.
Warning: Program is doing double precision computations. No source location available. The input PTX may not contain debug information (nvcc option: -lineinfo), OptixModuleCompileOptions::debugLevel set to OPTIX_COMPILE_DEBUG_LEVEL_NONE, or no useful information is present for the current block.
Warning: Program is doing double precision computations. No source location available. The input PTX may not contain debug information (nvcc option: -lineinfo), OptixModuleCompileOptions::debugLevel set to OPTIX_COMPILE_DEBUG_LEVEL_NONE, or no useful information is present for the current block.
Warning: Program is doing double precision computations. No source location available. The input PTX may not contain debug information (nvcc option: -lineinfo), OptixModuleCompileOptions::debugLevel set to OPTIX_COMPILE_DEBUG_LEVEL_NONE, or no useful information is present for the current block.
Warning: Program is doing double precision computations. No source location available. The input PTX may not contain debug information (nvcc option: -lineinfo), OptixModuleCompileOptions::debugLevel set to OPTIX_COMPILE_DEBUG_LEVEL_NONE, or no useful information is present for the current block.
Warning: Program is doing double precision computations. No source location available. The input PTX may not contain debug information (nvcc option: -lineinfo), OptixModuleCompileOptions::debugLevel set to OPTIX_COMPILE_DEBUG_LEVEL_NONE, or no useful information is present for the current block.
Warning: Program is doing double precision computations. No source location available. The input PTX may not contain debug information (nvcc option: -lineinfo), OptixModuleCompileOptions::debugLevel set to OPTIX_COMPILE_DEBUG_LEVEL_NONE, or no useful information is present for the current block.
Warning: Program is doing double precision computations. No source location available. The input PTX may not contain debug information (nvcc option: -lineinfo), OptixModuleCompileOptions::debugLevel set to OPTIX_COMPILE_DEBUG_LEVEL_NONE, or no useful information is present for the current block.
Warning: Program is doing double precision computations. No source location available. The input PTX may not contain debug information (nvcc option: -lineinfo), OptixModuleCompileOptions::debugLevel set to OPTIX_COMPILE_DEBUG_LEVEL_NONE, or no useful information is present for the current block.
Warning: Program is doing double precision computations. No source location available. The input PTX may not contain debug information (nvcc option: -lineinfo), OptixModuleCompileOptions::debugLevel set to OPTIX_COMPILE_DEBUG_LEVEL_NONE, or no useful information is present for the current block.
Warning: Program is doing double precision computations. No source location available. The input PTX may not contain debug information (nvcc option: -lineinfo), OptixModuleCompileOptions::debugLevel set to OPTIX_COMPILE_DEBUG_LEVEL_NONE, or no useful information is present for the current block.
Warning: Program is doing double precision computations. No source location available. The input PTX may not contain debug information (nvcc option: -lineinfo), OptixModuleCompileOptions::debugLevel set to OPTIX_COMPILE_DEBUG_LEVEL_NONE, or no useful information is present for the current block.
Warning: Program is doing double precision computations. No source location available. The input PTX may not contain debug information (nvcc option: -lineinfo), OptixModuleCompileOptions::debugLevel set to OPTIX_COMPILE_DEBUG_LEVEL_NONE, or no useful information is present for the current block.
Warning: Program is doing double precision computations. No source location available. The input PTX may not contain debug information (nvcc option: -lineinfo), OptixModuleCompileOptions::debugLevel set to OPTIX_COMPILE_DEBUG_LEVEL_NONE, or no useful information is present for the current block.
Warning: Program is doing double precision computations. No source location available. The input PTX may not contain debug information (nvcc option: -lineinfo), OptixModuleCompileOptions::debugLevel set to OPTIX_COMPILE_DEBUG_LEVEL_NONE, or no useful information is present for the current block.
Warning: Program is doing double precision computations. No source location available. The input PTX may not contain debug information (nvcc option: -lineinfo), OptixModuleCompileOptions::debugLevel set to OPTIX_COMPILE_DEBUG_LEVEL_NONE, or no useful information is present for the current block.
Warning: Program is doing double precision computations. No source location available. The input PTX may not contain debug information (nvcc option: -lineinfo), OptixModuleCompileOptions::debugLevel set to OPTIX_COMPILE_DEBUG_LEVEL_NONE, or no useful information is present for the current block.
Warning: Program is doing double precision computations. No source location available. The input PTX may not contain debug information (nvcc option: -lineinfo), OptixModuleCompileOptions::debugLevel set to OPTIX_COMPILE_DEBUG_LEVEL_NONE, or no useful information is present for the current block.
Warning: Program is doing double precision computations. No source location available. The input PTX may not contain debug information (nvcc option: -lineinfo), OptixModuleCompileOptions::debugLevel set to OPTIX_COMPILE_DEBUG_LEVEL_NONE, or no useful information is present for the current block.
Warning: Program is doing double precision computations. No source location available. The input PTX may not contain debug information (nvcc option: -lineinfo), OptixModuleCompileOptions::debugLevel set to OPTIX_COMPILE_DEBUG_LEVEL_NONE, or no useful information is present for the current block.
Warning: Program is doing double precision computations. No source location available. The input PTX may not contain debug information (nvcc option: -lineinfo), OptixModuleCompileOptions::debugLevel set to OPTIX_COMPILE_DEBUG_LEVEL_NONE, or no useful information is present for the current block.
Warning: Program is doing double precision computations. No source location available. The input PTX may not contain debug information (nvcc option: -lineinfo), OptixModuleCompileOptions::debugLevel set to OPTIX_COMPILE_DEBUG_LEVEL_NONE, or no useful information is present for the current block.
Warning: Program is doing double precision computations. No source location available. The input PTX may not contain debug information (nvcc option: -lineinfo), OptixModuleCompileOptions::debugLevel set to OPTIX_COMPILE_DEBUG_LEVEL_NONE, or no useful information is present for the current block.
Warning: Program is doing double precision computations. No source location available. The input PTX may not contain debug information (nvcc option: -lineinfo), OptixModuleCompileOptions::debugLevel set to OPTIX_COMPILE_DEBUG_LEVEL_NONE, or no useful information is present for the current block.
Warning: Program is doing double precision computations. No source location available. The input PTX may not contain debug information (nvcc option: -lineinfo), OptixModuleCompileOptions::debugLevel set to OPTIX_COMPILE_DEBUG_LEVEL_NONE, or no useful information is present for the current block.
Warning: Program is doing double precision computations. No source location available. The input PTX may not contain debug information (nvcc option: -lineinfo), OptixModuleCompileOptions::debugLevel set to OPTIX_COMPILE_DEBUG_LEVEL_NONE, or no useful information is present for the current block.
Warning: Program is doing double precision computations. No source location available. The input PTX may not contain debug information (nvcc option: -lineinfo), OptixModuleCompileOptions::debugLevel set to OPTIX_COMPILE_DEBUG_LEVEL_NONE, or no useful information is present for the current block.
Warning: Program is doing double precision computations. No source location available. The input PTX may not contain debug information (nvcc option: -lineinfo), OptixModuleCompileOptions::debugLevel set to OPTIX_COMPILE_DEBUG_LEVEL_NONE, or no useful information is present for the current block.
Warning: Program is doing double precision computations. No source location available. The input PTX may not contain debug information (nvcc option: -lineinfo), OptixModuleCompileOptions::debugLevel set to OPTIX_COMPILE_DEBUG_LEVEL_NONE, or no useful information is present for the current block.
Warning: Program is doing double precision computations. No source location available. The input PTX may not contain debug information (nvcc option: -lineinfo), OptixModuleCompileOptions::debugLevel set to OPTIX_COMPILE_DEBUG_LEVEL_NONE, or no useful information is present for the current block.
Warning: Program is doing double precision computations. No source location available. The input PTX may not contain debug information (nvcc option: -lineinfo), OptixModuleCompileOptions::debugLevel set to OPTIX_COMPILE_DEBUG_LEVEL_NONE, or no useful information is present for the current block.
Warning: Program is doing double precision computations. No source location available. The input PTX may not contain debug information (nvcc option: -lineinfo), OptixModuleCompileOptions::debugLevel set to OPTIX_COMPILE_DEBUG_LEVEL_NONE, or no useful information is present for the current block.
Warning: Program is doing double precision computations. No source location available. The input PTX may not contain debug information (nvcc option: -lineinfo), OptixModuleCompileOptions::debugLevel set to OPTIX_COMPILE_DEBUG_LEVEL_NONE, or no useful information is present for the current block.
Warning: Program is doing double precision computations. No source location available. The input PTX may not contain debug information (nvcc option: -lineinfo), OptixModuleCompileOptions::debugLevel set to OPTIX_COMPILE_DEBUG_LEVEL_NONE, or no useful information is present for the current block.
Warning: Program is doing double precision computations. No source location available. The input PTX may not contain debug information (nvcc option: -lineinfo), OptixModuleCompileOptions::debugLevel set to OPTIX_COMPILE_DEBUG_LEVEL_NONE, or no useful information is present for the current block.
Warning: Program is doing double precision computations. No source location available. The input PTX may not contain debug information (nvcc option: -lineinfo), OptixModuleCompileOptions::debugLevel set to OPTIX_COMPILE_DEBUG_LEVEL_NONE, or no useful information is present for the current block.
Warning: Program is doing double precision computations. No source location available. The input PTX may not contain debug information (nvcc option: -lineinfo), OptixModuleCompileOptions::debugLevel set to OPTIX_COMPILE_DEBUG_LEVEL_NONE, or no useful information is present for the current block.
Warning: Program is doing double precision computations. No source location available. The input PTX may not contain debug information (nvcc option: -lineinfo), OptixModuleCompileOptions::debugLevel set to OPTIX_COMPILE_DEBUG_LEVEL_NONE, or no useful information is present for the current block.
Warning: Program is doing double precision computations. No source location available. The input PTX may not contain debug information (nvcc option: -lineinfo), OptixModuleCompileOptions::debugLevel set to OPTIX_COMPILE_DEBUG_LEVEL_NONE, or no useful information is present for the current block.
Warning: Program is doing double precision computations. No source location available. The input PTX may not contain debug information (nvcc option: -lineinfo), OptixModuleCompileOptions::debugLevel set to OPTIX_COMPILE_DEBUG_LEVEL_NONE, or no useful information is present for the current block.
Warning: Program is doing double precision computations. No source location available. The input PTX may not contain debug information (nvcc option: -lineinfo), OptixModuleCompileOptions::debugLevel set to OPTIX_COMPILE_DEBUG_LEVEL_NONE, or no useful information is present for the current block.
Warning: Program is doing double precision computations. No source location available. The input PTX may not contain debug information (nvcc option: -lineinfo), OptixModuleCompileOptions::debugLevel set to OPTIX_COMPILE_DEBUG_LEVEL_NONE, or no useful information is present for the current block.
Warning: Program is doing double precision computations. No source location available. The input PTX may not contain debug information (nvcc option: -lineinfo), OptixModuleCompileOptions::debugLevel set to OPTIX_COMPILE_DEBUG_LEVEL_NONE, or no useful information is present for the current block.
Warning: Program is doing double precision computations. No source location available. The input PTX may not contain debug information (nvcc option: -lineinfo), OptixModuleCompileOptions::debugLevel set to OPTIX_COMPILE_DEBUG_LEVEL_NONE, or no useful information is present for the current block.
Warning: Program is doing double precision computations. No source location available. The input PTX may not contain debug information (nvcc option: -lineinfo), OptixModuleCompileOptions::debugLevel set to OPTIX_COMPILE_DEBUG_LEVEL_NONE, or no useful information is present for the current block.
Warning: Program is doing double precision computations. No source location available. The input PTX may not contain debug information (nvcc option: -lineinfo), OptixModuleCompileOptions::debugLevel set to OPTIX_COMPILE_DEBUG_LEVEL_NONE, or no useful information is present for the current block.
Warning: Program is doing double precision computations. No source location available. The input PTX may not contain debug information (nvcc option: -lineinfo), OptixModuleCompileOptions::debugLevel set to OPTIX_COMPILE_DEBUG_LEVEL_NONE, or no useful information is present for the current block.
Warning: Program is doing double precision computations. No source location available. The input PTX may not contain debug information (nvcc option: -lineinfo), OptixModuleCompileOptions::debugLevel set to OPTIX_COMPILE_DEBUG_LEVEL_NONE, or no useful information is present for the current block.
Warning: Program is doing double precision computations. No source location available. The input PTX may not contain debug information (nvcc option: -lineinfo), OptixModuleCompileOptions::debugLevel set to OPTIX_COMPILE_DEBUG_LEVEL_NONE, or no useful information is present for the current block.
Warning: Program is doing double precision computations. No source location available. The input PTX may not contain debug information (nvcc option: -lineinfo), OptixModuleCompileOptions::debugLevel set to OPTIX_COMPILE_DEBUG_LEVEL_NONE, or no useful information is present for the current block.
Warning: Program is doing double precision computations. No source location available. The input PTX may not contain debug information (nvcc option: -lineinfo), OptixModuleCompileOptions::debugLevel set to OPTIX_COMPILE_DEBUG_LEVEL_NONE, or no useful information is present for the current block.
Warning: Program is doing double precision computations. No source location available. The input PTX may not contain debug information (nvcc option: -lineinfo), OptixModuleCompileOptions::debugLevel set to OPTIX_COMPILE_DEBUG_LEVEL_NONE, or no useful information is present for the current block.
Warning: Program is doing double precision computations. No source location available. The input PTX may not contain debug information (nvcc option: -lineinfo), OptixModuleCompileOptions::debugLevel set to OPTIX_COMPILE_DEBUG_LEVEL_NONE, or no useful information is present for the current block.
Warning: Program is doing double precision computations. No source location available. The input PTX may not contain debug information (nvcc option: -lineinfo), OptixModuleCompileOptions::debugLevel set to OPTIX_COMPILE_DEBUG_LEVEL_NONE, or no useful information is present for the current block.
Warning: Program is doing double precision computations. No source location available. The input PTX may not contain debug information (nvcc option: -lineinfo), OptixModuleCompileOptions::debugLevel set to OPTIX_COMPILE_DEBUG_LEVEL_NONE, or no useful information is present for the current block.
Warning: Program is doing double precision computations. No source location available. The input PTX may not contain debug information (nvcc option: -lineinfo), OptixModuleCompileOptions::debugLevel set to OPTIX_COMPILE_DEBUG_LEVEL_NONE, or no useful information is present for the current block.
Warning: Program is doing double precision computations. No source location available. The input PTX may not contain debug information (nvcc option: -lineinfo), OptixModuleCompileOptions::debugLevel set to OPTIX_COMPILE_DEBUG_LEVEL_NONE, or no useful information is present for the current block.
Warning: Program is doing double precision computations. No source location available. The input PTX may not contain debug information (nvcc option: -lineinfo), OptixModuleCompileOptions::debugLevel set to OPTIX_COMPILE_DEBUG_LEVEL_NONE, or no useful information is present for the current block.
Warning: Program is doing double precision computations. No source location available. The input PTX may not contain debug information (nvcc option: -lineinfo), OptixModuleCompileOptions::debugLevel set to OPTIX_COMPILE_DEBUG_LEVEL_NONE, or no useful information is present for the current block.
Warning: Program is doing double precision computations. No source location available. The input PTX may not contain debug information (nvcc option: -lineinfo), OptixModuleCompileOptions::debugLevel set to OPTIX_COMPILE_DEBUG_LEVEL_NONE, or no useful information is present for the current block.
Warning: Program is doing double precision computations. No source location available. The input PTX may not contain debug information (nvcc option: -lineinfo), OptixModuleCompileOptions::debugLevel set to OPTIX_COMPILE_DEBUG_LEVEL_NONE, or no useful information is present for the current block.
Warning: Program is doing double precision computations. No source location available. The input PTX may not contain debug information (nvcc option: -lineinfo), OptixModuleCompileOptions::debugLevel set to OPTIX_COMPILE_DEBUG_LEVEL_NONE, or no useful information is present for the current block.
Warning: Program is doing double precision computations. No source location available. The input PTX may not contain debug information (nvcc option: -lineinfo), OptixModuleCompileOptions::debugLevel set to OPTIX_COMPILE_DEBUG_LEVEL_NONE, or no useful information is present for the current block.
Warning: Program is doing double precision computations. No source location available. The input PTX may not contain debug information (nvcc option: -lineinfo), OptixModuleCompileOptions::debugLevel set to OPTIX_COMPILE_DEBUG_LEVEL_NONE, or no useful information is present for the current block.
Warning: Program is doing double precision computations. No source location available. The input PTX may not contain debug information (nvcc option: -lineinfo), OptixModuleCompileOptions::debugLevel set to OPTIX_COMPILE_DEBUG_LEVEL_NONE, or no useful information is present for the current block.
Warning: Program is doing double precision computations. No source location available. The input PTX may not contain debug information (nvcc option: -lineinfo), OptixModuleCompileOptions::debugLevel set to OPTIX_COMPILE_DEBUG_LEVEL_NONE, or no useful information is present for the current block.
Warning: Program is doing double precision computations. No source location available. The input PTX may not contain debug information (nvcc option: -lineinfo), OptixModuleCompileOptions::debugLevel set to OPTIX_COMPILE_DEBUG_LEVEL_NONE, or no useful information is present for the current block.
Warning: Program is doing double precision computations. No source location available. The input PTX may not contain debug information (nvcc option: -lineinfo), OptixModuleCompileOptions::debugLevel set to OPTIX_COMPILE_DEBUG_LEVEL_NONE, or no useful information is present for the current block.
Warning: Program is doing double precision computations. No source location available. The input PTX may not contain debug information (nvcc option: -lineinfo), OptixModuleCompileOptions::debugLevel set to OPTIX_COMPILE_DEBUG_LEVEL_NONE, or no useful information is present for the current block.
Warning: Program is doing double precision computations. No source location available. The input PTX may not contain debug information (nvcc option: -lineinfo), OptixModuleCompileOptions::debugLevel set to OPTIX_COMPILE_DEBUG_LEVEL_NONE, or no useful information is present for the current block.
Warning: Program is doing double precision computations. No source location available. The input PTX may not contain debug information (nvcc option: -lineinfo), OptixModuleCompileOptions::debugLevel set to OPTIX_COMPILE_DEBUG_LEVEL_NONE, or no useful information is present for the current block.
Warning: Program is doing double precision computations. No source location available. The input PTX may not contain debug information (nvcc option: -lineinfo), OptixModuleCompileOptions::debugLevel set to OPTIX_COMPILE_DEBUG_LEVEL_NONE, or no useful information is present for the current block.
Warning: Program is doing double precision computations. No source location available. The input PTX may not contain debug information (nvcc option: -lineinfo), OptixModuleCompileOptions::debugLevel set to OPTIX_COMPILE_DEBUG_LEVEL_NONE, or no useful information is present for the current block.
Warning: Program is doing double precision computations. No source location available. The input PTX may not contain debug information (nvcc option: -lineinfo), OptixModuleCompileOptions::debugLevel set to OPTIX_COMPILE_DEBUG_LEVEL_NONE, or no useful information is present for the current block.
Warning: Program is doing double precision computations. No source location available. The input PTX may not contain debug information (nvcc option: -lineinfo), OptixModuleCompileOptions::debugLevel set to OPTIX_COMPILE_DEBUG_LEVEL_NONE, or no useful information is present for the current block.
Warning: Program is doing double precision computations. No source location available. The input PTX may not contain debug information (nvcc option: -lineinfo), OptixModuleCompileOptions::debugLevel set to OPTIX_COMPILE_DEBUG_LEVEL_NONE, or no useful information is present for the current block.
Warning: Program is doing double precision computations. No source location available. The input PTX may not contain debug information (nvcc option: -lineinfo), OptixModuleCompileOptions::debugLevel set to OPTIX_COMPILE_DEBUG_LEVEL_NONE, or no useful information is present for the current block.
Warning: Program is doing double precision computations. No source location available. The input PTX may not contain debug information (nvcc option: -lineinfo), OptixModuleCompileOptions::debugLevel set to OPTIX_COMPILE_DEBUG_LEVEL_NONE, or no useful information is present for the current block.
Warning: Program is doing double precision computations. No source location available. The input PTX may not contain debug information (nvcc option: -lineinfo), OptixModuleCompileOptions::debugLevel set to OPTIX_COMPILE_DEBUG_LEVEL_NONE, or no useful information is present for the current block.
Warning: Program is doing double precision computations. No source location available. The input PTX may not contain debug information (nvcc option: -lineinfo), OptixModuleCompileOptions::debugLevel set to OPTIX_COMPILE_DEBUG_LEVEL_NONE, or no useful information is present for the current block.
Warning: Program is doing double precision computations. No source location available. The input PTX may not contain debug information (nvcc option: -lineinfo), OptixModuleCompileOptions::debugLevel set to OPTIX_COMPILE_DEBUG_LEVEL_NONE, or no useful information is present for the current block.
Warning: Program is doing double precision computations. No source location available. The input PTX may not contain debug information (nvcc option: -lineinfo), OptixModuleCompileOptions::debugLevel set to OPTIX_COMPILE_DEBUG_LEVEL_NONE, or no useful information is present for the current block.
Warning: Program is doing double precision computations. No source location available. The input PTX may not contain debug information (nvcc option: -lineinfo), OptixModuleCompileOptions::debugLevel set to OPTIX_COMPILE_DEBUG_LEVEL_NONE, or no useful information is present for the current block.
Warning: Program is doing double precision computations. No source location available. The input PTX may not contain debug information (nvcc option: -lineinfo), OptixModuleCompileOptions::debugLevel set to OPTIX_COMPILE_DEBUG_LEVEL_NONE, or no useful information is present for the current block.
Warning: Program is doing double precision computations. No source location available. The input PTX may not contain debug information (nvcc option: -lineinfo), OptixModuleCompileOptions::debugLevel set to OPTIX_COMPILE_DEBUG_LEVEL_NONE, or no useful information is present for the current block.
Warning: Program is doing double precision computations. No source location available. The input PTX may not contain debug information (nvcc option: -lineinfo), OptixModuleCompileOptions::debugLevel set to OPTIX_COMPILE_DEBUG_LEVEL_NONE, or no useful information is present for the current block.
Warning: Program is doing double precision computations. No source location available. The input PTX may not contain debug information (nvcc option: -lineinfo), OptixModuleCompileOptions::debugLevel set to OPTIX_COMPILE_DEBUG_LEVEL_NONE, or no useful information is present for the current block.
Warning: Program is doing double precision computations. No source location available. The input PTX may not contain debug information (nvcc option: -lineinfo), OptixModuleCompileOptions::debugLevel set to OPTIX_COMPILE_DEBUG_LEVEL_NONE, or no useful information is present for the current block.
Warning: Program is doing double precision computations. No source location available. The input PTX may not contain debug information (nvcc option: -lineinfo), OptixModuleCompileOptions::debugLevel set to OPTIX_COMPILE_DEBUG_LEVEL_NONE, or no useful information is present for the current block.
Warning: Program is doing double precision computations. No source location available. The input PTX may not contain debug information (nvcc option: -lineinfo), OptixModuleCompileOptions::debugLevel set to OPTIX_COMPILE_DEBUG_LEVEL_NONE, or no useful information is present for the current block.
Warning: Program is doing double precision computations. No source location available. The input PTX may not contain debug information (nvcc option: -lineinfo), OptixModuleCompileOptions::debugLevel set to OPTIX_COMPILE_DEBUG_LEVEL_NONE, or no useful information is present for the current block.
Warning: Program is doing double precision computations. No source location available. The input PTX may not contain debug information (nvcc option: -lineinfo), OptixModuleCompileOptions::debugLevel set to OPTIX_COMPILE_DEBUG_LEVEL_NONE, or no useful information is present for the current block.
Warning: Program is doing double precision computations. No source location available. The input PTX may not contain debug information (nvcc option: -lineinfo), OptixModuleCompileOptions::debugLevel set to OPTIX_COMPILE_DEBUG_LEVEL_NONE, or no useful information is present for the current block.
Warning: Program is doing double precision computations. No source location available. The input PTX may not contain debug information (nvcc option: -lineinfo), OptixModuleCompileOptions::debugLevel set to OPTIX_COMPILE_DEBUG_LEVEL_NONE, or no useful information is present for the current block.
Warning: Program is doing double precision computations. No source location available. The input PTX may not contain debug information (nvcc option: -lineinfo), OptixModuleCompileOptions::debugLevel set to OPTIX_COMPILE_DEBUG_LEVEL_NONE, or no useful information is present for the current block.
Warning: Program is doing double precision computations. No source location available. The input PTX may not contain debug information (nvcc option: -lineinfo), OptixModuleCompileOptions::debugLevel set to OPTIX_COMPILE_DEBUG_LEVEL_NONE, or no useful information is present for the current block.
Warning: Program is doing double precision computations. No source location available. The input PTX may not contain debug information (nvcc option: -lineinfo), OptixModuleCompileOptions::debugLevel set to OPTIX_COMPILE_DEBUG_LEVEL_NONE, or no useful information is present for the current block.
Warning: Program is doing double precision computations. No source location available. The input PTX may not contain debug information (nvcc option: -lineinfo), OptixModuleCompileOptions::debugLevel set to OPTIX_COMPILE_DEBUG_LEVEL_NONE, or no useful information is present for the current block.
Warning: Program is doing double precision computations. No source location available. The input PTX may not contain debug information (nvcc option: -lineinfo), OptixModuleCompileOptions::debugLevel set to OPTIX_COMPILE_DEBUG_LEVEL_NONE, or no useful information is present for the current block.
Warning: Program is doing double precision computations. No source location available. The input PTX may not contain debug information (nvcc option: -lineinfo), OptixModuleCompileOptions::debugLevel set to OPTIX_COMPILE_DEBUG_LEVEL_NONE, or no useful information is present for the current block.
Warning: Program is doing double precision computations. No source location available. The input PTX may not contain debug information (nvcc option: -lineinfo), OptixModuleCompileOptions::debugLevel set to OPTIX_COMPILE_DEBUG_LEVEL_NONE, or no useful information is present for the current block.
Warning: Program is doing double precision computations. No source location available. The input PTX may not contain debug information (nvcc option: -lineinfo), OptixModuleCompileOptions::debugLevel set to OPTIX_COMPILE_DEBUG_LEVEL_NONE, or no useful information is present for the current block.
Warning: Program is doing double precision computations. No source location available. The input PTX may not contain debug information (nvcc option: -lineinfo), OptixModuleCompileOptions::debugLevel set to OPTIX_COMPILE_DEBUG_LEVEL_NONE, or no useful information is present for the current block.
Warning: Program is doing double precision computations. No source location available. The input PTX may not contain debug information (nvcc option: -lineinfo), OptixModuleCompileOptions::debugLevel set to OPTIX_COMPILE_DEBUG_LEVEL_NONE, or no useful information is present for the current block.
Warning: Program is doing double precision computations. No source location available. The input PTX may not contain debug information (nvcc option: -lineinfo), OptixModuleCompileOptions::debugLevel set to OPTIX_COMPILE_DEBUG_LEVEL_NONE, or no useful information is present for the current block.
Warning: Program is doing double precision computations. No source location available. The input PTX may not contain debug information (nvcc option: -lineinfo), OptixModuleCompileOptions::debugLevel set to OPTIX_COMPILE_DEBUG_LEVEL_NONE, or no useful information is present for the current block.
Warning: Program is doing double precision computations. No source location available. The input PTX may not contain debug information (nvcc option: -lineinfo), OptixModuleCompileOptions::debugLevel set to OPTIX_COMPILE_DEBUG_LEVEL_NONE, or no useful information is present for the current block.
Warning: Program is doing double precision computations. No source location available. The input PTX may not contain debug information (nvcc option: -lineinfo), OptixModuleCompileOptions::debugLevel set to OPTIX_COMPILE_DEBUG_LEVEL_NONE, or no useful information is present for the current block.
Warning: Program is doing double precision computations. No source location available. The input PTX may not contain debug information (nvcc option: -lineinfo), OptixModuleCompileOptions::debugLevel set to OPTIX_COMPILE_DEBUG_LEVEL_NONE, or no useful information is present for the current block.
Warning: Program is doing double precision computations. No source location available. The input PTX may not contain debug information (nvcc option: -lineinfo), OptixModuleCompileOptions::debugLevel set to OPTIX_COMPILE_DEBUG_LEVEL_NONE, or no useful information is present for the current block.
Warning: Program is doing double precision computations. No source location available. The input PTX may not contain debug information (nvcc option: -lineinfo), OptixModuleCompileOptions::debugLevel set to OPTIX_COMPILE_DEBUG_LEVEL_NONE, or no useful information is present for the current block.
Warning: Program is doing double precision computations. No source location available. The input PTX may not contain debug information (nvcc option: -lineinfo), OptixModuleCompileOptions::debugLevel set to OPTIX_COMPILE_DEBUG_LEVEL_NONE, or no useful information is present for the current block.
Warning: Program is doing double precision computations. No source location available. The input PTX may not contain debug information (nvcc option: -lineinfo), OptixModuleCompileOptions::debugLevel set to OPTIX_COMPILE_DEBUG_LEVEL_NONE, or no useful information is present for the current block.
Warning: Program is doing double precision computations. No source location available. The input PTX may not contain debug information (nvcc option: -lineinfo), OptixModuleCompileOptions::debugLevel set to OPTIX_COMPILE_DEBUG_LEVEL_NONE, or no useful information is present for the current block.
Warning: Program is doing double precision computations. No source location available. The input PTX may not contain debug information (nvcc option: -lineinfo), OptixModuleCompileOptions::debugLevel set to OPTIX_COMPILE_DEBUG_LEVEL_NONE, or no useful information is present for the current block.
Warning: Program is doing double precision computations. No source location available. The input PTX may not contain debug information (nvcc option: -lineinfo), OptixModuleCompileOptions::debugLevel set to OPTIX_COMPILE_DEBUG_LEVEL_NONE, or no useful information is present for the current block.
Warning: Program is doing double precision computations. No source location available. The input PTX may not contain debug information (nvcc option: -lineinfo), OptixModuleCompileOptions::debugLevel set to OPTIX_COMPILE_DEBUG_LEVEL_NONE, or no useful information is present for the current block.
Warning: Program is doing double precision computations. No source location available. The input PTX may not contain debug information (nvcc option: -lineinfo), OptixModuleCompileOptions::debugLevel set to OPTIX_COMPILE_DEBUG_LEVEL_NONE, or no useful information is present for the current block.
Warning: Program is doing double precision computations. No source location available. The input PTX may not contain debug information (nvcc option: -lineinfo), OptixModuleCompileOptions::debugLevel set to OPTIX_COMPILE_DEBUG_LEVEL_NONE, or no useful information is present for the current block.
Warning: Program is doing double precision computations. No source location available. The input PTX may not contain debug information (nvcc option: -lineinfo), OptixModuleCompileOptions::debugLevel set to OPTIX_COMPILE_DEBUG_LEVEL_NONE, or no useful information is present for the current block.
Warning: Program is doing double precision computations. No source location available. The input PTX may not contain debug information (nvcc option: -lineinfo), OptixModuleCompileOptions::debugLevel set to OPTIX_COMPILE_DEBUG_LEVEL_NONE, or no useful information is present for the current block.
Warning: Program is doing double precision computations. No source location available. The input PTX may not contain debug information (nvcc option: -lineinfo), OptixModuleCompileOptions::debugLevel set to OPTIX_COMPILE_DEBUG_LEVEL_NONE, or no useful information is present for the current block.
Warning: Program is doing double precision computations. No source location available. The input PTX may not contain debug information (nvcc option: -lineinfo), OptixModuleCompileOptions::debugLevel set to OPTIX_COMPILE_DEBUG_LEVEL_NONE, or no useful information is present for the current block.
Warning: Program is doing double precision computations. No source location available. The input PTX may not contain debug information (nvcc option: -lineinfo), OptixModuleCompileOptions::debugLevel set to OPTIX_COMPILE_DEBUG_LEVEL_NONE, or no useful information is present for the current block.
Warning: Program is doing double precision computations. No source location available. The input PTX may not contain debug information (nvcc option: -lineinfo), OptixModuleCompileOptions::debugLevel set to OPTIX_COMPILE_DEBUG_LEVEL_NONE, or no useful information is present for the current block.
Warning: Program is doing double precision computations. No source location available. The input PTX may not contain debug information (nvcc option: -lineinfo), OptixModuleCompileOptions::debugLevel set to OPTIX_COMPILE_DEBUG_LEVEL_NONE, or no useful information is present for the current block.
Warning: Program is doing double precision computations. No source location available. The input PTX may not contain debug information (nvcc option: -lineinfo), OptixModuleCompileOptions::debugLevel set to OPTIX_COMPILE_DEBUG_LEVEL_NONE, or no useful information is present for the current block.
Warning: Program is doing double precision computations. No source location available. The input PTX may not contain debug information (nvcc option: -lineinfo), OptixModuleCompileOptions::debugLevel set to OPTIX_COMPILE_DEBUG_LEVEL_NONE, or no useful information is present for the current block.
Warning: Program is doing double precision computations. No source location available. The input PTX may not contain debug information (nvcc option: -lineinfo), OptixModuleCompileOptions::debugLevel set to OPTIX_COMPILE_DEBUG_LEVEL_NONE, or no useful information is present for the current block.
Warning: Program is doing double precision computations. No source location available. The input PTX may not contain debug information (nvcc option: -lineinfo), OptixModuleCompileOptions::debugLevel set to OPTIX_COMPILE_DEBUG_LEVEL_NONE, or no useful information is present for the current block.
Warning: Program is doing double precision computations. No source location available. The input PTX may not contain debug information (nvcc option: -lineinfo), OptixModuleCompileOptions::debugLevel set to OPTIX_COMPILE_DEBUG_LEVEL_NONE, or no useful information is present for the current block.
Warning: Program is doing double precision computations. No source location available. The input PTX may not contain debug information (nvcc option: -lineinfo), OptixModuleCompileOptions::debugLevel set to OPTIX_COMPILE_DEBUG_LEVEL_NONE, or no useful information is present for the current block.
Warning: Program is doing double precision computations. No source location available. The input PTX may not contain debug information (nvcc option: -lineinfo), OptixModuleCompileOptions::debugLevel set to OPTIX_COMPILE_DEBUG_LEVEL_NONE, or no useful information is present for the current block.
Warning: Program is doing double precision computations. No source location available. The input PTX may not contain debug information (nvcc option: -lineinfo), OptixModuleCompileOptions::debugLevel set to OPTIX_COMPILE_DEBUG_LEVEL_NONE, or no useful information is present for the current block.
Warning: Program is doing double precision computations. No source location available. The input PTX may not contain debug information (nvcc option: -lineinfo), OptixModuleCompileOptions::debugLevel set to OPTIX_COMPILE_DEBUG_LEVEL_NONE, or no useful information is present for the current block.
Warning: Program is doing double precision computations. No source location available. The input PTX may not contain debug information (nvcc option: -lineinfo), OptixModuleCompileOptions::debugLevel set to OPTIX_COMPILE_DEBUG_LEVEL_NONE, or no useful information is present for the current block.
Warning: Program is doing double precision computations. No source location available. The input PTX may not contain debug information (nvcc option: -lineinfo), OptixModuleCompileOptions::debugLevel set to OPTIX_COMPILE_DEBUG_LEVEL_NONE, or no useful information is present for the current block.
Warning: Program is doing double precision computations. No source location available. The input PTX may not contain debug information (nvcc option: -lineinfo), OptixModuleCompileOptions::debugLevel set to OPTIX_COMPILE_DEBUG_LEVEL_NONE, or no useful information is present for the current block.
Warning: Program is doing double precision computations. No source location available. The input PTX may not contain debug information (nvcc option: -lineinfo), OptixModuleCompileOptions::debugLevel set to OPTIX_COMPILE_DEBUG_LEVEL_NONE, or no useful information is present for the current block.
Warning: Program is doing double precision computations. No source location available. The input PTX may not contain debug information (nvcc option: -lineinfo), OptixModuleCompileOptions::debugLevel set to OPTIX_COMPILE_DEBUG_LEVEL_NONE, or no useful information is present for the current block.
Warning: Program is doing double precision computations. No source location available. The input PTX may not contain debug information (nvcc option: -lineinfo), OptixModuleCompileOptions::debugLevel set to OPTIX_COMPILE_DEBUG_LEVEL_NONE, or no useful information is present for the current block.
Warning: Program is doing double precision computations. No source location available. The input PTX may not contain debug information (nvcc option: -lineinfo), OptixModuleCompileOptions::debugLevel set to OPTIX_COMPILE_DEBUG_LEVEL_NONE, or no useful information is present for the current block.
Warning: Program is doing double precision computations. No source location available. The input PTX may not contain debug information (nvcc option: -lineinfo), OptixModuleCompileOptions::debugLevel set to OPTIX_COMPILE_DEBUG_LEVEL_NONE, or no useful information is present for the current block.
Warning: Program is doing double precision computations. No source location available. The input PTX may not contain debug information (nvcc option: -lineinfo), OptixModuleCompileOptions::debugLevel set to OPTIX_COMPILE_DEBUG_LEVEL_NONE, or no useful information is present for the current block.
Warning: Program is doing double precision computations. No source location available. The input PTX may not contain debug information (nvcc option: -lineinfo), OptixModuleCompileOptions::debugLevel set to OPTIX_COMPILE_DEBUG_LEVEL_NONE, or no useful information is present for the current block.
Warning: Program is doing double precision computations. No source location available. The input PTX may not contain debug information (nvcc option: -lineinfo), OptixModuleCompileOptions::debugLevel set to OPTIX_COMPILE_DEBUG_LEVEL_NONE, or no useful information is present for the current block.
Warning: Program is doing double precision computations. No source location available. The input PTX may not contain debug information (nvcc option: -lineinfo), OptixModuleCompileOptions::debugLevel set to OPTIX_COMPILE_DEBUG_LEVEL_NONE, or no useful information is present for the current block.
Warning: Program is doing double precision computations. No source location available. The input PTX may not contain debug information (nvcc option: -lineinfo), OptixModuleCompileOptions::debugLevel set to OPTIX_COMPILE_DEBUG_LEVEL_NONE, or no useful information is present for the current block.
Warning: Program is doing double precision computations. No source location available. The input PTX may not contain debug information (nvcc option: -lineinfo), OptixModuleCompileOptions::debugLevel set to OPTIX_COMPILE_DEBUG_LEVEL_NONE, or no useful information is present for the current block.
Warning: Program is doing double precision computations. No source location available. The input PTX may not contain debug information (nvcc option: -lineinfo), OptixModuleCompileOptions::debugLevel set to OPTIX_COMPILE_DEBUG_LEVEL_NONE, or no useful information is present for the current block.
Warning: Program is doing double precision computations. No source location available. The input PTX may not contain debug information (nvcc option: -lineinfo), OptixModuleCompileOptions::debugLevel set to OPTIX_COMPILE_DEBUG_LEVEL_NONE, or no useful information is present for the current block.
Warning: Program is doing double precision computations. No source location available. The input PTX may not contain debug information (nvcc option: -lineinfo), OptixModuleCompileOptions::debugLevel set to OPTIX_COMPILE_DEBUG_LEVEL_NONE, or no useful information is present for the current block.
Warning: Program is doing double precision computations. No source location available. The input PTX may not contain debug information (nvcc option: -lineinfo), OptixModuleCompileOptions::debugLevel set to OPTIX_COMPILE_DEBUG_LEVEL_NONE, or no useful information is present for the current block.
Warning: Program is doing double precision computations. No source location available. The input PTX may not contain debug information (nvcc option: -lineinfo), OptixModuleCompileOptions::debugLevel set to OPTIX_COMPILE_DEBUG_LEVEL_NONE, or no useful information is present for the current block.
Warning: Program is doing double precision computations. No source location available. The input PTX may not contain debug information (nvcc option: -lineinfo), OptixModuleCompileOptions::debugLevel set to OPTIX_COMPILE_DEBUG_LEVEL_NONE, or no useful information is present for the current block.
Warning: Program is doing double precision computations. No source location available. The input PTX may not contain debug information (nvcc option: -lineinfo), OptixModuleCompileOptions::debugLevel set to OPTIX_COMPILE_DEBUG_LEVEL_NONE, or no useful information is present for the current block.
Warning: Program is doing double precision computations. No source location available. The input PTX may not contain debug information (nvcc option: -lineinfo), OptixModuleCompileOptions::debugLevel set to OPTIX_COMPILE_DEBUG_LEVEL_NONE, or no useful information is present for the current block.
Warning: Program is doing double precision computations. No source location available. The input PTX may not contain debug information (nvcc option: -lineinfo), OptixModuleCompileOptions::debugLevel set to OPTIX_COMPILE_DEBUG_LEVEL_NONE, or no useful information is present for the current block.
Warning: Program is doing double precision computations. No source location available. The input PTX may not contain debug information (nvcc option: -lineinfo), OptixModuleCompileOptions::debugLevel set to OPTIX_COMPILE_DEBUG_LEVEL_NONE, or no useful information is present for the current block.
Warning: Program is doing double precision computations. No source location available. The input PTX may not contain debug information (nvcc option: -lineinfo), OptixModuleCompileOptions::debugLevel set to OPTIX_COMPILE_DEBUG_LEVEL_NONE, or no useful information is present for the current block.
Warning: Program is doing double precision computations. No source location available. The input PTX may not contain debug information (nvcc option: -lineinfo), OptixModuleCompileOptions::debugLevel set to OPTIX_COMPILE_DEBUG_LEVEL_NONE, or no useful information is present for the current block.
Warning: Program is doing double precision computations. No source location available. The input PTX may not contain debug information (nvcc option: -lineinfo), OptixModuleCompileOptions::debugLevel set to OPTIX_COMPILE_DEBUG_LEVEL_NONE, or no useful information is present for the current block.
Warning: Program is doing double precision computations. No source location available. The input PTX may not contain debug information (nvcc option: -lineinfo), OptixModuleCompileOptions::debugLevel set to OPTIX_COMPILE_DEBUG_LEVEL_NONE, or no useful information is present for the current block.
Warning: Program is doing double precision computations. No source location available. The input PTX may not contain debug information (nvcc option: -lineinfo), OptixModuleCompileOptions::debugLevel set to OPTIX_COMPILE_DEBUG_LEVEL_NONE, or no useful information is present for the current block.
Warning: Program is doing double precision computations. No source location available. The input PTX may not contain debug information (nvcc option: -lineinfo), OptixModuleCompileOptions::debugLevel set to OPTIX_COMPILE_DEBUG_LEVEL_NONE, or no useful information is present for the current block.
Warning: Program is doing double precision computations. No source location available. The input PTX may not contain debug information (nvcc option: -lineinfo), OptixModuleCompileOptions::debugLevel set to OPTIX_COMPILE_DEBUG_LEVEL_NONE, or no useful information is present for the current block.
Warning: Program is doing double precision computations. No source location available. The input PTX may not contain debug information (nvcc option: -lineinfo), OptixModuleCompileOptions::debugLevel set to OPTIX_COMPILE_DEBUG_LEVEL_NONE, or no useful information is present for the current block.
Warning: Program is doing double precision computations. No source location available. The input PTX may not contain debug information (nvcc option: -lineinfo), OptixModuleCompileOptions::debugLevel set to OPTIX_COMPILE_DEBUG_LEVEL_NONE, or no useful information is present for the current block.
Warning: Program is doing double precision computations. No source location available. The input PTX may not contain debug information (nvcc option: -lineinfo), OptixModuleCompileOptions::debugLevel set to OPTIX_COMPILE_DEBUG_LEVEL_NONE, or no useful information is present for the current block.
Warning: Program is doing double precision computations. No source location available. The input PTX may not contain debug information (nvcc option: -lineinfo), OptixModuleCompileOptions::debugLevel set to OPTIX_COMPILE_DEBUG_LEVEL_NONE, or no useful information is present for the current block.
Warning: Program is doing double precision computations. No source location available. The input PTX may not contain debug information (nvcc option: -lineinfo), OptixModuleCompileOptions::debugLevel set to OPTIX_COMPILE_DEBUG_LEVEL_NONE, or no useful information is present for the current block.
Warning: Program is doing double precision computations. No source location available. The input PTX may not contain debug information (nvcc option: -lineinfo), OptixModuleCompileOptions::debugLevel set to OPTIX_COMPILE_DEBUG_LEVEL_NONE, or no useful information is present for the current block.
Warning: Program is doing double precision computations. No source location available. The input PTX may not contain debug information (nvcc option: -lineinfo), OptixModuleCompileOptions::debugLevel set to OPTIX_COMPILE_DEBUG_LEVEL_NONE, or no useful information is present for the current block.
Warning: Program is doing double precision computations. No source location available. The input PTX may not contain debug information (nvcc option: -lineinfo), OptixModuleCompileOptions::debugLevel set to OPTIX_COMPILE_DEBUG_LEVEL_NONE, or no useful information is present for the current block.
Warning: Program is doing double precision computations. No source location available. The input PTX may not contain debug information (nvcc option: -lineinfo), OptixModuleCompileOptions::debugLevel set to OPTIX_COMPILE_DEBUG_LEVEL_NONE, or no useful information is present for the current block.
Warning: Program is doing double precision computations. No source location available. The input PTX may not contain debug information (nvcc option: -lineinfo), OptixModuleCompileOptions::debugLevel set to OPTIX_COMPILE_DEBUG_LEVEL_NONE, or no useful information is present for the current block.
Warning: Program is doing double precision computations. No source location available. The input PTX may not contain debug information (nvcc option: -lineinfo), OptixModuleCompileOptions::debugLevel set to OPTIX_COMPILE_DEBUG_LEVEL_NONE, or no useful information is present for the current block.
Warning: Program is doing double precision computations. No source location available. The input PTX may not contain debug information (nvcc option: -lineinfo), OptixModuleCompileOptions::debugLevel set to OPTIX_COMPILE_DEBUG_LEVEL_NONE, or no useful information is present for the current block.
Warning: Program is doing double precision computations. No source location available. The input PTX may not contain debug information (nvcc option: -lineinfo), OptixModuleCompileOptions::debugLevel set to OPTIX_COMPILE_DEBUG_LEVEL_NONE, or no useful information is present for the current block.
Warning: Program is doing double precision computations. No source location available. The input PTX may not contain debug information (nvcc option: -lineinfo), OptixModuleCompileOptions::debugLevel set to OPTIX_COMPILE_DEBUG_LEVEL_NONE, or no useful information is present for the current block.
Warning: Program is doing double precision computations. No source location available. The input PTX may not contain debug information (nvcc option: -lineinfo), OptixModuleCompileOptions::debugLevel set to OPTIX_COMPILE_DEBUG_LEVEL_NONE, or no useful information is present for the current block.
Warning: Program is doing double precision computations. No source location available. The input PTX may not contain debug information (nvcc option: -lineinfo), OptixModuleCompileOptions::debugLevel set to OPTIX_COMPILE_DEBUG_LEVEL_NONE, or no useful information is present for the current block.
Warning: Program is doing double precision computations. No source location available. The input PTX may not contain debug information (nvcc option: -lineinfo), OptixModuleCompileOptions::debugLevel set to OPTIX_COMPILE_DEBUG_LEVEL_NONE, or no useful information is present for the current block.
Warning: Program is doing double precision computations. No source location available. The input PTX may not contain debug information (nvcc option: -lineinfo), OptixModuleCompileOptions::debugLevel set to OPTIX_COMPILE_DEBUG_LEVEL_NONE, or no useful information is present for the current block.
Warning: Program is doing double precision computations. No source location available. The input PTX may not contain debug information (nvcc option: -lineinfo), OptixModuleCompileOptions::debugLevel set to OPTIX_COMPILE_DEBUG_LEVEL_NONE, or no useful information is present for the current block.
Warning: Program is doing double precision computations. No source location available. The input PTX may not contain debug information (nvcc option: -lineinfo), OptixModuleCompileOptions::debugLevel set to OPTIX_COMPILE_DEBUG_LEVEL_NONE, or no useful information is present for the current block.
Warning: Program is doing double precision computations. No source location available. The input PTX may not contain debug information (nvcc option: -lineinfo), OptixModuleCompileOptions::debugLevel set to OPTIX_COMPILE_DEBUG_LEVEL_NONE, or no useful information is present for the current block.
Warning: Program is doing double precision computations. No source location available. The input PTX may not contain debug information (nvcc option: -lineinfo), OptixModuleCompileOptions::debugLevel set to OPTIX_COMPILE_DEBUG_LEVEL_NONE, or no useful information is present for the current block.
Warning: Program is doing double precision computations. No source location available. The input PTX may not contain debug information (nvcc option: -lineinfo), OptixModuleCompileOptions::debugLevel set to OPTIX_COMPILE_DEBUG_LEVEL_NONE, or no useful information is present for the current block.
Warning: Program is doing double precision computations. No source location available. The input PTX may not contain debug information (nvcc option: -lineinfo), OptixModuleCompileOptions::debugLevel set to OPTIX_COMPILE_DEBUG_LEVEL_NONE, or no useful information is present for the current block.
Warning: Program is doing double precision computations. No source location available. The input PTX may not contain debug information (nvcc option: -lineinfo), OptixModuleCompileOptions::debugLevel set to OPTIX_COMPILE_DEBUG_LEVEL_NONE, or no useful information is present for the current block.
Warning: Program is doing double precision computations. No source location available. The input PTX may not contain debug information (nvcc option: -lineinfo), OptixModuleCompileOptions::debugLevel set to OPTIX_COMPILE_DEBUG_LEVEL_NONE, or no useful information is present for the current block.
Warning: Program is doing double precision computations. No source location available. The input PTX may not contain debug information (nvcc option: -lineinfo), OptixModuleCompileOptions::debugLevel set to OPTIX_COMPILE_DEBUG_LEVEL_NONE, or no useful information is present for the current block.
Warning: Program is doing double precision computations. No source location available. The input PTX may not contain debug information (nvcc option: -lineinfo), OptixModuleCompileOptions::debugLevel set to OPTIX_COMPILE_DEBUG_LEVEL_NONE, or no useful information is present for the current block.
Warning: Program is doing double precision computations. No source location available. The input PTX may not contain debug information (nvcc option: -lineinfo), OptixModuleCompileOptions::debugLevel set to OPTIX_COMPILE_DEBUG_LEVEL_NONE, or no useful information is present for the current block.
Warning: Program is doing double precision computations. No source location available. The input PTX may not contain debug information (nvcc option: -lineinfo), OptixModuleCompileOptions::debugLevel set to OPTIX_COMPILE_DEBUG_LEVEL_NONE, or no useful information is present for the current block.
Warning: Program is doing double precision computations. No source location available. The input PTX may not contain debug information (nvcc option: -lineinfo), OptixModuleCompileOptions::debugLevel set to OPTIX_COMPILE_DEBUG_LEVEL_NONE, or no useful information is present for the current block.
Warning: Program is doing double precision computations. No source location available. The input PTX may not contain debug information (nvcc option: -lineinfo), OptixModuleCompileOptions::debugLevel set to OPTIX_COMPILE_DEBUG_LEVEL_NONE, or no useful information is present for the current block.
Warning: Program is doing double precision computations. No source location available. The input PTX may not contain debug information (nvcc option: -lineinfo), OptixModuleCompileOptions::debugLevel set to OPTIX_COMPILE_DEBUG_LEVEL_NONE, or no useful information is present for the current block.
Warning: Program is doing double precision computations. No source location available. The input PTX may not contain debug information (nvcc option: -lineinfo), OptixModuleCompileOptions::debugLevel set to OPTIX_COMPILE_DEBUG_LEVEL_NONE, or no useful information is present for the current block.
Warning: Program is doing double precision computations. No source location available. The input PTX may not contain debug information (nvcc option: -lineinfo), OptixModuleCompileOptions::debugLevel set to OPTIX_COMPILE_DEBUG_LEVEL_NONE, or no useful information is present for the current block.
Warning: Program is doing double precision computations. No source location available. The input PTX may not contain debug information (nvcc option: -lineinfo), OptixModuleCompileOptions::debugLevel set to OPTIX_COMPILE_DEBUG_LEVEL_NONE, or no useful information is present for the current block.
Warning: Program is doing double precision computations. No source location available. The input PTX may not contain debug information (nvcc option: -lineinfo), OptixModuleCompileOptions::debugLevel set to OPTIX_COMPILE_DEBUG_LEVEL_NONE, or no useful information is present for the current block.
Warning: Program is doing double precision computations. No source location available. The input PTX may not contain debug information (nvcc option: -lineinfo), OptixModuleCompileOptions::debugLevel set to OPTIX_COMPILE_DEBUG_LEVEL_NONE, or no useful information is present for the current block.
Warning: Program is doing double precision computations. No source location available. The input PTX may not contain debug information (nvcc option: -lineinfo), OptixModuleCompileOptions::debugLevel set to OPTIX_COMPILE_DEBUG_LEVEL_NONE, or no useful information is present for the current block.
Warning: Program is doing double precision computations. No source location available. The input PTX may not contain debug information (nvcc option: -lineinfo), OptixModuleCompileOptions::debugLevel set to OPTIX_COMPILE_DEBUG_LEVEL_NONE, or no useful information is present for the current block.
Warning: Program is doing double precision computations. No source location available. The input PTX may not contain debug information (nvcc option: -lineinfo), OptixModuleCompileOptions::debugLevel set to OPTIX_COMPILE_DEBUG_LEVEL_NONE, or no useful information is present for the current block.
Warning: Program is doing double precision computations. No source location available. The input PTX may not contain debug information (nvcc option: -lineinfo), OptixModuleCompileOptions::debugLevel set to OPTIX_COMPILE_DEBUG_LEVEL_NONE, or no useful information is present for the current block.
Warning: Program is doing double precision computations. No source location available. The input PTX may not contain debug information (nvcc option: -lineinfo), OptixModuleCompileOptions::debugLevel set to OPTIX_COMPILE_DEBUG_LEVEL_NONE, or no useful information is present for the current block.
Warning: Program is doing double precision computations. No source location available. The input PTX may not contain debug information (nvcc option: -lineinfo), OptixModuleCompileOptions::debugLevel set to OPTIX_COMPILE_DEBUG_LEVEL_NONE, or no useful information is present for the current block.
Warning: Program is doing double precision computations. No source location available. The input PTX may not contain debug information (nvcc option: -lineinfo), OptixModuleCompileOptions::debugLevel set to OPTIX_COMPILE_DEBUG_LEVEL_NONE, or no useful information is present for the current block.
Warning: Program is doing double precision computations. No source location available. The input PTX may not contain debug information (nvcc option: -lineinfo), OptixModuleCompileOptions::debugLevel set to OPTIX_COMPILE_DEBUG_LEVEL_NONE, or no useful information is present for the current block.
Warning: Program is doing double precision computations. No source location available. The input PTX may not contain debug information (nvcc option: -lineinfo), OptixModuleCompileOptions::debugLevel set to OPTIX_COMPILE_DEBUG_LEVEL_NONE, or no useful information is present for the current block.
Warning: Program is doing double precision computations. No source location available. The input PTX may not contain debug information (nvcc option: -lineinfo), OptixModuleCompileOptions::debugLevel set to OPTIX_COMPILE_DEBUG_LEVEL_NONE, or no useful information is present for the current block.
Warning: Program is doing double precision computations. No source location available. The input PTX may not contain debug information (nvcc option: -lineinfo), OptixModuleCompileOptions::debugLevel set to OPTIX_COMPILE_DEBUG_LEVEL_NONE, or no useful information is present for the current block.
Warning: Program is doing double precision computations. No source location available. The input PTX may not contain debug information (nvcc option: -lineinfo), OptixModuleCompileOptions::debugLevel set to OPTIX_COMPILE_DEBUG_LEVEL_NONE, or no useful information is present for the current block.
Warning: Program is doing double precision computations. No source location available. The input PTX may not contain debug information (nvcc option: -lineinfo), OptixModuleCompileOptions::debugLevel set to OPTIX_COMPILE_DEBUG_LEVEL_NONE, or no useful information is present for the current block.
Warning: Program is doing double precision computations. No source location available. The input PTX may not contain debug information (nvcc option: -lineinfo), OptixModuleCompileOptions::debugLevel set to OPTIX_COMPILE_DEBUG_LEVEL_NONE, or no useful information is present for the current block.
Warning: Program is doing double precision computations. No source location available. The input PTX may not contain debug information (nvcc option: -lineinfo), OptixModuleCompileOptions::debugLevel set to OPTIX_COMPILE_DEBUG_LEVEL_NONE, or no useful information is present for the current block.
Warning: Program is doing double precision computations. No source location available. The input PTX may not contain debug information (nvcc option: -lineinfo), OptixModuleCompileOptions::debugLevel set to OPTIX_COMPILE_DEBUG_LEVEL_NONE, or no useful information is present for the current block.
Warning: Program is doing double precision computations. No source location available. The input PTX may not contain debug information (nvcc option: -lineinfo), OptixModuleCompileOptions::debugLevel set to OPTIX_COMPILE_DEBUG_LEVEL_NONE, or no useful information is present for the current block.
Warning: Program is doing double precision computations. No source location available. The input PTX may not contain debug information (nvcc option: -lineinfo), OptixModuleCompileOptions::debugLevel set to OPTIX_COMPILE_DEBUG_LEVEL_NONE, or no useful information is present for the current block.
Warning: Program is doing double precision computations. No source location available. The input PTX may not contain debug information (nvcc option: -lineinfo), OptixModuleCompileOptions::debugLevel set to OPTIX_COMPILE_DEBUG_LEVEL_NONE, or no useful information is present for the current block.
Warning: Program is doing double precision computations. No source location available. The input PTX may not contain debug information (nvcc option: -lineinfo), OptixModuleCompileOptions::debugLevel set to OPTIX_COMPILE_DEBUG_LEVEL_NONE, or no useful information is present for the current block.
Warning: Program is doing double precision computations. No source location available. The input PTX may not contain debug information (nvcc option: -lineinfo), OptixModuleCompileOptions::debugLevel set to OPTIX_COMPILE_DEBUG_LEVEL_NONE, or no useful information is present for the current block.
Warning: Program is doing double precision computations. No source location available. The input PTX may not contain debug information (nvcc option: -lineinfo), OptixModuleCompileOptions::debugLevel set to OPTIX_COMPILE_DEBUG_LEVEL_NONE, or no useful information is present for the current block.
Warning: Program is doing double precision computations. No source location available. The input PTX may not contain debug information (nvcc option: -lineinfo), OptixModuleCompileOptions::debugLevel set to OPTIX_COMPILE_DEBUG_LEVEL_NONE, or no useful information is present for the current block.
Warning: Program is doing double precision computations. No source location available. The input PTX may not contain debug information (nvcc option: -lineinfo), OptixModuleCompileOptions::debugLevel set to OPTIX_COMPILE_DEBUG_LEVEL_NONE, or no useful information is present for the current block.
Warning: Program is doing double precision computations. No source location available. The input PTX may not contain debug information (nvcc option: -lineinfo), OptixModuleCompileOptions::debugLevel set to OPTIX_COMPILE_DEBUG_LEVEL_NONE, or no useful information is present for the current block.
Warning: Program is doing double precision computations. No source location available. The input PTX may not contain debug information (nvcc option: -lineinfo), OptixModuleCompileOptions::debugLevel set to OPTIX_COMPILE_DEBUG_LEVEL_NONE, or no useful information is present for the current block.
Warning: Program is doing double precision computations. No source location available. The input PTX may not contain debug information (nvcc option: -lineinfo), OptixModuleCompileOptions::debugLevel set to OPTIX_COMPILE_DEBUG_LEVEL_NONE, or no useful information is present for the current block.
Warning: Program is doing double precision computations. No source location available. The input PTX may not contain debug information (nvcc option: -lineinfo), OptixModuleCompileOptions::debugLevel set to OPTIX_COMPILE_DEBUG_LEVEL_NONE, or no useful information is present for the current block.
Warning: Program is doing double precision computations. No source location available. The input PTX may not contain debug information (nvcc option: -lineinfo), OptixModuleCompileOptions::debugLevel set to OPTIX_COMPILE_DEBUG_LEVEL_NONE, or no useful information is present for the current block.
Warning: Program is doing double precision computations. No source location available. The input PTX may not contain debug information (nvcc option: -lineinfo), OptixModuleCompileOptions::debugLevel set to OPTIX_COMPILE_DEBUG_LEVEL_NONE, or no useful information is present for the current block.
Warning: Program is doing double precision computations. No source location available. The input PTX may not contain debug information (nvcc option: -lineinfo), OptixModuleCompileOptions::debugLevel set to OPTIX_COMPILE_DEBUG_LEVEL_NONE, or no useful information is present for the current block.
Warning: Program is doing double precision computations. No source location available. The input PTX may not contain debug information (nvcc option: -lineinfo), OptixModuleCompileOptions::debugLevel set to OPTIX_COMPILE_DEBUG_LEVEL_NONE, or no useful information is present for the current block.
Warning: Program is doing double precision computations. No source location available. The input PTX may not contain debug information (nvcc option: -lineinfo), OptixModuleCompileOptions::debugLevel set to OPTIX_COMPILE_DEBUG_LEVEL_NONE, or no useful information is present for the current block.
Warning: Program is doing double precision computations. No source location available. The input PTX may not contain debug information (nvcc option: -lineinfo), OptixModuleCompileOptions::debugLevel set to OPTIX_COMPILE_DEBUG_LEVEL_NONE, or no useful information is present for the current block.
Warning: Program is doing double precision computations. No source location available. The input PTX may not contain debug information (nvcc option: -lineinfo), OptixModuleCompileOptions::debugLevel set to OPTIX_COMPILE_DEBUG_LEVEL_NONE, or no useful information is present for the current block.
Warning: Program is doing double precision computations. No source location available. The input PTX may not contain debug information (nvcc option: -lineinfo), OptixModuleCompileOptions::debugLevel set to OPTIX_COMPILE_DEBUG_LEVEL_NONE, or no useful information is present for the current block.
Warning: Program is doing double precision computations. No source location available. The input PTX may not contain debug information (nvcc option: -lineinfo), OptixModuleCompileOptions::debugLevel set to OPTIX_COMPILE_DEBUG_LEVEL_NONE, or no useful information is present for the current block.
Warning: Program is doing double precision computations. No source location available. The input PTX may not contain debug information (nvcc option: -lineinfo), OptixModuleCompileOptions::debugLevel set to OPTIX_COMPILE_DEBUG_LEVEL_NONE, or no useful information is present for the current block.
Warning: Program is doing double precision computations. No source location available. The input PTX may not contain debug information (nvcc option: -lineinfo), OptixModuleCompileOptions::debugLevel set to OPTIX_COMPILE_DEBUG_LEVEL_NONE, or no useful information is present for the current block.
Warning: Program is doing double precision computations. No source location available. The input PTX may not contain debug information (nvcc option: -lineinfo), OptixModuleCompileOptions::debugLevel set to OPTIX_COMPILE_DEBUG_LEVEL_NONE, or no useful information is present for the current block.
Warning: Program is doing double precision computations. No source location available. The input PTX may not contain debug information (nvcc option: -lineinfo), OptixModuleCompileOptions::debugLevel set to OPTIX_COMPILE_DEBUG_LEVEL_NONE, or no useful information is present for the current block.
Warning: Program is doing double precision computations. No source location available. The input PTX may not contain debug information (nvcc option: -lineinfo), OptixModuleCompileOptions::debugLevel set to OPTIX_COMPILE_DEBUG_LEVEL_NONE, or no useful information is present for the current block.
Warning: Program is doing double precision computations. No source location available. The input PTX may not contain debug information (nvcc option: -lineinfo), OptixModuleCompileOptions::debugLevel set to OPTIX_COMPILE_DEBUG_LEVEL_NONE, or no useful information is present for the current block.
Warning: Program is doing double precision computations. No source location available. The input PTX may not contain debug information (nvcc option: -lineinfo), OptixModuleCompileOptions::debugLevel set to OPTIX_COMPILE_DEBUG_LEVEL_NONE, or no useful information is present for the current block.
Warning: Program is doing double precision computations. No source location available. The input PTX may not contain debug information (nvcc option: -lineinfo), OptixModuleCompileOptions::debugLevel set to OPTIX_COMPILE_DEBUG_LEVEL_NONE, or no useful information is present for the current block.
Warning: Program is doing double precision computations. No source location available. The input PTX may not contain debug information (nvcc option: -lineinfo), OptixModuleCompileOptions::debugLevel set to OPTIX_COMPILE_DEBUG_LEVEL_NONE, or no useful information is present for the current block.
Warning: Program is doing double precision computations. No source location available. The input PTX may not contain debug information (nvcc option: -lineinfo), OptixModuleCompileOptions::debugLevel set to OPTIX_COMPILE_DEBUG_LEVEL_NONE, or no useful information is present for the current block.
Warning: Program is doing double precision computations. No source location available. The input PTX may not contain debug information (nvcc option: -lineinfo), OptixModuleCompileOptions::debugLevel set to OPTIX_COMPILE_DEBUG_LEVEL_NONE, or no useful information is present for the current block.
Warning: Program is doing double precision computations. No source location available. The input PTX may not contain debug information (nvcc option: -lineinfo), OptixModuleCompileOptions::debugLevel set to OPTIX_COMPILE_DEBUG_LEVEL_NONE, or no useful information is present for the current block.
Warning: Program is doing double precision computations. No source location available. The input PTX may not contain debug information (nvcc option: -lineinfo), OptixModuleCompileOptions::debugLevel set to OPTIX_COMPILE_DEBUG_LEVEL_NONE, or no useful information is present for the current block.
Warning: Program is doing double precision computations. No source location available. The input PTX may not contain debug information (nvcc option: -lineinfo), OptixModuleCompileOptions::debugLevel set to OPTIX_COMPILE_DEBUG_LEVEL_NONE, or no useful information is present for the current block.
Warning: Program is doing double precision computations. No source location available. The input PTX may not contain debug information (nvcc option: -lineinfo), OptixModuleCompileOptions::debugLevel set to OPTIX_COMPILE_DEBUG_LEVEL_NONE, or no useful information is present for the current block.
Warning: Program is doing double precision computations. No source location available. The input PTX may not contain debug information (nvcc option: -lineinfo), OptixModuleCompileOptions::debugLevel set to OPTIX_COMPILE_DEBUG_LEVEL_NONE, or no useful information is present for the current block.
Warning: Program is doing double precision computations. No source location available. The input PTX may not contain debug information (nvcc option: -lineinfo), OptixModuleCompileOptions::debugLevel set to OPTIX_COMPILE_DEBUG_LEVEL_NONE, or no useful information is present for the current block.
Warning: Program is doing double precision computations. No source location available. The input PTX may not contain debug information (nvcc option: -lineinfo), OptixModuleCompileOptions::debugLevel set to OPTIX_COMPILE_DEBUG_LEVEL_NONE, or no useful information is present for the current block.
Warning: Program is doing double precision computations. No source location available. The input PTX may not contain debug information (nvcc option: -lineinfo), OptixModuleCompileOptions::debugLevel set to OPTIX_COMPILE_DEBUG_LEVEL_NONE, or no useful information is present for the current block.
Warning: Program is doing double precision computations. No source location available. The input PTX may not contain debug information (nvcc option: -lineinfo), OptixModuleCompileOptions::debugLevel set to OPTIX_COMPILE_DEBUG_LEVEL_NONE, or no useful information is present for the current block.
Warning: Program is doing double precision computations. No source location available. The input PTX may not contain debug information (nvcc option: -lineinfo), OptixModuleCompileOptions::debugLevel set to OPTIX_COMPILE_DEBUG_LEVEL_NONE, or no useful information is present for the current block.
Warning: Program is doing double precision computations. No source location available. The input PTX may not contain debug information (nvcc option: -lineinfo), OptixModuleCompileOptions::debugLevel set to OPTIX_COMPILE_DEBUG_LEVEL_NONE, or no useful information is present for the current block.
Warning: Program is doing double precision computations. No source location available. The input PTX may not contain debug information (nvcc option: -lineinfo), OptixModuleCompileOptions::debugLevel set to OPTIX_COMPILE_DEBUG_LEVEL_NONE, or no useful information is present for the current block.
Warning: Program is doing double precision computations. No source location available. The input PTX may not contain debug information (nvcc option: -lineinfo), OptixModuleCompileOptions::debugLevel set to OPTIX_COMPILE_DEBUG_LEVEL_NONE, or no useful information is present for the current block.
Warning: Program is doing double precision computations. No source location available. The input PTX may not contain debug information (nvcc option: -lineinfo), OptixModuleCompileOptions::debugLevel set to OPTIX_COMPILE_DEBUG_LEVEL_NONE, or no useful information is present for the current block.
Warning: Program is doing double precision computations. No source location available. The input PTX may not contain debug information (nvcc option: -lineinfo), OptixModuleCompileOptions::debugLevel set to OPTIX_COMPILE_DEBUG_LEVEL_NONE, or no useful information is present for the current block.
Warning: Program is doing double precision computations. No source location available. The input PTX may not contain debug information (nvcc option: -lineinfo), OptixModuleCompileOptions::debugLevel set to OPTIX_COMPILE_DEBUG_LEVEL_NONE, or no useful information is present for the current block.
Warning: Program is doing double precision computations. No source location available. The input PTX may not contain debug information (nvcc option: -lineinfo), OptixModuleCompileOptions::debugLevel set to OPTIX_COMPILE_DEBUG_LEVEL_NONE, or no useful information is present for the current block.
Warning: Program is doing double precision computations. No source location available. The input PTX may not contain debug information (nvcc option: -lineinfo), OptixModuleCompileOptions::debugLevel set to OPTIX_COMPILE_DEBUG_LEVEL_NONE, or no useful information is present for the current block.
Warning: Program is doing double precision computations. No source location available. The input PTX may not contain debug information (nvcc option: -lineinfo), OptixModuleCompileOptions::debugLevel set to OPTIX_COMPILE_DEBUG_LEVEL_NONE, or no useful information is present for the current block.
Warning: Program is doing double precision computations. No source location available. The input PTX may not contain debug information (nvcc option: -lineinfo), OptixModuleCompileOptions::debugLevel set to OPTIX_COMPILE_DEBUG_LEVEL_NONE, or no useful information is present for the current block.
Warning: Program is doing double precision computations. No source location available. The input PTX may not contain debug information (nvcc option: -lineinfo), OptixModuleCompileOptions::debugLevel set to OPTIX_COMPILE_DEBUG_LEVEL_NONE, or no useful information is present for the current block.
Warning: Program is doing double precision computations. No source location available. The input PTX may not contain debug information (nvcc option: -lineinfo), OptixModuleCompileOptions::debugLevel set to OPTIX_COMPILE_DEBUG_LEVEL_NONE, or no useful information is present for the current block.
Warning: Program is doing double precision computations. No source location available. The input PTX may not contain debug information (nvcc option: -lineinfo), OptixModuleCompileOptions::debugLevel set to OPTIX_COMPILE_DEBUG_LEVEL_NONE, or no useful information is present for the current block.
Warning: Program is doing double precision computations. No source location available. The input PTX may not contain debug information (nvcc option: -lineinfo), OptixModuleCompileOptions::debugLevel set to OPTIX_COMPILE_DEBUG_LEVEL_NONE, or no useful information is present for the current block.
Warning: Program is doing double precision computations. No source location available. The input PTX may not contain debug information (nvcc option: -lineinfo), OptixModuleCompileOptions::debugLevel set to OPTIX_COMPILE_DEBUG_LEVEL_NONE, or no useful information is present for the current block.
Warning: Program is doing double precision computations. No source location available. The input PTX may not contain debug information (nvcc option: -lineinfo), OptixModuleCompileOptions::debugLevel set to OPTIX_COMPILE_DEBUG_LEVEL_NONE, or no useful information is present for the current block.
Warning: Program is doing double precision computations. No source location available. The input PTX may not contain debug information (nvcc option: -lineinfo), OptixModuleCompileOptions::debugLevel set to OPTIX_COMPILE_DEBUG_LEVEL_NONE, or no useful information is present for the current block.
Warning: Program is doing double precision computations. No source location available. The input PTX may not contain debug information (nvcc option: -lineinfo), OptixModuleCompileOptions::debugLevel set to OPTIX_COMPILE_DEBUG_LEVEL_NONE, or no useful information is present for the current block.
Warning: Program is doing double precision computations. No source location available. The input PTX may not contain debug information (nvcc option: -lineinfo), OptixModuleCompileOptions::debugLevel set to OPTIX_COMPILE_DEBUG_LEVEL_NONE, or no useful information is present for the current block.
Warning: Program is doing double precision computations. No source location available. The input PTX may not contain debug information (nvcc option: -lineinfo), OptixModuleCompileOptions::debugLevel set to OPTIX_COMPILE_DEBUG_LEVEL_NONE, or no useful information is present for the current block.
Warning: Program is doing double precision computations. No source location available. The input PTX may not contain debug information (nvcc option: -lineinfo), OptixModuleCompileOptions::debugLevel set to OPTIX_COMPILE_DEBUG_LEVEL_NONE, or no useful information is present for the current block.
Warning: Program is doing double precision computations. No source location available. The input PTX may not contain debug information (nvcc option: -lineinfo), OptixModuleCompileOptions::debugLevel set to OPTIX_COMPILE_DEBUG_LEVEL_NONE, or no useful information is present for the current block.
Warning: Program is doing double precision computations. No source location available. The input PTX may not contain debug information (nvcc option: -lineinfo), OptixModuleCompileOptions::debugLevel set to OPTIX_COMPILE_DEBUG_LEVEL_NONE, or no useful information is present for the current block.
Warning: Program is doing double precision computations. No source location available. The input PTX may not contain debug information (nvcc option: -lineinfo), OptixModuleCompileOptions::debugLevel set to OPTIX_COMPILE_DEBUG_LEVEL_NONE, or no useful information is present for the current block.
Warning: Program is doing double precision computations. No source location available. The input PTX may not contain debug information (nvcc option: -lineinfo), OptixModuleCompileOptions::debugLevel set to OPTIX_COMPILE_DEBUG_LEVEL_NONE, or no useful information is present for the current block.
Warning: Program is doing double precision computations. No source location available. The input PTX may not contain debug information (nvcc option: -lineinfo), OptixModuleCompileOptions::debugLevel set to OPTIX_COMPILE_DEBUG_LEVEL_NONE, or no useful information is present for the current block.
Warning: Program is doing double precision computations. No source location available. The input PTX may not contain debug information (nvcc option: -lineinfo), OptixModuleCompileOptions::debugLevel set to OPTIX_COMPILE_DEBUG_LEVEL_NONE, or no useful information is present for the current block.
Warning: Program is doing double precision computations. No source location available. The input PTX may not contain debug information (nvcc option: -lineinfo), OptixModuleCompileOptions::debugLevel set to OPTIX_COMPILE_DEBUG_LEVEL_NONE, or no useful information is present for the current block.
Warning: Program is doing double precision computations. No source location available. The input PTX may not contain debug information (nvcc option: -lineinfo), OptixModuleCompileOptions::debugLevel set to OPTIX_COMPILE_DEBUG_LEVEL_NONE, or no useful information is present for the current block.
Warning: Program is doing double precision computations. No source location available. The input PTX may not contain debug information (nvcc option: -lineinfo), OptixModuleCompileOptions::debugLevel set to OPTIX_COMPILE_DEBUG_LEVEL_NONE, or no useful information is present for the current block.
Warning: Program is doing double precision computations. No source location available. The input PTX may not contain debug information (nvcc option: -lineinfo), OptixModuleCompileOptions::debugLevel set to OPTIX_COMPILE_DEBUG_LEVEL_NONE, or no useful information is present for the current block.
Warning: Program is doing double precision computations. No source location available. The input PTX may not contain debug information (nvcc option: -lineinfo), OptixModuleCompileOptions::debugLevel set to OPTIX_COMPILE_DEBUG_LEVEL_NONE, or no useful information is present for the current block.
Warning: Program is doing double precision computations. No source location available. The input PTX may not contain debug information (nvcc option: -lineinfo), OptixModuleCompileOptions::debugLevel set to OPTIX_COMPILE_DEBUG_LEVEL_NONE, or no useful information is present for the current block.
Warning: Program is doing double precision computations. No source location available. The input PTX may not contain debug information (nvcc option: -lineinfo), OptixModuleCompileOptions::debugLevel set to OPTIX_COMPILE_DEBUG_LEVEL_NONE, or no useful information is present for the current block.
Warning: Program is doing double precision computations. No source location available. The input PTX may not contain debug information (nvcc option: -lineinfo), OptixModuleCompileOptions::debugLevel set to OPTIX_COMPILE_DEBUG_LEVEL_NONE, or no useful information is present for the current block.
Warning: Program is doing double precision computations. No source location available. The input PTX may not contain debug information (nvcc option: -lineinfo), OptixModuleCompileOptions::debugLevel set to OPTIX_COMPILE_DEBUG_LEVEL_NONE, or no useful information is present for the current block.
Warning: Program is doing double precision computations. No source location available. The input PTX may not contain debug information (nvcc option: -lineinfo), OptixModuleCompileOptions::debugLevel set to OPTIX_COMPILE_DEBUG_LEVEL_NONE, or no useful information is present for the current block.
Warning: Program is doing double precision computations. No source location available. The input PTX may not contain debug information (nvcc option: -lineinfo), OptixModuleCompileOptions::debugLevel set to OPTIX_COMPILE_DEBUG_LEVEL_NONE, or no useful information is present for the current block.
Warning: Program is doing double precision computations. No source location available. The input PTX may not contain debug information (nvcc option: -lineinfo), OptixModuleCompileOptions::debugLevel set to OPTIX_COMPILE_DEBUG_LEVEL_NONE, or no useful information is present for the current block.
Warning: Program is doing double precision computations. No source location available. The input PTX may not contain debug information (nvcc option: -lineinfo), OptixModuleCompileOptions::debugLevel set to OPTIX_COMPILE_DEBUG_LEVEL_NONE, or no useful information is present for the current block.
Warning: Program is doing double precision computations. No source location available. The input PTX may not contain debug information (nvcc option: -lineinfo), OptixModuleCompileOptions::debugLevel set to OPTIX_COMPILE_DEBUG_LEVEL_NONE, or no useful information is present for the current block.
Warning: Program is doing double precision computations. No source location available. The input PTX may not contain debug information (nvcc option: -lineinfo), OptixModuleCompileOptions::debugLevel set to OPTIX_COMPILE_DEBUG_LEVEL_NONE, or no useful information is present for the current block.
Warning: Program is doing double precision computations. No source location available. The input PTX may not contain debug information (nvcc option: -lineinfo), OptixModuleCompileOptions::debugLevel set to OPTIX_COMPILE_DEBUG_LEVEL_NONE, or no useful information is present for the current block.
Warning: Program is doing double precision computations. No source location available. The input PTX may not contain debug information (nvcc option: -lineinfo), OptixModuleCompileOptions::debugLevel set to OPTIX_COMPILE_DEBUG_LEVEL_NONE, or no useful information is present for the current block.
Warning: Program is doing double precision computations. No source location available. The input PTX may not contain debug information (nvcc option: -lineinfo), OptixModuleCompileOptions::debugLevel set to OPTIX_COMPILE_DEBUG_LEVEL_NONE, or no useful information is present for the current block.
Warning: Program is doing double precision computations. No source location available. The input PTX may not contain debug information (nvcc option: -lineinfo), OptixModuleCompileOptions::debugLevel set to OPTIX_COMPILE_DEBUG_LEVEL_NONE, or no useful information is present for the current block.
Warning: Program is doing double precision computations. No source location available. The input PTX may not contain debug information (nvcc option: -lineinfo), OptixModuleCompileOptions::debugLevel set to OPTIX_COMPILE_DEBUG_LEVEL_NONE, or no useful information is present for the current block.
Warning: Program is doing double precision computations. No source location available. The input PTX may not contain debug information (nvcc option: -lineinfo), OptixModuleCompileOptions::debugLevel set to OPTIX_COMPILE_DEBUG_LEVEL_NONE, or no useful information is present for the current block.
Warning: Program is doing double precision computations. No source location available. The input PTX may not contain debug information (nvcc option: -lineinfo), OptixModuleCompileOptions::debugLevel set to OPTIX_COMPILE_DEBUG_LEVEL_NONE, or no useful information is present for the current block.
Warning: Program is doing double precision computations. No source location available. The input PTX may not contain debug information (nvcc option: -lineinfo), OptixModuleCompileOptions::debugLevel set to OPTIX_COMPILE_DEBUG_LEVEL_NONE, or no useful information is present for the current block.
Warning: Program is doing double precision computations. No source location available. The input PTX may not contain debug information (nvcc option: -lineinfo), OptixModuleCompileOptions::debugLevel set to OPTIX_COMPILE_DEBUG_LEVEL_NONE, or no useful information is present for the current block.
Warning: Program is doing double precision computations. No source location available. The input PTX may not contain debug information (nvcc option: -lineinfo), OptixModuleCompileOptions::debugLevel set to OPTIX_COMPILE_DEBUG_LEVEL_NONE, or no useful information is present for the current block.
Warning: Program is doing double precision computations. No source location available. The input PTX may not contain debug information (nvcc option: -lineinfo), OptixModuleCompileOptions::debugLevel set to OPTIX_COMPILE_DEBUG_LEVEL_NONE, or no useful information is present for the current block.
Warning: Program is doing double precision computations. No source location available. The input PTX may not contain debug information (nvcc option: -lineinfo), OptixModuleCompileOptions::debugLevel set to OPTIX_COMPILE_DEBUG_LEVEL_NONE, or no useful information is present for the current block.
Warning: Program is doing double precision computations. No source location available. The input PTX may not contain debug information (nvcc option: -lineinfo), OptixModuleCompileOptions::debugLevel set to OPTIX_COMPILE_DEBUG_LEVEL_NONE, or no useful information is present for the current block.
Warning: Program is doing double precision computations. No source location available. The input PTX may not contain debug information (nvcc option: -lineinfo), OptixModuleCompileOptions::debugLevel set to OPTIX_COMPILE_DEBUG_LEVEL_NONE, or no useful information is present for the current block.
Warning: Program is doing double precision computations. No source location available. The input PTX may not contain debug information (nvcc option: -lineinfo), OptixModuleCompileOptions::debugLevel set to OPTIX_COMPILE_DEBUG_LEVEL_NONE, or no useful information is present for the current block.
Warning: Program is doing double precision computations. No source location available. The input PTX may not contain debug information (nvcc option: -lineinfo), OptixModuleCompileOptions::debugLevel set to OPTIX_COMPILE_DEBUG_LEVEL_NONE, or no useful information is present for the current block.
Warning: Program is doing double precision computations. No source location available. The input PTX may not contain debug information (nvcc option: -lineinfo), OptixModuleCompileOptions::debugLevel set to OPTIX_COMPILE_DEBUG_LEVEL_NONE, or no useful information is present for the current block.
Warning: Program is doing double precision computations. No source location available. The input PTX may not contain debug information (nvcc option: -lineinfo), OptixModuleCompileOptions::debugLevel set to OPTIX_COMPILE_DEBUG_LEVEL_NONE, or no useful information is present for the current block.
Warning: Program is doing double precision computations. No source location available. The input PTX may not contain debug information (nvcc option: -lineinfo), OptixModuleCompileOptions::debugLevel set to OPTIX_COMPILE_DEBUG_LEVEL_NONE, or no useful information is present for the current block.
Warning: Program is doing double precision computations. No source location available. The input PTX may not contain debug information (nvcc option: -lineinfo), OptixModuleCompileOptions::debugLevel set to OPTIX_COMPILE_DEBUG_LEVEL_NONE, or no useful information is present for the current block.
Warning: Program is doing double precision computations. No source location available. The input PTX may not contain debug information (nvcc option: -lineinfo), OptixModuleCompileOptions::debugLevel set to OPTIX_COMPILE_DEBUG_LEVEL_NONE, or no useful information is present for the current block.
Warning: Program is doing double precision computations. No source location available. The input PTX may not contain debug information (nvcc option: -lineinfo), OptixModuleCompileOptions::debugLevel set to OPTIX_COMPILE_DEBUG_LEVEL_NONE, or no useful information is present for the current block.
Warning: Program is doing double precision computations. No source location available. The input PTX may not contain debug information (nvcc option: -lineinfo), OptixModuleCompileOptions::debugLevel set to OPTIX_COMPILE_DEBUG_LEVEL_NONE, or no useful information is present for the current block.
Warning: Program is doing double precision computations. No source location available. The input PTX may not contain debug information (nvcc option: -lineinfo), OptixModuleCompileOptions::debugLevel set to OPTIX_COMPILE_DEBUG_LEVEL_NONE, or no useful information is present for the current block.
Warning: Program is doing double precision computations. No source location available. The input PTX may not contain debug information (nvcc option: -lineinfo), OptixModuleCompileOptions::debugLevel set to OPTIX_COMPILE_DEBUG_LEVEL_NONE, or no useful information is present for the current block.
Warning: Program is doing double precision computations. No source location available. The input PTX may not contain debug information (nvcc option: -lineinfo), OptixModuleCompileOptions::debugLevel set to OPTIX_COMPILE_DEBUG_LEVEL_NONE, or no useful information is present for the current block.
Warning: Program is doing double precision computations. No source location available. The input PTX may not contain debug information (nvcc option: -lineinfo), OptixModuleCompileOptions::debugLevel set to OPTIX_COMPILE_DEBUG_LEVEL_NONE, or no useful information is present for the current block.
Warning: Program is doing double precision computations. No source location available. The input PTX may not contain debug information (nvcc option: -lineinfo), OptixModuleCompileOptions::debugLevel set to OPTIX_COMPILE_DEBUG_LEVEL_NONE, or no useful information is present for the current block.
Warning: Program is doing double precision computations. No source location available. The input PTX may not contain debug information (nvcc option: -lineinfo), OptixModuleCompileOptions::debugLevel set to OPTIX_COMPILE_DEBUG_LEVEL_NONE, or no useful information is present for the current block.
Warning: Program is doing double precision computations. No source location available. The input PTX may not contain debug information (nvcc option: -lineinfo), OptixModuleCompileOptions::debugLevel set to OPTIX_COMPILE_DEBUG_LEVEL_NONE, or no useful information is present for the current block.
Warning: Program is doing double precision computations. No source location available. The input PTX may not contain debug information (nvcc option: -lineinfo), OptixModuleCompileOptions::debugLevel set to OPTIX_COMPILE_DEBUG_LEVEL_NONE, or no useful information is present for the current block.
Warning: Program is doing double precision computations. No source location available. The input PTX may not contain debug information (nvcc option: -lineinfo), OptixModuleCompileOptions::debugLevel set to OPTIX_COMPILE_DEBUG_LEVEL_NONE, or no useful information is present for the current block.
Warning: Program is doing double precision computations. No source location available. The input PTX may not contain debug information (nvcc option: -lineinfo), OptixModuleCompileOptions::debugLevel set to OPTIX_COMPILE_DEBUG_LEVEL_NONE, or no useful information is present for the current block.
Warning: Program is doing double precision computations. No source location available. The input PTX may not contain debug information (nvcc option: -lineinfo), OptixModuleCompileOptions::debugLevel set to OPTIX_COMPILE_DEBUG_LEVEL_NONE, or no useful information is present for the current block.
Warning: Program is doing double precision computations. No source location available. The input PTX may not contain debug information (nvcc option: -lineinfo), OptixModuleCompileOptions::debugLevel set to OPTIX_COMPILE_DEBUG_LEVEL_NONE, or no useful information is present for the current block.
Warning: Program is doing double precision computations. No source location available. The input PTX may not contain debug information (nvcc option: -lineinfo), OptixModuleCompileOptions::debugLevel set to OPTIX_COMPILE_DEBUG_LEVEL_NONE, or no useful information is present for the current block.
Warning: Program is doing double precision computations. No source location available. The input PTX may not contain debug information (nvcc option: -lineinfo), OptixModuleCompileOptions::debugLevel set to OPTIX_COMPILE_DEBUG_LEVEL_NONE, or no useful information is present for the current block.
Warning: Program is doing double precision computations. No source location available. The input PTX may not contain debug information (nvcc option: -lineinfo), OptixModuleCompileOptions::debugLevel set to OPTIX_COMPILE_DEBUG_LEVEL_NONE, or no useful information is present for the current block.
Warning: Program is doing double precision computations. No source location available. The input PTX may not contain debug information (nvcc option: -lineinfo), OptixModuleCompileOptions::debugLevel set to OPTIX_COMPILE_DEBUG_LEVEL_NONE, or no useful information is present for the current block.
Warning: Program is doing double precision computations. No source location available. The input PTX may not contain debug information (nvcc option: -lineinfo), OptixModuleCompileOptions::debugLevel set to OPTIX_COMPILE_DEBUG_LEVEL_NONE, or no useful information is present for the current block.
Warning: Program is doing double precision computations. No source location available. The input PTX may not contain debug information (nvcc option: -lineinfo), OptixModuleCompileOptions::debugLevel set to OPTIX_COMPILE_DEBUG_LEVEL_NONE, or no useful information is present for the current block.
Warning: Program is doing double precision computations. No source location available. The input PTX may not contain debug information (nvcc option: -lineinfo), OptixModuleCompileOptions::debugLevel set to OPTIX_COMPILE_DEBUG_LEVEL_NONE, or no useful information is present for the current block.
Warning: Program is doing double precision computations. No source location available. The input PTX may not contain debug information (nvcc option: -lineinfo), OptixModuleCompileOptions::debugLevel set to OPTIX_COMPILE_DEBUG_LEVEL_NONE, or no useful information is present for the current block.
Warning: Program is doing double precision computations. No source location available. The input PTX may not contain debug information (nvcc option: -lineinfo), OptixModuleCompileOptions::debugLevel set to OPTIX_COMPILE_DEBUG_LEVEL_NONE, or no useful information is present for the current block.
Warning: Program is doing double precision computations. No source location available. The input PTX may not contain debug information (nvcc option: -lineinfo), OptixModuleCompileOptions::debugLevel set to OPTIX_COMPILE_DEBUG_LEVEL_NONE, or no useful information is present for the current block.
Warning: Program is doing double precision computations. No source location available. The input PTX may not contain debug information (nvcc option: -lineinfo), OptixModuleCompileOptions::debugLevel set to OPTIX_COMPILE_DEBUG_LEVEL_NONE, or no useful information is present for the current block.
Warning: Program is doing double precision computations. No source location available. The input PTX may not contain debug information (nvcc option: -lineinfo), OptixModuleCompileOptions::debugLevel set to OPTIX_COMPILE_DEBUG_LEVEL_NONE, or no useful information is present for the current block.
Warning: Program is doing double precision computations. No source location available. The input PTX may not contain debug information (nvcc option: -lineinfo), OptixModuleCompileOptions::debugLevel set to OPTIX_COMPILE_DEBUG_LEVEL_NONE, or no useful information is present for the current block.
Warning: Program is doing double precision computations. No source location available. The input PTX may not contain debug information (nvcc option: -lineinfo), OptixModuleCompileOptions::debugLevel set to OPTIX_COMPILE_DEBUG_LEVEL_NONE, or no useful information is present for the current block.
Warning: Program is doing double precision computations. No source location available. The input PTX may not contain debug information (nvcc option: -lineinfo), OptixModuleCompileOptions::debugLevel set to OPTIX_COMPILE_DEBUG_LEVEL_NONE, or no useful information is present for the current block.
Warning: Program is doing double precision computations. No source location available. The input PTX may not contain debug information (nvcc option: -lineinfo), OptixModuleCompileOptions::debugLevel set to OPTIX_COMPILE_DEBUG_LEVEL_NONE, or no useful information is present for the current block.
Warning: Program is doing double precision computations. No source location available. The input PTX may not contain debug information (nvcc option: -lineinfo), OptixModuleCompileOptions::debugLevel set to OPTIX_COMPILE_DEBUG_LEVEL_NONE, or no useful information is present for the current block.
Warning: Program is doing double precision computations. No source location available. The input PTX may not contain debug information (nvcc option: -lineinfo), OptixModuleCompileOptions::debugLevel set to OPTIX_COMPILE_DEBUG_LEVEL_NONE, or no useful information is present for the current block.
Warning: Program is doing double precision computations. No source location available. The input PTX may not contain debug information (nvcc option: -lineinfo), OptixModuleCompileOptions::debugLevel set to OPTIX_COMPILE_DEBUG_LEVEL_NONE, or no useful information is present for the current block.
Warning: Program is doing double precision computations. No source location available. The input PTX may not contain debug information (nvcc option: -lineinfo), OptixModuleCompileOptions::debugLevel set to OPTIX_COMPILE_DEBUG_LEVEL_NONE, or no useful information is present for the current block.
Warning: Program is doing double precision computations. No source location available. The input PTX may not contain debug information (nvcc option: -lineinfo), OptixModuleCompileOptions::debugLevel set to OPTIX_COMPILE_DEBUG_LEVEL_NONE, or no useful information is present for the current block.
Warning: Program is doing double precision computations. No source location available. The input PTX may not contain debug information (nvcc option: -lineinfo), OptixModuleCompileOptions::debugLevel set to OPTIX_COMPILE_DEBUG_LEVEL_NONE, or no useful information is present for the current block.
Warning: Program is doing double precision computations. No source location available. The input PTX may not contain debug information (nvcc option: -lineinfo), OptixModuleCompileOptions::debugLevel set to OPTIX_COMPILE_DEBUG_LEVEL_NONE, or no useful information is present for the current block.
Warning: Program is doing double precision computations. No source location available. The input PTX may not contain debug information (nvcc option: -lineinfo), OptixModuleCompileOptions::debugLevel set to OPTIX_COMPILE_DEBUG_LEVEL_NONE, or no useful information is present for the current block.
Warning: Program is doing double precision computations. No source location available. The input PTX may not contain debug information (nvcc option: -lineinfo), OptixModuleCompileOptions::debugLevel set to OPTIX_COMPILE_DEBUG_LEVEL_NONE, or no useful information is present for the current block.
Warning: Program is doing double precision computations. No source location available. The input PTX may not contain debug information (nvcc option: -lineinfo), OptixModuleCompileOptions::debugLevel set to OPTIX_COMPILE_DEBUG_LEVEL_NONE, or no useful information is present for the current block.
Warning: Program is doing double precision computations. No source location available. The input PTX may not contain debug information (nvcc option: -lineinfo), OptixModuleCompileOptions::debugLevel set to OPTIX_COMPILE_DEBUG_LEVEL_NONE, or no useful information is present for the current block.
Warning: Program is doing double precision computations. No source location available. The input PTX may not contain debug information (nvcc option: -lineinfo), OptixModuleCompileOptions::debugLevel set to OPTIX_COMPILE_DEBUG_LEVEL_NONE, or no useful information is present for the current block.
Warning: Program is doing double precision computations. No source location available. The input PTX may not contain debug information (nvcc option: -lineinfo), OptixModuleCompileOptions::debugLevel set to OPTIX_COMPILE_DEBUG_LEVEL_NONE, or no useful information is present for the current block.
Warning: Program is doing double precision computations. No source location available. The input PTX may not contain debug information (nvcc option: -lineinfo), OptixModuleCompileOptions::debugLevel set to OPTIX_COMPILE_DEBUG_LEVEL_NONE, or no useful information is present for the current block.
Warning: Program is doing double precision computations. No source location available. The input PTX may not contain debug information (nvcc option: -lineinfo), OptixModuleCompileOptions::debugLevel set to OPTIX_COMPILE_DEBUG_LEVEL_NONE, or no useful information is present for the current block.
Warning: Program is doing double precision computations. No source location available. The input PTX may not contain debug information (nvcc option: -lineinfo), OptixModuleCompileOptions::debugLevel set to OPTIX_COMPILE_DEBUG_LEVEL_NONE, or no useful information is present for the current block.
Warning: Program is doing double precision computations. No source location available. The input PTX may not contain debug information (nvcc option: -lineinfo), OptixModuleCompileOptions::debugLevel set to OPTIX_COMPILE_DEBUG_LEVEL_NONE, or no useful information is present for the current block.
Warning: Program is doing double precision computations. No source location available. The input PTX may not contain debug information (nvcc option: -lineinfo), OptixModuleCompileOptions::debugLevel set to OPTIX_COMPILE_DEBUG_LEVEL_NONE, or no useful information is present for the current block.
Warning: Program is doing double precision computations. No source location available. The input PTX may not contain debug information (nvcc option: -lineinfo), OptixModuleCompileOptions::debugLevel set to OPTIX_COMPILE_DEBUG_LEVEL_NONE, or no useful information is present for the current block.
Warning: Program is doing double precision computations. No source location available. The input PTX may not contain debug information (nvcc option: -lineinfo), OptixModuleCompileOptions::debugLevel set to OPTIX_COMPILE_DEBUG_LEVEL_NONE, or no useful information is present for the current block.
Warning: Program is doing double precision computations. No source location available. The input PTX may not contain debug information (nvcc option: -lineinfo), OptixModuleCompileOptions::debugLevel set to OPTIX_COMPILE_DEBUG_LEVEL_NONE, or no useful information is present for the current block.
Warning: Program is doing double precision computations. No source location available. The input PTX may not contain debug information (nvcc option: -lineinfo), OptixModuleCompileOptions::debugLevel set to OPTIX_COMPILE_DEBUG_LEVEL_NONE, or no useful information is present for the current block.
Warning: Program is doing double precision computations. No source location available. The input PTX may not contain debug information (nvcc option: -lineinfo), OptixModuleCompileOptions::debugLevel set to OPTIX_COMPILE_DEBUG_LEVEL_NONE, or no useful information is present for the current block.
Warning: Program is doing double precision computations. No source location available. The input PTX may not contain debug information (nvcc option: -lineinfo), OptixModuleCompileOptions::debugLevel set to OPTIX_COMPILE_DEBUG_LEVEL_NONE, or no useful information is present for the current block.
Warning: Program is doing double precision computations. No source location available. The input PTX may not contain debug information (nvcc option: -lineinfo), OptixModuleCompileOptions::debugLevel set to OPTIX_COMPILE_DEBUG_LEVEL_NONE, or no useful information is present for the current block.
Warning: Program is doing double precision computations. No source location available. The input PTX may not contain debug information (nvcc option: -lineinfo), OptixModuleCompileOptions::debugLevel set to OPTIX_COMPILE_DEBUG_LEVEL_NONE, or no useful information is present for the current block.
Warning: Program is doing double precision computations. No source location available. The input PTX may not contain debug information (nvcc option: -lineinfo), OptixModuleCompileOptions::debugLevel set to OPTIX_COMPILE_DEBUG_LEVEL_NONE, or no useful information is present for the current block.
Warning: Program is doing double precision computations. No source location available. The input PTX may not contain debug information (nvcc option: -lineinfo), OptixModuleCompileOptions::debugLevel set to OPTIX_COMPILE_DEBUG_LEVEL_NONE, or no useful information is present for the current block.
Warning: Program is doing double precision computations. No source location available. The input PTX may not contain debug information (nvcc option: -lineinfo), OptixModuleCompileOptions::debugLevel set to OPTIX_COMPILE_DEBUG_LEVEL_NONE, or no useful information is present for the current block.
Warning: Program is doing double precision computations. No source location available. The input PTX may not contain debug information (nvcc option: -lineinfo), OptixModuleCompileOptions::debugLevel set to OPTIX_COMPILE_DEBUG_LEVEL_NONE, or no useful information is present for the current block.
Warning: Program is doing double precision computations. No source location available. The input PTX may not contain debug information (nvcc option: -lineinfo), OptixModuleCompileOptions::debugLevel set to OPTIX_COMPILE_DEBUG_LEVEL_NONE, or no useful information is present for the current block.
Warning: Program is doing double precision computations. No source location available. The input PTX may not contain debug information (nvcc option: -lineinfo), OptixModuleCompileOptions::debugLevel set to OPTIX_COMPILE_DEBUG_LEVEL_NONE, or no useful information is present for the current block.
Warning: Program is doing double precision computations. No source location available. The input PTX may not contain debug information (nvcc option: -lineinfo), OptixModuleCompileOptions::debugLevel set to OPTIX_COMPILE_DEBUG_LEVEL_NONE, or no useful information is present for the current block.
Warning: Program is doing double precision computations. No source location available. The input PTX may not contain debug information (nvcc option: -lineinfo), OptixModuleCompileOptions::debugLevel set to OPTIX_COMPILE_DEBUG_LEVEL_NONE, or no useful information is present for the current block.
Warning: Program is doing double precision computations. No source location available. The input PTX may not contain debug information (nvcc option: -lineinfo), OptixModuleCompileOptions::debugLevel set to OPTIX_COMPILE_DEBUG_LEVEL_NONE, or no useful information is present for the current block.
Warning: Program is doing double precision computations. No source location available. The input PTX may not contain debug information (nvcc option: -lineinfo), OptixModuleCompileOptions::debugLevel set to OPTIX_COMPILE_DEBUG_LEVEL_NONE, or no useful information is present for the current block.
Warning: Program is doing double precision computations. No source location available. The input PTX may not contain debug information (nvcc option: -lineinfo), OptixModuleCompileOptions::debugLevel set to OPTIX_COMPILE_DEBUG_LEVEL_NONE, or no useful information is present for the current block.
Warning: Program is doing double precision computations. No source location available. The input PTX may not contain debug information (nvcc option: -lineinfo), OptixModuleCompileOptions::debugLevel set to OPTIX_COMPILE_DEBUG_LEVEL_NONE, or no useful information is present for the current block.
Warning: Program is doing double precision computations. No source location available. The input PTX may not contain debug information (nvcc option: -lineinfo), OptixModuleCompileOptions::debugLevel set to OPTIX_COMPILE_DEBUG_LEVEL_NONE, or no useful information is present for the current block.
Warning: Program is doing double precision computations. No source location available. The input PTX may not contain debug information (nvcc option: -lineinfo), OptixModuleCompileOptions::debugLevel set to OPTIX_COMPILE_DEBUG_LEVEL_NONE, or no useful information is present for the current block.
Warning: Program is doing double precision computations. No source location available. The input PTX may not contain debug information (nvcc option: -lineinfo), OptixModuleCompileOptions::debugLevel set to OPTIX_COMPILE_DEBUG_LEVEL_NONE, or no useful information is present for the current block.
Warning: Program is doing double precision computations. No source location available. The input PTX may not contain debug information (nvcc option: -lineinfo), OptixModuleCompileOptions::debugLevel set to OPTIX_COMPILE_DEBUG_LEVEL_NONE, or no useful information is present for the current block.
Warning: Program is doing double precision computations. No source location available. The input PTX may not contain debug information (nvcc option: -lineinfo), OptixModuleCompileOptions::debugLevel set to OPTIX_COMPILE_DEBUG_LEVEL_NONE, or no useful information is present for the current block.
Warning: Program is doing double precision computations. No source location available. The input PTX may not contain debug information (nvcc option: -lineinfo), OptixModuleCompileOptions::debugLevel set to OPTIX_COMPILE_DEBUG_LEVEL_NONE, or no useful information is present for the current block.
Warning: Program is doing double precision computations. No source location available. The input PTX may not contain debug information (nvcc option: -lineinfo), OptixModuleCompileOptions::debugLevel set to OPTIX_COMPILE_DEBUG_LEVEL_NONE, or no useful information is present for the current block.
Warning: Program is doing double precision computations. No source location available. The input PTX may not contain debug information (nvcc option: -lineinfo), OptixModuleCompileOptions::debugLevel set to OPTIX_COMPILE_DEBUG_LEVEL_NONE, or no useful information is present for the current block.
Warning: Program is doing double precision computations. No source location available. The input PTX may not contain debug information (nvcc option: -lineinfo), OptixModuleCompileOptions::debugLevel set to OPTIX_COMPILE_DEBUG_LEVEL_NONE, or no useful information is present for the current block.
Warning: Program is doing double precision computations. No source location available. The input PTX may not contain debug information (nvcc option: -lineinfo), OptixModuleCompileOptions::debugLevel set to OPTIX_COMPILE_DEBUG_LEVEL_NONE, or no useful information is present for the current block.
Warning: Program is doing double precision computations. No source location available. The input PTX may not contain debug information (nvcc option: -lineinfo), OptixModuleCompileOptions::debugLevel set to OPTIX_COMPILE_DEBUG_LEVEL_NONE, or no useful information is present for the current block.
Warning: Program is doing double precision computations. No source location available. The input PTX may not contain debug information (nvcc option: -lineinfo), OptixModuleCompileOptions::debugLevel set to OPTIX_COMPILE_DEBUG_LEVEL_NONE, or no useful information is present for the current block.
Warning: Program is doing double precision computations. No source location available. The input PTX may not contain debug information (nvcc option: -lineinfo), OptixModuleCompileOptions::debugLevel set to OPTIX_COMPILE_DEBUG_LEVEL_NONE, or no useful information is present for the current block.
Warning: Program is doing double precision computations. No source location available. The input PTX may not contain debug information (nvcc option: -lineinfo), OptixModuleCompileOptions::debugLevel set to OPTIX_COMPILE_DEBUG_LEVEL_NONE, or no useful information is present for the current block.
Warning: Program is doing double precision computations. No source location available. The input PTX may not contain debug information (nvcc option: -lineinfo), OptixModuleCompileOptions::debugLevel set to OPTIX_COMPILE_DEBUG_LEVEL_NONE, or no useful information is present for the current block.
Warning: Program is doing double precision computations. No source location available. The input PTX may not contain debug information (nvcc option: -lineinfo), OptixModuleCompileOptions::debugLevel set to OPTIX_COMPILE_DEBUG_LEVEL_NONE, or no useful information is present for the current block.
Warning: Program is doing double precision computations. No source location available. The input PTX may not contain debug information (nvcc option: -lineinfo), OptixModuleCompileOptions::debugLevel set to OPTIX_COMPILE_DEBUG_LEVEL_NONE, or no useful information is present for the current block.
Warning: Program is doing double precision computations. No source location available. The input PTX may not contain debug information (nvcc option: -lineinfo), OptixModuleCompileOptions::debugLevel set to OPTIX_COMPILE_DEBUG_LEVEL_NONE, or no useful information is present for the current block.
Warning: Program is doing double precision computations. No source location available. The input PTX may not contain debug information (nvcc option: -lineinfo), OptixModuleCompileOptions::debugLevel set to OPTIX_COMPILE_DEBUG_LEVEL_NONE, or no useful information is present for the current block.
Warning: Program is doing double precision computations. No source location available. The input PTX may not contain debug information (nvcc option: -lineinfo), OptixModuleCompileOptions::debugLevel set to OPTIX_COMPILE_DEBUG_LEVEL_NONE, or no useful information is present for the current block.
Warning: Program is doing double precision computations. No source location available. The input PTX may not contain debug information (nvcc option: -lineinfo), OptixModuleCompileOptions::debugLevel set to OPTIX_COMPILE_DEBUG_LEVEL_NONE, or no useful information is present for the current block.
Warning: Program is doing double precision computations. No source location available. The input PTX may not contain debug information (nvcc option: -lineinfo), OptixModuleCompileOptions::debugLevel set to OPTIX_COMPILE_DEBUG_LEVEL_NONE, or no useful information is present for the current block.
Warning: Program is doing double precision computations. No source location available. The input PTX may not contain debug information (nvcc option: -lineinfo), OptixModuleCompileOptions::debugLevel set to OPTIX_COMPILE_DEBUG_LEVEL_NONE, or no useful information is present for the current block.
Warning: Program is doing double precision computations. No source location available. The input PTX may not contain debug information (nvcc option: -lineinfo), OptixModuleCompileOptions::debugLevel set to OPTIX_COMPILE_DEBUG_LEVEL_NONE, or no useful information is present for the current block.
Warning: Program is doing double precision computations. No source location available. The input PTX may not contain debug information (nvcc option: -lineinfo), OptixModuleCompileOptions::debugLevel set to OPTIX_COMPILE_DEBUG_LEVEL_NONE, or no useful information is present for the current block.
Warning: Program is doing double precision computations. No source location available. The input PTX may not contain debug information (nvcc option: -lineinfo), OptixModuleCompileOptions::debugLevel set to OPTIX_COMPILE_DEBUG_LEVEL_NONE, or no useful information is present for the current block.
Warning: Program is doing double precision computations. No source location available. The input PTX may not contain debug information (nvcc option: -lineinfo), OptixModuleCompileOptions::debugLevel set to OPTIX_COMPILE_DEBUG_LEVEL_NONE, or no useful information is present for the current block.
Warning: Program is doing double precision computations. No source location available. The input PTX may not contain debug information (nvcc option: -lineinfo), OptixModuleCompileOptions::debugLevel set to OPTIX_COMPILE_DEBUG_LEVEL_NONE, or no useful information is present for the current block.
Warning: Program is doing double precision computations. No source location available. The input PTX may not contain debug information (nvcc option: -lineinfo), OptixModuleCompileOptions::debugLevel set to OPTIX_COMPILE_DEBUG_LEVEL_NONE, or no useful information is present for the current block.
Warning: Program is doing double precision computations. No source location available. The input PTX may not contain debug information (nvcc option: -lineinfo), OptixModuleCompileOptions::debugLevel set to OPTIX_COMPILE_DEBUG_LEVEL_NONE, or no useful information is present for the current block.
Warning: Program is doing double precision computations. No source location available. The input PTX may not contain debug information (nvcc option: -lineinfo), OptixModuleCompileOptions::debugLevel set to OPTIX_COMPILE_DEBUG_LEVEL_NONE, or no useful information is present for the current block.
Warning: Program is doing double precision computations. No source location available. The input PTX may not contain debug information (nvcc option: -lineinfo), OptixModuleCompileOptions::debugLevel set to OPTIX_COMPILE_DEBUG_LEVEL_NONE, or no useful information is present for the current block.
Warning: Program is doing double precision computations. No source location available. The input PTX may not contain debug information (nvcc option: -lineinfo), OptixModuleCompileOptions::debugLevel set to OPTIX_COMPILE_DEBUG_LEVEL_NONE, or no useful information is present for the current block.
Warning: Program is doing double precision computations. No source location available. The input PTX may not contain debug information (nvcc option: -lineinfo), OptixModuleCompileOptions::debugLevel set to OPTIX_COMPILE_DEBUG_LEVEL_NONE, or no useful information is present for the current block.
Warning: Program is doing double precision computations. No source location available. The input PTX may not contain debug information (nvcc option: -lineinfo), OptixModuleCompileOptions::debugLevel set to OPTIX_COMPILE_DEBUG_LEVEL_NONE, or no useful information is present for the current block.
Warning: Program is doing double precision computations. No source location available. The input PTX may not contain debug information (nvcc option: -lineinfo), OptixModuleCompileOptions::debugLevel set to OPTIX_COMPILE_DEBUG_LEVEL_NONE, or no useful information is present for the current block.
Warning: Program is doing double precision computations. No source location available. The input PTX may not contain debug information (nvcc option: -lineinfo), OptixModuleCompileOptions::debugLevel set to OPTIX_COMPILE_DEBUG_LEVEL_NONE, or no useful information is present for the current block.
Warning: Program is doing double precision computations. No source location available. The input PTX may not contain debug information (nvcc option: -lineinfo), OptixModuleCompileOptions::debugLevel set to OPTIX_COMPILE_DEBUG_LEVEL_NONE, or no useful information is present for the current block.
Warning: Program is doing double precision computations. No source location available. The input PTX may not contain debug information (nvcc option: -lineinfo), OptixModuleCompileOptions::debugLevel set to OPTIX_COMPILE_DEBUG_LEVEL_NONE, or no useful information is present for the current block.
Warning: Program is doing double precision computations. No source location available. The input PTX may not contain debug information (nvcc option: -lineinfo), OptixModuleCompileOptions::debugLevel set to OPTIX_COMPILE_DEBUG_LEVEL_NONE, or no useful information is present for the current block.
Warning: Program is doing double precision computations. No source location available. The input PTX may not contain debug information (nvcc option: -lineinfo), OptixModuleCompileOptions::debugLevel set to OPTIX_COMPILE_DEBUG_LEVEL_NONE, or no useful information is present for the current block.
Warning: Program is doing double precision computations. No source location available. The input PTX may not contain debug information (nvcc option: -lineinfo), OptixModuleCompileOptions::debugLevel set to OPTIX_COMPILE_DEBUG_LEVEL_NONE, or no useful information is present for the current block.
Warning: Program is doing double precision computations. No source location available. The input PTX may not contain debug information (nvcc option: -lineinfo), OptixModuleCompileOptions::debugLevel set to OPTIX_COMPILE_DEBUG_LEVEL_NONE, or no useful information is present for the current block.
Warning: Program is doing double precision computations. No source location available. The input PTX may not contain debug information (nvcc option: -lineinfo), OptixModuleCompileOptions::debugLevel set to OPTIX_COMPILE_DEBUG_LEVEL_NONE, or no useful information is present for the current block.
Warning: Program is doing double precision computations. No source location available. The input PTX may not contain debug information (nvcc option: -lineinfo), OptixModuleCompileOptions::debugLevel set to OPTIX_COMPILE_DEBUG_LEVEL_NONE, or no useful information is present for the current block.
Warning: Program is doing double precision computations. No source location available. The input PTX may not contain debug information (nvcc option: -lineinfo), OptixModuleCompileOptions::debugLevel set to OPTIX_COMPILE_DEBUG_LEVEL_NONE, or no useful information is present for the current block.
Warning: Program is doing double precision computations. No source location available. The input PTX may not contain debug information (nvcc option: -lineinfo), OptixModuleCompileOptions::debugLevel set to OPTIX_COMPILE_DEBUG_LEVEL_NONE, or no useful information is present for the current block.
Warning: Program is doing double precision computations. No source location available. The input PTX may not contain debug information (nvcc option: -lineinfo), OptixModuleCompileOptions::debugLevel set to OPTIX_COMPILE_DEBUG_LEVEL_NONE, or no useful information is present for the current block.
Warning: Program is doing double precision computations. No source location available. The input PTX may not contain debug information (nvcc option: -lineinfo), OptixModuleCompileOptions::debugLevel set to OPTIX_COMPILE_DEBUG_LEVEL_NONE, or no useful information is present for the current block.
Warning: Program is doing double precision computations. No source location available. The input PTX may not contain debug information (nvcc option: -lineinfo), OptixModuleCompileOptions::debugLevel set to OPTIX_COMPILE_DEBUG_LEVEL_NONE, or no useful information is present for the current block.
Warning: Program is doing double precision computations. No source location available. The input PTX may not contain debug information (nvcc option: -lineinfo), OptixModuleCompileOptions::debugLevel set to OPTIX_COMPILE_DEBUG_LEVEL_NONE, or no useful information is present for the current block.
Warning: Program is doing double precision computations. No source location available. The input PTX may not contain debug information (nvcc option: -lineinfo), OptixModuleCompileOptions::debugLevel set to OPTIX_COMPILE_DEBUG_LEVEL_NONE, or no useful information is present for the current block.
Warning: Program is doing double precision computations. No source location available. The input PTX may not contain debug information (nvcc option: -lineinfo), OptixModuleCompileOptions::debugLevel set to OPTIX_COMPILE_DEBUG_LEVEL_NONE, or no useful information is present for the current block.
Warning: Program is doing double precision computations. No source location available. The input PTX may not contain debug information (nvcc option: -lineinfo), OptixModuleCompileOptions::debugLevel set to OPTIX_COMPILE_DEBUG_LEVEL_NONE, or no useful information is present for the current block.
Warning: Program is doing double precision computations. No source location available. The input PTX may not contain debug information (nvcc option: -lineinfo), OptixModuleCompileOptions::debugLevel set to OPTIX_COMPILE_DEBUG_LEVEL_NONE, or no useful information is present for the current block.
Warning: Program is doing double precision computations. No source location available. The input PTX may not contain debug information (nvcc option: -lineinfo), OptixModuleCompileOptions::debugLevel set to OPTIX_COMPILE_DEBUG_LEVEL_NONE, or no useful information is present for the current block.
Warning: Program is doing double precision computations. No source location available. The input PTX may not contain debug information (nvcc option: -lineinfo), OptixModuleCompileOptions::debugLevel set to OPTIX_COMPILE_DEBUG_LEVEL_NONE, or no useful information is present for the current block.
Warning: Program is doing double precision computations. No source location available. The input PTX may not contain debug information (nvcc option: -lineinfo), OptixModuleCompileOptions::debugLevel set to OPTIX_COMPILE_DEBUG_LEVEL_NONE, or no useful information is present for the current block.
Warning: Program is doing double precision computations. No source location available. The input PTX may not contain debug information (nvcc option: -lineinfo), OptixModuleCompileOptions::debugLevel set to OPTIX_COMPILE_DEBUG_LEVEL_NONE, or no useful information is present for the current block.
Warning: Program is doing double precision computations. No source location available. The input PTX may not contain debug information (nvcc option: -lineinfo), OptixModuleCompileOptions::debugLevel set to OPTIX_COMPILE_DEBUG_LEVEL_NONE, or no useful information is present for the current block.
Warning: Program is doing double precision computations. No source location available. The input PTX may not contain debug information (nvcc option: -lineinfo), OptixModuleCompileOptions::debugLevel set to OPTIX_COMPILE_DEBUG_LEVEL_NONE, or no useful information is present for the current block.
Warning: Program is doing double precision computations. No source location available. The input PTX may not contain debug information (nvcc option: -lineinfo), OptixModuleCompileOptions::debugLevel set to OPTIX_COMPILE_DEBUG_LEVEL_NONE, or no useful information is present for the current block.
Warning: Program is doing double precision computations. No source location available. The input PTX may not contain debug information (nvcc option: -lineinfo), OptixModuleCompileOptions::debugLevel set to OPTIX_COMPILE_DEBUG_LEVEL_NONE, or no useful information is present for the current block.
Warning: Program is doing double precision computations. No source location available. The input PTX may not contain debug information (nvcc option: -lineinfo), OptixModuleCompileOptions::debugLevel set to OPTIX_COMPILE_DEBUG_LEVEL_NONE, or no useful information is present for the current block.
Warning: Program is doing double precision computations. No source location available. The input PTX may not contain debug information (nvcc option: -lineinfo), OptixModuleCompileOptions::debugLevel set to OPTIX_COMPILE_DEBUG_LEVEL_NONE, or no useful information is present for the current block.
Warning: Program is doing double precision computations. No source location available. The input PTX may not contain debug information (nvcc option: -lineinfo), OptixModuleCompileOptions::debugLevel set to OPTIX_COMPILE_DEBUG_LEVEL_NONE, or no useful information is present for the current block.
Warning: Program is doing double precision computations. No source location available. The input PTX may not contain debug information (nvcc option: -lineinfo), OptixModuleCompileOptions::debugLevel set to OPTIX_COMPILE_DEBUG_LEVEL_NONE, or no useful information is present for the current block.
Warning: Program is doing double precision computations. No source location available. The input PTX may not contain debug information (nvcc option: -lineinfo), OptixModuleCompileOptions::debugLevel set to OPTIX_COMPILE_DEBUG_LEVEL_NONE, or no useful information is present for the current block.
Warning: Program is doing double precision computations. No source location available. The input PTX may not contain debug information (nvcc option: -lineinfo), OptixModuleCompileOptions::debugLevel set to OPTIX_COMPILE_DEBUG_LEVEL_NONE, or no useful information is present for the current block.
Warning: Program is doing double precision computations. No source location available. The input PTX may not contain debug information (nvcc option: -lineinfo), OptixModuleCompileOptions::debugLevel set to OPTIX_COMPILE_DEBUG_LEVEL_NONE, or no useful information is present for the current block.
Warning: Program is doing double precision computations. No source location available. The input PTX may not contain debug information (nvcc option: -lineinfo), OptixModuleCompileOptions::debugLevel set to OPTIX_COMPILE_DEBUG_LEVEL_NONE, or no useful information is present for the current block.
Warning: Program is doing double precision computations. No source location available. The input PTX may not contain debug information (nvcc option: -lineinfo), OptixModuleCompileOptions::debugLevel set to OPTIX_COMPILE_DEBUG_LEVEL_NONE, or no useful information is present for the current block.
Warning: Program is doing double precision computations. No source location available. The input PTX may not contain debug information (nvcc option: -lineinfo), OptixModuleCompileOptions::debugLevel set to OPTIX_COMPILE_DEBUG_LEVEL_NONE, or no useful information is present for the current block.
Warning: Program is doing double precision computations. No source location available. The input PTX may not contain debug information (nvcc option: -lineinfo), OptixModuleCompileOptions::debugLevel set to OPTIX_COMPILE_DEBUG_LEVEL_NONE, or no useful information is present for the current block.
Warning: Program is doing double precision computations. No source location available. The input PTX may not contain debug information (nvcc option: -lineinfo), OptixModuleCompileOptions::debugLevel set to OPTIX_COMPILE_DEBUG_LEVEL_NONE, or no useful information is present for the current block.
Warning: Program is doing double precision computations. No source location available. The input PTX may not contain debug information (nvcc option: -lineinfo), OptixModuleCompileOptions::debugLevel set to OPTIX_COMPILE_DEBUG_LEVEL_NONE, or no useful information is present for the current block.
Warning: Program is doing double precision computations. No source location available. The input PTX may not contain debug information (nvcc option: -lineinfo), OptixModuleCompileOptions::debugLevel set to OPTIX_COMPILE_DEBUG_LEVEL_NONE, or no useful information is present for the current block.
Warning: Program is doing double precision computations. No source location available. The input PTX may not contain debug information (nvcc option: -lineinfo), OptixModuleCompileOptions::debugLevel set to OPTIX_COMPILE_DEBUG_LEVEL_NONE, or no useful information is present for the current block.
Warning: Program is doing double precision computations. No source location available. The input PTX may not contain debug information (nvcc option: -lineinfo), OptixModuleCompileOptions::debugLevel set to OPTIX_COMPILE_DEBUG_LEVEL_NONE, or no useful information is present for the current block.
Warning: Program is doing double precision computations. No source location available. The input PTX may not contain debug information (nvcc option: -lineinfo), OptixModuleCompileOptions::debugLevel set to OPTIX_COMPILE_DEBUG_LEVEL_NONE, or no useful information is present for the current block.
Warning: Program is doing double precision computations. No source location available. The input PTX may not contain debug information (nvcc option: -lineinfo), OptixModuleCompileOptions::debugLevel set to OPTIX_COMPILE_DEBUG_LEVEL_NONE, or no useful information is present for the current block.
Warning: Program is doing double precision computations. No source location available. The input PTX may not contain debug information (nvcc option: -lineinfo), OptixModuleCompileOptions::debugLevel set to OPTIX_COMPILE_DEBUG_LEVEL_NONE, or no useful information is present for the current block.
Warning: Program is doing double precision computations. No source location available. The input PTX may not contain debug information (nvcc option: -lineinfo), OptixModuleCompileOptions::debugLevel set to OPTIX_COMPILE_DEBUG_LEVEL_NONE, or no useful information is present for the current block.
Warning: Program is doing double precision computations. No source location available. The input PTX may not contain debug information (nvcc option: -lineinfo), OptixModuleCompileOptions::debugLevel set to OPTIX_COMPILE_DEBUG_LEVEL_NONE, or no useful information is present for the current block.
Warning: Program is doing double precision computations. No source location available. The input PTX may not contain debug information (nvcc option: -lineinfo), OptixModuleCompileOptions::debugLevel set to OPTIX_COMPILE_DEBUG_LEVEL_NONE, or no useful information is present for the current block.
Warning: Program is doing double precision computations. No source location available. The input PTX may not contain debug information (nvcc option: -lineinfo), OptixModuleCompileOptions::debugLevel set to OPTIX_COMPILE_DEBUG_LEVEL_NONE, or no useful information is present for the current block.
Warning: Program is doing double precision computations. No source location available. The input PTX may not contain debug information (nvcc option: -lineinfo), OptixModuleCompileOptions::debugLevel set to OPTIX_COMPILE_DEBUG_LEVEL_NONE, or no useful information is present for the current block.
Warning: Program is doing double precision computations. No source location available. The input PTX may not contain debug information (nvcc option: -lineinfo), OptixModuleCompileOptions::debugLevel set to OPTIX_COMPILE_DEBUG_LEVEL_NONE, or no useful information is present for the current block.
Warning: Program is doing double precision computations. No source location available. The input PTX may not contain debug information (nvcc option: -lineinfo), OptixModuleCompileOptions::debugLevel set to OPTIX_COMPILE_DEBUG_LEVEL_NONE, or no useful information is present for the current block.
Warning: Program is doing double precision computations. No source location available. The input PTX may not contain debug information (nvcc option: -lineinfo), OptixModuleCompileOptions::debugLevel set to OPTIX_COMPILE_DEBUG_LEVEL_NONE, or no useful information is present for the current block.
Warning: Program is doing double precision computations. No source location available. The input PTX may not contain debug information (nvcc option: -lineinfo), OptixModuleCompileOptions::debugLevel set to OPTIX_COMPILE_DEBUG_LEVEL_NONE, or no useful information is present for the current block.
Warning: Program is doing double precision computations. No source location available. The input PTX may not contain debug information (nvcc option: -lineinfo), OptixModuleCompileOptions::debugLevel set to OPTIX_COMPILE_DEBUG_LEVEL_NONE, or no useful information is present for the current block.
Warning: Program is doing double precision computations. No source location available. The input PTX may not contain debug information (nvcc option: -lineinfo), OptixModuleCompileOptions::debugLevel set to OPTIX_COMPILE_DEBUG_LEVEL_NONE, or no useful information is present for the current block.
Warning: Program is doing double precision computations. No source location available. The input PTX may not contain debug information (nvcc option: -lineinfo), OptixModuleCompileOptions::debugLevel set to OPTIX_COMPILE_DEBUG_LEVEL_NONE, or no useful information is present for the current block.
Warning: Program is doing double precision computations. No source location available. The input PTX may not contain debug information (nvcc option: -lineinfo), OptixModuleCompileOptions::debugLevel set to OPTIX_COMPILE_DEBUG_LEVEL_NONE, or no useful information is present for the current block.
Warning: Program is doing double precision computations. No source location available. The input PTX may not contain debug information (nvcc option: -lineinfo), OptixModuleCompileOptions::debugLevel set to OPTIX_COMPILE_DEBUG_LEVEL_NONE, or no useful information is present for the current block.
Warning: Program is doing double precision computations. No source location available. The input PTX may not contain debug information (nvcc option: -lineinfo), OptixModuleCompileOptions::debugLevel set to OPTIX_COMPILE_DEBUG_LEVEL_NONE, or no useful information is present for the current block.
Warning: Program is doing double precision computations. No source location available. The input PTX may not contain debug information (nvcc option: -lineinfo), OptixModuleCompileOptions::debugLevel set to OPTIX_COMPILE_DEBUG_LEVEL_NONE, or no useful information is present for the current block.
Warning: Program is doing double precision computations. No source location available. The input PTX may not contain debug information (nvcc option: -lineinfo), OptixModuleCompileOptions::debugLevel set to OPTIX_COMPILE_DEBUG_LEVEL_NONE, or no useful information is present for the current block.
Warning: Program is doing double precision computations. No source location available. The input PTX may not contain debug information (nvcc option: -lineinfo), OptixModuleCompileOptions::debugLevel set to OPTIX_COMPILE_DEBUG_LEVEL_NONE, or no useful information is present for the current block.
Warning: Program is doing double precision computations. No source location available. The input PTX may not contain debug information (nvcc option: -lineinfo), OptixModuleCompileOptions::debugLevel set to OPTIX_COMPILE_DEBUG_LEVEL_NONE, or no useful information is present for the current block.
Warning: Program is doing double precision computations. No source location available. The input PTX may not contain debug information (nvcc option: -lineinfo), OptixModuleCompileOptions::debugLevel set to OPTIX_COMPILE_DEBUG_LEVEL_NONE, or no useful information is present for the current block.
Warning: Program is doing double precision computations. No source location available. The input PTX may not contain debug information (nvcc option: -lineinfo), OptixModuleCompileOptions::debugLevel set to OPTIX_COMPILE_DEBUG_LEVEL_NONE, or no useful information is present for the current block.
Warning: Program is doing double precision computations. No source location available. The input PTX may not contain debug information (nvcc option: -lineinfo), OptixModuleCompileOptions::debugLevel set to OPTIX_COMPILE_DEBUG_LEVEL_NONE, or no useful information is present for the current block.
Warning: Program is doing double precision computations. No source location available. The input PTX may not contain debug information (nvcc option: -lineinfo), OptixModuleCompileOptions::debugLevel set to OPTIX_COMPILE_DEBUG_LEVEL_NONE, or no useful information is present for the current block.
Warning: Program is doing double precision computations. No source location available. The input PTX may not contain debug information (nvcc option: -lineinfo), OptixModuleCompileOptions::debugLevel set to OPTIX_COMPILE_DEBUG_LEVEL_NONE, or no useful information is present for the current block.
Warning: Program is doing double precision computations. No source location available. The input PTX may not contain debug information (nvcc option: -lineinfo), OptixModuleCompileOptions::debugLevel set to OPTIX_COMPILE_DEBUG_LEVEL_NONE, or no useful information is present for the current block.
Warning: Program is doing double precision computations. No source location available. The input PTX may not contain debug information (nvcc option: -lineinfo), OptixModuleCompileOptions::debugLevel set to OPTIX_COMPILE_DEBUG_LEVEL_NONE, or no useful information is present for the current block.
Warning: Program is doing double precision computations. No source location available. The input PTX may not contain debug information (nvcc option: -lineinfo), OptixModuleCompileOptions::debugLevel set to OPTIX_COMPILE_DEBUG_LEVEL_NONE, or no useful information is present for the current block.
Warning: Program is doing double precision computations. No source location available. The input PTX may not contain debug information (nvcc option: -lineinfo), OptixModuleCompileOptions::debugLevel set to OPTIX_COMPILE_DEBUG_LEVEL_NONE, or no useful information is present for the current block.
Warning: Program is doing double precision computations. No source location available. The input PTX may not contain debug information (nvcc option: -lineinfo), OptixModuleCompileOptions::debugLevel set to OPTIX_COMPILE_DEBUG_LEVEL_NONE, or no useful information is present for the current block.
Warning: Program is doing double precision computations. No source location available. The input PTX may not contain debug information (nvcc option: -lineinfo), OptixModuleCompileOptions::debugLevel set to OPTIX_COMPILE_DEBUG_LEVEL_NONE, or no useful information is present for the current block.
Warning: Program is doing double precision computations. No source location available. The input PTX may not contain debug information (nvcc option: -lineinfo), OptixModuleCompileOptions::debugLevel set to OPTIX_COMPILE_DEBUG_LEVEL_NONE, or no useful information is present for the current block.
Warning: Program is doing double precision computations. No source location available. The input PTX may not contain debug information (nvcc option: -lineinfo), OptixModuleCompileOptions::debugLevel set to OPTIX_COMPILE_DEBUG_LEVEL_NONE, or no useful information is present for the current block.
Warning: Program is doing double precision computations. No source location available. The input PTX may not contain debug information (nvcc option: -lineinfo), OptixModuleCompileOptions::debugLevel set to OPTIX_COMPILE_DEBUG_LEVEL_NONE, or no useful information is present for the current block.
Warning: Program is doing double precision computations. No source location available. The input PTX may not contain debug information (nvcc option: -lineinfo), OptixModuleCompileOptions::debugLevel set to OPTIX_COMPILE_DEBUG_LEVEL_NONE, or no useful information is present for the current block.
Warning: Program is doing double precision computations. No source location available. The input PTX may not contain debug information (nvcc option: -lineinfo), OptixModuleCompileOptions::debugLevel set to OPTIX_COMPILE_DEBUG_LEVEL_NONE, or no useful information is present for the current block.
Warning: Program is doing double precision computations. No source location available. The input PTX may not contain debug information (nvcc option: -lineinfo), OptixModuleCompileOptions::debugLevel set to OPTIX_COMPILE_DEBUG_LEVEL_NONE, or no useful information is present for the current block.
Warning: Program is doing double precision computations. No source location available. The input PTX may not contain debug information (nvcc option: -lineinfo), OptixModuleCompileOptions::debugLevel set to OPTIX_COMPILE_DEBUG_LEVEL_NONE, or no useful information is present for the current block.
Warning: Program is doing double precision computations. No source location available. The input PTX may not contain debug information (nvcc option: -lineinfo), OptixModuleCompileOptions::debugLevel set to OPTIX_COMPILE_DEBUG_LEVEL_NONE, or no useful information is present for the current block.
Warning: Program is doing double precision computations. No source location available. The input PTX may not contain debug information (nvcc option: -lineinfo), OptixModuleCompileOptions::debugLevel set to OPTIX_COMPILE_DEBUG_LEVEL_NONE, or no useful information is present for the current block.
Warning: Program is doing double precision computations. No source location available. The input PTX may not contain debug information (nvcc option: -lineinfo), OptixModuleCompileOptions::debugLevel set to OPTIX_COMPILE_DEBUG_LEVEL_NONE, or no useful information is present for the current block.
Warning: Program is doing double precision computations. No source location available. The input PTX may not contain debug information (nvcc option: -lineinfo), OptixModuleCompileOptions::debugLevel set to OPTIX_COMPILE_DEBUG_LEVEL_NONE, or no useful information is present for the current block.
Warning: Program is doing double precision computations. No source location available. The input PTX may not contain debug information (nvcc option: -lineinfo), OptixModuleCompileOptions::debugLevel set to OPTIX_COMPILE_DEBUG_LEVEL_NONE, or no useful information is present for the current block.
Warning: Program is doing double precision computations. No source location available. The input PTX may not contain debug information (nvcc option: -lineinfo), OptixModuleCompileOptions::debugLevel set to OPTIX_COMPILE_DEBUG_LEVEL_NONE, or no useful information is present for the current block.
Warning: Program is doing double precision computations. No source location available. The input PTX may not contain debug information (nvcc option: -lineinfo), OptixModuleCompileOptions::debugLevel set to OPTIX_COMPILE_DEBUG_LEVEL_NONE, or no useful information is present for the current block.
Warning: Program is doing double precision computations. No source location available. The input PTX may not contain debug information (nvcc option: -lineinfo), OptixModuleCompileOptions::debugLevel set to OPTIX_COMPILE_DEBUG_LEVEL_NONE, or no useful information is present for the current block.
Warning: Program is doing double precision computations. No source location available. The input PTX may not contain debug information (nvcc option: -lineinfo), OptixModuleCompileOptions::debugLevel set to OPTIX_COMPILE_DEBUG_LEVEL_NONE, or no useful information is present for the current block.
Warning: Program is doing double precision computations. No source location available. The input PTX may not contain debug information (nvcc option: -lineinfo), OptixModuleCompileOptions::debugLevel set to OPTIX_COMPILE_DEBUG_LEVEL_NONE, or no useful information is present for the current block.
Warning: Program is doing double precision computations. No source location available. The input PTX may not contain debug information (nvcc option: -lineinfo), OptixModuleCompileOptions::debugLevel set to OPTIX_COMPILE_DEBUG_LEVEL_NONE, or no useful information is present for the current block.
Warning: Program is doing double precision computations. No source location available. The input PTX may not contain debug information (nvcc option: -lineinfo), OptixModuleCompileOptions::debugLevel set to OPTIX_COMPILE_DEBUG_LEVEL_NONE, or no useful information is present for the current block.
Warning: Program is doing double precision computations. No source location available. The input PTX may not contain debug information (nvcc option: -lineinfo), OptixModuleCompileOptions::debugLevel set to OPTIX_COMPILE_DEBUG_LEVEL_NONE, or no useful information is present for the current block.
Warning: Program is doing double precision computations. No source location available. The input PTX may not contain debug information (nvcc option: -lineinfo), OptixModuleCompileOptions::debugLevel set to OPTIX_COMPILE_DEBUG_LEVEL_NONE, or no useful information is present for the current block.
Warning: Program is doing double precision computations. No source location available. The input PTX may not contain debug information (nvcc option: -lineinfo), OptixModuleCompileOptions::debugLevel set to OPTIX_COMPILE_DEBUG_LEVEL_NONE, or no useful information is present for the current block.
Warning: Program is doing double precision computations. No source location available. The input PTX may not contain debug information (nvcc option: -lineinfo), OptixModuleCompileOptions::debugLevel set to OPTIX_COMPILE_DEBUG_LEVEL_NONE, or no useful information is present for the current block.
Warning: Program is doing double precision computations. No source location available. The input PTX may not contain debug information (nvcc option: -lineinfo), OptixModuleCompileOptions::debugLevel set to OPTIX_COMPILE_DEBUG_LEVEL_NONE, or no useful information is present for the current block.
Warning: Program is doing double precision computations. No source location available. The input PTX may not contain debug information (nvcc option: -lineinfo), OptixModuleCompileOptions::debugLevel set to OPTIX_COMPILE_DEBUG_LEVEL_NONE, or no useful information is present for the current block.
Warning: Program is doing double precision computations. No source location available. The input PTX may not contain debug information (nvcc option: -lineinfo), OptixModuleCompileOptions::debugLevel set to OPTIX_COMPILE_DEBUG_LEVEL_NONE, or no useful information is present for the current block.
Warning: Program is doing double precision computations. No source location available. The input PTX may not contain debug information (nvcc option: -lineinfo), OptixModuleCompileOptions::debugLevel set to OPTIX_COMPILE_DEBUG_LEVEL_NONE, or no useful information is present for the current block.
Warning: Program is doing double precision computations. No source location available. The input PTX may not contain debug information (nvcc option: -lineinfo), OptixModuleCompileOptions::debugLevel set to OPTIX_COMPILE_DEBUG_LEVEL_NONE, or no useful information is present for the current block.
Warning: Program is doing double precision computations. No source location available. The input PTX may not contain debug information (nvcc option: -lineinfo), OptixModuleCompileOptions::debugLevel set to OPTIX_COMPILE_DEBUG_LEVEL_NONE, or no useful information is present for the current block.
Warning: Program is doing double precision computations. No source location available. The input PTX may not contain debug information (nvcc option: -lineinfo), OptixModuleCompileOptions::debugLevel set to OPTIX_COMPILE_DEBUG_LEVEL_NONE, or no useful information is present for the current block.
Warning: Program is doing double precision computations. No source location available. The input PTX may not contain debug information (nvcc option: -lineinfo), OptixModuleCompileOptions::debugLevel set to OPTIX_COMPILE_DEBUG_LEVEL_NONE, or no useful information is present for the current block.
Warning: Program is doing double precision computations. No source location available. The input PTX may not contain debug information (nvcc option: -lineinfo), OptixModuleCompileOptions::debugLevel set to OPTIX_COMPILE_DEBUG_LEVEL_NONE, or no useful information is present for the current block.
Warning: Program is doing double precision computations. No source location available. The input PTX may not contain debug information (nvcc option: -lineinfo), OptixModuleCompileOptions::debugLevel set to OPTIX_COMPILE_DEBUG_LEVEL_NONE, or no useful information is present for the current block.
Warning: Program is doing double precision computations. No source location available. The input PTX may not contain debug information (nvcc option: -lineinfo), OptixModuleCompileOptions::debugLevel set to OPTIX_COMPILE_DEBUG_LEVEL_NONE, or no useful information is present for the current block.
Warning: Program is doing double precision computations. No source location available. The input PTX may not contain debug information (nvcc option: -lineinfo), OptixModuleCompileOptions::debugLevel set to OPTIX_COMPILE_DEBUG_LEVEL_NONE, or no useful information is present for the current block.
Warning: Program is doing double precision computations. No source location available. The input PTX may not contain debug information (nvcc option: -lineinfo), OptixModuleCompileOptions::debugLevel set to OPTIX_COMPILE_DEBUG_LEVEL_NONE, or no useful information is present for the current block.
Warning: Program is doing double precision computations. No source location available. The input PTX may not contain debug information (nvcc option: -lineinfo), OptixModuleCompileOptions::debugLevel set to OPTIX_COMPILE_DEBUG_LEVEL_NONE, or no useful information is present for the current block.
Warning: Program is doing double precision computations. No source location available. The input PTX may not contain debug information (nvcc option: -lineinfo), OptixModuleCompileOptions::debugLevel set to OPTIX_COMPILE_DEBUG_LEVEL_NONE, or no useful information is present for the current block.
Warning: Program is doing double precision computations. No source location available. The input PTX may not contain debug information (nvcc option: -lineinfo), OptixModuleCompileOptions::debugLevel set to OPTIX_COMPILE_DEBUG_LEVEL_NONE, or no useful information is present for the current block.
Warning: Program is doing double precision computations. No source location available. The input PTX may not contain debug information (nvcc option: -lineinfo), OptixModuleCompileOptions::debugLevel set to OPTIX_COMPILE_DEBUG_LEVEL_NONE, or no useful information is present for the current block.
Warning: Program is doing double precision computations. No source location available. The input PTX may not contain debug information (nvcc option: -lineinfo), OptixModuleCompileOptions::debugLevel set to OPTIX_COMPILE_DEBUG_LEVEL_NONE, or no useful information is present for the current block.
Warning: Program is doing double precision computations. No source location available. The input PTX may not contain debug information (nvcc option: -lineinfo), OptixModuleCompileOptions::debugLevel set to OPTIX_COMPILE_DEBUG_LEVEL_NONE, or no useful information is present for the current block.
Warning: Program is doing double precision computations. No source location available. The input PTX may not contain debug information (nvcc option: -lineinfo), OptixModuleCompileOptions::debugLevel set to OPTIX_COMPILE_DEBUG_LEVEL_NONE, or no useful information is present for the current block.
Warning: Program is doing double precision computations. No source location available. The input PTX may not contain debug information (nvcc option: -lineinfo), OptixModuleCompileOptions::debugLevel set to OPTIX_COMPILE_DEBUG_LEVEL_NONE, or no useful information is present for the current block.
Warning: Program is doing double precision computations. No source location available. The input PTX may not contain debug information (nvcc option: -lineinfo), OptixModuleCompileOptions::debugLevel set to OPTIX_COMPILE_DEBUG_LEVEL_NONE, or no useful information is present for the current block.
Warning: Program is doing double precision computations. No source location available. The input PTX may not contain debug information (nvcc option: -lineinfo), OptixModuleCompileOptions::debugLevel set to OPTIX_COMPILE_DEBUG_LEVEL_NONE, or no useful information is present for the current block.
Warning: Program is doing double precision computations. No source location available. The input PTX may not contain debug information (nvcc option: -lineinfo), OptixModuleCompileOptions::debugLevel set to OPTIX_COMPILE_DEBUG_LEVEL_NONE, or no useful information is present for the current block.
Warning: Program is doing double precision computations. No source location available. The input PTX may not contain debug information (nvcc option: -lineinfo), OptixModuleCompileOptions::debugLevel set to OPTIX_COMPILE_DEBUG_LEVEL_NONE, or no useful information is present for the current block.
Warning: Program is doing double precision computations. No source location available. The input PTX may not contain debug information (nvcc option: -lineinfo), OptixModuleCompileOptions::debugLevel set to OPTIX_COMPILE_DEBUG_LEVEL_NONE, or no useful information is present for the current block.
Warning: Program is doing double precision computations. No source location available. The input PTX may not contain debug information (nvcc option: -lineinfo), OptixModuleCompileOptions::debugLevel set to OPTIX_COMPILE_DEBUG_LEVEL_NONE, or no useful information is present for the current block.
Warning: Program is doing double precision computations. No source location available. The input PTX may not contain debug information (nvcc option: -lineinfo), OptixModuleCompileOptions::debugLevel set to OPTIX_COMPILE_DEBUG_LEVEL_NONE, or no useful information is present for the current block.
Warning: Program is doing double precision computations. No source location available. The input PTX may not contain debug information (nvcc option: -lineinfo), OptixModuleCompileOptions::debugLevel set to OPTIX_COMPILE_DEBUG_LEVEL_NONE, or no useful information is present for the current block.
Warning: Program is doing double precision computations. No source location available. The input PTX may not contain debug information (nvcc option: -lineinfo), OptixModuleCompileOptions::debugLevel set to OPTIX_COMPILE_DEBUG_LEVEL_NONE, or no useful information is present for the current block.
Warning: Program is doing double precision computations. No source location available. The input PTX may not contain debug information (nvcc option: -lineinfo), OptixModuleCompileOptions::debugLevel set to OPTIX_COMPILE_DEBUG_LEVEL_NONE, or no useful information is present for the current block.
Warning: Program is doing double precision computations. No source location available. The input PTX may not contain debug information (nvcc option: -lineinfo), OptixModuleCompileOptions::debugLevel set to OPTIX_COMPILE_DEBUG_LEVEL_NONE, or no useful information is present for the current block.
Warning: Program is doing double precision computations. No source location available. The input PTX may not contain debug information (nvcc option: -lineinfo), OptixModuleCompileOptions::debugLevel set to OPTIX_COMPILE_DEBUG_LEVEL_NONE, or no useful information is present for the current block.
Warning: Program is doing double precision computations. No source location available. The input PTX may not contain debug information (nvcc option: -lineinfo), OptixModuleCompileOptions::debugLevel set to OPTIX_COMPILE_DEBUG_LEVEL_NONE, or no useful information is present for the current block.
Warning: Program is doing double precision computations. No source location available. The input PTX may not contain debug information (nvcc option: -lineinfo), OptixModuleCompileOptions::debugLevel set to OPTIX_COMPILE_DEBUG_LEVEL_NONE, or no useful information is present for the current block.
Warning: Program is doing double precision computations. No source location available. The input PTX may not contain debug information (nvcc option: -lineinfo), OptixModuleCompileOptions::debugLevel set to OPTIX_COMPILE_DEBUG_LEVEL_NONE, or no useful information is present for the current block.
Warning: Program is doing double precision computations. No source location available. The input PTX may not contain debug information (nvcc option: -lineinfo), OptixModuleCompileOptions::debugLevel set to OPTIX_COMPILE_DEBUG_LEVEL_NONE, or no useful information is present for the current block.
Warning: Program is doing double precision computations. No source location available. The input PTX may not contain debug information (nvcc option: -lineinfo), OptixModuleCompileOptions::debugLevel set to OPTIX_COMPILE_DEBUG_LEVEL_NONE, or no useful information is present for the current block.
Warning: Program is doing double precision computations. No source location available. The input PTX may not contain debug information (nvcc option: -lineinfo), OptixModuleCompileOptions::debugLevel set to OPTIX_COMPILE_DEBUG_LEVEL_NONE, or no useful information is present for the current block.
Warning: Program is doing double precision computations. No source location available. The input PTX may not contain debug information (nvcc option: -lineinfo), OptixModuleCompileOptions::debugLevel set to OPTIX_COMPILE_DEBUG_LEVEL_NONE, or no useful information is present for the current block.
Warning: Program is doing double precision computations. No source location available. The input PTX may not contain debug information (nvcc option: -lineinfo), OptixModuleCompileOptions::debugLevel set to OPTIX_COMPILE_DEBUG_LEVEL_NONE, or no useful information is present for the current block.
Warning: Program is doing double precision computations. No source location available. The input PTX may not contain debug information (nvcc option: -lineinfo), OptixModuleCompileOptions::debugLevel set to OPTIX_COMPILE_DEBUG_LEVEL_NONE, or no useful information is present for the current block.
Warning: Program is doing double precision computations. No source location available. The input PTX may not contain debug information (nvcc option: -lineinfo), OptixModuleCompileOptions::debugLevel set to OPTIX_COMPILE_DEBUG_LEVEL_NONE, or no useful information is present for the current block.
Warning: Program is doing double precision computations. No source location available. The input PTX may not contain debug information (nvcc option: -lineinfo), OptixModuleCompileOptions::debugLevel set to OPTIX_COMPILE_DEBUG_LEVEL_NONE, or no useful information is present for the current block.
Warning: Program is doing double precision computations. No source location available. The input PTX may not contain debug information (nvcc option: -lineinfo), OptixModuleCompileOptions::debugLevel set to OPTIX_COMPILE_DEBUG_LEVEL_NONE, or no useful information is present for the current block.
Warning: Program is doing double precision computations. No source location available. The input PTX may not contain debug information (nvcc option: -lineinfo), OptixModuleCompileOptions::debugLevel set to OPTIX_COMPILE_DEBUG_LEVEL_NONE, or no useful information is present for the current block.
Warning: Program is doing double precision computations. No source location available. The input PTX may not contain debug information (nvcc option: -lineinfo), OptixModuleCompileOptions::debugLevel set to OPTIX_COMPILE_DEBUG_LEVEL_NONE, or no useful information is present for the current block.
Warning: Program is doing double precision computations. No source location available. The input PTX may not contain debug information (nvcc option: -lineinfo), OptixModuleCompileOptions::debugLevel set to OPTIX_COMPILE_DEBUG_LEVEL_NONE, or no useful information is present for the current block.
Warning: Program is doing double precision computations. No source location available. The input PTX may not contain debug information (nvcc option: -lineinfo), OptixModuleCompileOptions::debugLevel set to OPTIX_COMPILE_DEBUG_LEVEL_NONE, or no useful information is present for the current block.
Warning: Program is doing double precision computations. No source location available. The input PTX may not contain debug information (nvcc option: -lineinfo), OptixModuleCompileOptions::debugLevel set to OPTIX_COMPILE_DEBUG_LEVEL_NONE, or no useful information is present for the current block.
Warning: Program is doing double precision computations. No source location available. The input PTX may not contain debug information (nvcc option: -lineinfo), OptixModuleCompileOptions::debugLevel set to OPTIX_COMPILE_DEBUG_LEVEL_NONE, or no useful information is present for the current block.
Warning: Program is doing double precision computations. No source location available. The input PTX may not contain debug information (nvcc option: -lineinfo), OptixModuleCompileOptions::debugLevel set to OPTIX_COMPILE_DEBUG_LEVEL_NONE, or no useful information is present for the current block.
Warning: Program is doing double precision computations. No source location available. The input PTX may not contain debug information (nvcc option: -lineinfo), OptixModuleCompileOptions::debugLevel set to OPTIX_COMPILE_DEBUG_LEVEL_NONE, or no useful information is present for the current block.
Warning: Program is doing double precision computations. No source location available. The input PTX may not contain debug information (nvcc option: -lineinfo), OptixModuleCompileOptions::debugLevel set to OPTIX_COMPILE_DEBUG_LEVEL_NONE, or no useful information is present for the current block.
Warning: Program is doing double precision computations. No source location available. The input PTX may not contain debug information (nvcc option: -lineinfo), OptixModuleCompileOptions::debugLevel set to OPTIX_COMPILE_DEBUG_LEVEL_NONE, or no useful information is present for the current block.
Warning: Program is doing double precision computations. No source location available. The input PTX may not contain debug information (nvcc option: -lineinfo), OptixModuleCompileOptions::debugLevel set to OPTIX_COMPILE_DEBUG_LEVEL_NONE, or no useful information is present for the current block.
Warning: Program is doing double precision computations. No source location available. The input PTX may not contain debug information (nvcc option: -lineinfo), OptixModuleCompileOptions::debugLevel set to OPTIX_COMPILE_DEBUG_LEVEL_NONE, or no useful information is present for the current block.
Warning: Program is doing double precision computations. No source location available. The input PTX may not contain debug information (nvcc option: -lineinfo), OptixModuleCompileOptions::debugLevel set to OPTIX_COMPILE_DEBUG_LEVEL_NONE, or no useful information is present for the current block.
Warning: Program is doing double precision computations. No source location available. The input PTX may not contain debug information (nvcc option: -lineinfo), OptixModuleCompileOptions::debugLevel set to OPTIX_COMPILE_DEBUG_LEVEL_NONE, or no useful information is present for the current block.
Warning: Program is doing double precision computations. No source location available. The input PTX may not contain debug information (nvcc option: -lineinfo), OptixModuleCompileOptions::debugLevel set to OPTIX_COMPILE_DEBUG_LEVEL_NONE, or no useful information is present for the current block.
Warning: Program is doing double precision computations. No source location available. The input PTX may not contain debug information (nvcc option: -lineinfo), OptixModuleCompileOptions::debugLevel set to OPTIX_COMPILE_DEBUG_LEVEL_NONE, or no useful information is present for the current block.
Warning: Program is doing double precision computations. No source location available. The input PTX may not contain debug information (nvcc option: -lineinfo), OptixModuleCompileOptions::debugLevel set to OPTIX_COMPILE_DEBUG_LEVEL_NONE, or no useful information is present for the current block.
Warning: Program is doing double precision computations. No source location available. The input PTX may not contain debug information (nvcc option: -lineinfo), OptixModuleCompileOptions::debugLevel set to OPTIX_COMPILE_DEBUG_LEVEL_NONE, or no useful information is present for the current block.
Warning: Program is doing double precision computations. No source location available. The input PTX may not contain debug information (nvcc option: -lineinfo), OptixModuleCompileOptions::debugLevel set to OPTIX_COMPILE_DEBUG_LEVEL_NONE, or no useful information is present for the current block.
Warning: Program is doing double precision computations. No source location available. The input PTX may not contain debug information (nvcc option: -lineinfo), OptixModuleCompileOptions::debugLevel set to OPTIX_COMPILE_DEBUG_LEVEL_NONE, or no useful information is present for the current block.
Warning: Program is doing double precision computations. No source location available. The input PTX may not contain debug information (nvcc option: -lineinfo), OptixModuleCompileOptions::debugLevel set to OPTIX_COMPILE_DEBUG_LEVEL_NONE, or no useful information is present for the current block.
Warning: Program is doing double precision computations. No source location available. The input PTX may not contain debug information (nvcc option: -lineinfo), OptixModuleCompileOptions::debugLevel set to OPTIX_COMPILE_DEBUG_LEVEL_NONE, or no useful information is present for the current block.
Warning: Program is doing double precision computations. No source location available. The input PTX may not contain debug information (nvcc option: -lineinfo), OptixModuleCompileOptions::debugLevel set to OPTIX_COMPILE_DEBUG_LEVEL_NONE, or no useful information is present for the current block.
Warning: Program is doing double precision computations. No source location available. The input PTX may not contain debug information (nvcc option: -lineinfo), OptixModuleCompileOptions::debugLevel set to OPTIX_COMPILE_DEBUG_LEVEL_NONE, or no useful information is present for the current block.
Warning: Program is doing double precision computations. No source location available. The input PTX may not contain debug information (nvcc option: -lineinfo), OptixModuleCompileOptions::debugLevel set to OPTIX_COMPILE_DEBUG_LEVEL_NONE, or no useful information is present for the current block.
Warning: Program is doing double precision computations. No source location available. The input PTX may not contain debug information (nvcc option: -lineinfo), OptixModuleCompileOptions::debugLevel set to OPTIX_COMPILE_DEBUG_LEVEL_NONE, or no useful information is present for the current block.
Warning: Program is doing double precision computations. No source location available. The input PTX may not contain debug information (nvcc option: -lineinfo), OptixModuleCompileOptions::debugLevel set to OPTIX_COMPILE_DEBUG_LEVEL_NONE, or no useful information is present for the current block.
Warning: Program is doing double precision computations. No source location available. The input PTX may not contain debug information (nvcc option: -lineinfo), OptixModuleCompileOptions::debugLevel set to OPTIX_COMPILE_DEBUG_LEVEL_NONE, or no useful information is present for the current block.
Warning: Program is doing double precision computations. No source location available. The input PTX may not contain debug information (nvcc option: -lineinfo), OptixModuleCompileOptions::debugLevel set to OPTIX_COMPILE_DEBUG_LEVEL_NONE, or no useful information is present for the current block.
Warning: Program is doing double precision computations. No source location available. The input PTX may not contain debug information (nvcc option: -lineinfo), OptixModuleCompileOptions::debugLevel set to OPTIX_COMPILE_DEBUG_LEVEL_NONE, or no useful information is present for the current block.
Warning: Program is doing double precision computations. No source location available. The input PTX may not contain debug information (nvcc option: -lineinfo), OptixModuleCompileOptions::debugLevel set to OPTIX_COMPILE_DEBUG_LEVEL_NONE, or no useful information is present for the current block.
Warning: Program is doing double precision computations. No source location available. The input PTX may not contain debug information (nvcc option: -lineinfo), OptixModuleCompileOptions::debugLevel set to OPTIX_COMPILE_DEBUG_LEVEL_NONE, or no useful information is present for the current block.
Warning: Program is doing double precision computations. No source location available. The input PTX may not contain debug information (nvcc option: -lineinfo), OptixModuleCompileOptions::debugLevel set to OPTIX_COMPILE_DEBUG_LEVEL_NONE, or no useful information is present for the current block.
Warning: Program is doing double precision computations. No source location available. The input PTX may not contain debug information (nvcc option: -lineinfo), OptixModuleCompileOptions::debugLevel set to OPTIX_COMPILE_DEBUG_LEVEL_NONE, or no useful information is present for the current block.
Warning: Program is doing double precision computations. No source location available. The input PTX may not contain debug information (nvcc option: -lineinfo), OptixModuleCompileOptions::debugLevel set to OPTIX_COMPILE_DEBUG_LEVEL_NONE, or no useful information is present for the current block.
Warning: Program is doing double precision computations. No source location available. The input PTX may not contain debug information (nvcc option: -lineinfo), OptixModuleCompileOptions::debugLevel set to OPTIX_COMPILE_DEBUG_LEVEL_NONE, or no useful information is present for the current block.
Warning: Program is doing double precision computations. No source location available. The input PTX may not contain debug information (nvcc option: -lineinfo), OptixModuleCompileOptions::debugLevel set to OPTIX_COMPILE_DEBUG_LEVEL_NONE, or no useful information is present for the current block.
Warning: Program is doing double precision computations. No source location available. The input PTX may not contain debug information (nvcc option: -lineinfo), OptixModuleCompileOptions::debugLevel set to OPTIX_COMPILE_DEBUG_LEVEL_NONE, or no useful information is present for the current block.
Warning: Program is doing double precision computations. No source location available. The input PTX may not contain debug information (nvcc option: -lineinfo), OptixModuleCompileOptions::debugLevel set to OPTIX_COMPILE_DEBUG_LEVEL_NONE, or no useful information is present for the current block.
Warning: Program is doing double precision computations. No source location available. The input PTX may not contain debug information (nvcc option: -lineinfo), OptixModuleCompileOptions::debugLevel set to OPTIX_COMPILE_DEBUG_LEVEL_NONE, or no useful information is present for the current block.
Warning: Program is doing double precision computations. No source location available. The input PTX may not contain debug information (nvcc option: -lineinfo), OptixModuleCompileOptions::debugLevel set to OPTIX_COMPILE_DEBUG_LEVEL_NONE, or no useful information is present for the current block.
Warning: Program is doing double precision computations. No source location available. The input PTX may not contain debug information (nvcc option: -lineinfo), OptixModuleCompileOptions::debugLevel set to OPTIX_COMPILE_DEBUG_LEVEL_NONE, or no useful information is present for the current block.
Warning: Program is doing double precision computations. No source location available. The input PTX may not contain debug information (nvcc option: -lineinfo), OptixModuleCompileOptions::debugLevel set to OPTIX_COMPILE_DEBUG_LEVEL_NONE, or no useful information is present for the current block.
Warning: Program is doing double precision computations. No source location available. The input PTX may not contain debug information (nvcc option: -lineinfo), OptixModuleCompileOptions::debugLevel set to OPTIX_COMPILE_DEBUG_LEVEL_NONE, or no useful information is present for the current block.
Warning: Program is doing double precision computations. No source location available. The input PTX may not contain debug information (nvcc option: -lineinfo), OptixModuleCompileOptions::debugLevel set to OPTIX_COMPILE_DEBUG_LEVEL_NONE, or no useful information is present for the current block.
Warning: Program is doing double precision computations. No source location available. The input PTX may not contain debug information (nvcc option: -lineinfo), OptixModuleCompileOptions::debugLevel set to OPTIX_COMPILE_DEBUG_LEVEL_NONE, or no useful information is present for the current block.
Warning: Program is doing double precision computations. No source location available. The input PTX may not contain debug information (nvcc option: -lineinfo), OptixModuleCompileOptions::debugLevel set to OPTIX_COMPILE_DEBUG_LEVEL_NONE, or no useful information is present for the current block.
Warning: Program is doing double precision computations. No source location available. The input PTX may not contain debug information (nvcc option: -lineinfo), OptixModuleCompileOptions::debugLevel set to OPTIX_COMPILE_DEBUG_LEVEL_NONE, or no useful information is present for the current block.
Warning: Program is doing double precision computations. No source location available. The input PTX may not contain debug information (nvcc option: -lineinfo), OptixModuleCompileOptions::debugLevel set to OPTIX_COMPILE_DEBUG_LEVEL_NONE, or no useful information is present for the current block.
Warning: Program is doing double precision computations. No source location available. The input PTX may not contain debug information (nvcc option: -lineinfo), OptixModuleCompileOptions::debugLevel set to OPTIX_COMPILE_DEBUG_LEVEL_NONE, or no useful information is present for the current block.
Warning: Program is doing double precision computations. No source location available. The input PTX may not contain debug information (nvcc option: -lineinfo), OptixModuleCompileOptions::debugLevel set to OPTIX_COMPILE_DEBUG_LEVEL_NONE, or no useful information is present for the current block.
Warning: Program is doing double precision computations. No source location available. The input PTX may not contain debug information (nvcc option: -lineinfo), OptixModuleCompileOptions::debugLevel set to OPTIX_COMPILE_DEBUG_LEVEL_NONE, or no useful information is present for the current block.
Warning: Program is doing double precision computations. No source location available. The input PTX may not contain debug information (nvcc option: -lineinfo), OptixModuleCompileOptions::debugLevel set to OPTIX_COMPILE_DEBUG_LEVEL_NONE, or no useful information is present for the current block.
Warning: Program is doing double precision computations. No source location available. The input PTX may not contain debug information (nvcc option: -lineinfo), OptixModuleCompileOptions::debugLevel set to OPTIX_COMPILE_DEBUG_LEVEL_NONE, or no useful information is present for the current block.
Warning: Program is doing double precision computations. No source location available. The input PTX may not contain debug information (nvcc option: -lineinfo), OptixModuleCompileOptions::debugLevel set to OPTIX_COMPILE_DEBUG_LEVEL_NONE, or no useful information is present for the current block.
Warning: Program is doing double precision computations. No source location available. The input PTX may not contain debug information (nvcc option: -lineinfo), OptixModuleCompileOptions::debugLevel set to OPTIX_COMPILE_DEBUG_LEVEL_NONE, or no useful information is present for the current block.
Warning: Program is doing double precision computations. No source location available. The input PTX may not contain debug information (nvcc option: -lineinfo), OptixModuleCompileOptions::debugLevel set to OPTIX_COMPILE_DEBUG_LEVEL_NONE, or no useful information is present for the current block.
Warning: Program is doing double precision computations. No source location available. The input PTX may not contain debug information (nvcc option: -lineinfo), OptixModuleCompileOptions::debugLevel set to OPTIX_COMPILE_DEBUG_LEVEL_NONE, or no useful information is present for the current block.
Warning: Program is doing double precision computations. No source location available. The input PTX may not contain debug information (nvcc option: -lineinfo), OptixModuleCompileOptions::debugLevel set to OPTIX_COMPILE_DEBUG_LEVEL_NONE, or no useful information is present for the current block.
Warning: Program is doing double precision computations. No source location available. The input PTX may not contain debug information (nvcc option: -lineinfo), OptixModuleCompileOptions::debugLevel set to OPTIX_COMPILE_DEBUG_LEVEL_NONE, or no useful information is present for the current block.
Warning: Program is doing double precision computations. No source location available. The input PTX may not contain debug information (nvcc option: -lineinfo), OptixModuleCompileOptions::debugLevel set to OPTIX_COMPILE_DEBUG_LEVEL_NONE, or no useful information is present for the current block.
Warning: Program is doing double precision computations. No source location available. The input PTX may not contain debug information (nvcc option: -lineinfo), OptixModuleCompileOptions::debugLevel set to OPTIX_COMPILE_DEBUG_LEVEL_NONE, or no useful information is present for the current block.
Warning: Program is doing double precision computations. No source location available. The input PTX may not contain debug information (nvcc option: -lineinfo), OptixModuleCompileOptions::debugLevel set to OPTIX_COMPILE_DEBUG_LEVEL_NONE, or no useful information is present for the current block.
Warning: Program is doing double precision computations. No source location available. The input PTX may not contain debug information (nvcc option: -lineinfo), OptixModuleCompileOptions::debugLevel set to OPTIX_COMPILE_DEBUG_LEVEL_NONE, or no useful information is present for the current block.
Warning: Program is doing double precision computations. No source location available. The input PTX may not contain debug information (nvcc option: -lineinfo), OptixModuleCompileOptions::debugLevel set to OPTIX_COMPILE_DEBUG_LEVEL_NONE, or no useful information is present for the current block.
Warning: Program is doing double precision computations. No source location available. The input PTX may not contain debug information (nvcc option: -lineinfo), OptixModuleCompileOptions::debugLevel set to OPTIX_COMPILE_DEBUG_LEVEL_NONE, or no useful information is present for the current block.
Warning: Program is doing double precision computations. No source location available. The input PTX may not contain debug information (nvcc option: -lineinfo), OptixModuleCompileOptions::debugLevel set to OPTIX_COMPILE_DEBUG_LEVEL_NONE, or no useful information is present for the current block.
Warning: Program is doing double precision computations. No source location available. The input PTX may not contain debug information (nvcc option: -lineinfo), OptixModuleCompileOptions::debugLevel set to OPTIX_COMPILE_DEBUG_LEVEL_NONE, or no useful information is present for the current block.
Warning: Program is doing double precision computations. No source location available. The input PTX may not contain debug information (nvcc option: -lineinfo), OptixModuleCompileOptions::debugLevel set to OPTIX_COMPILE_DEBUG_LEVEL_NONE, or no useful information is present for the current block.
Warning: Program is doing double precision computations. No source location available. The input PTX may not contain debug information (nvcc option: -lineinfo), OptixModuleCompileOptions::debugLevel set to OPTIX_COMPILE_DEBUG_LEVEL_NONE, or no useful information is present for the current block.
Warning: Program is doing double precision computations. No source location available. The input PTX may not contain debug information (nvcc option: -lineinfo), OptixModuleCompileOptions::debugLevel set to OPTIX_COMPILE_DEBUG_LEVEL_NONE, or no useful information is present for the current block.
Warning: Program is doing double precision computations. No source location available. The input PTX may not contain debug information (nvcc option: -lineinfo), OptixModuleCompileOptions::debugLevel set to OPTIX_COMPILE_DEBUG_LEVEL_NONE, or no useful information is present for the current block.
Warning: Program is doing double precision computations. No source location available. The input PTX may not contain debug information (nvcc option: -lineinfo), OptixModuleCompileOptions::debugLevel set to OPTIX_COMPILE_DEBUG_LEVEL_NONE, or no useful information is present for the current block.
Warning: Program is doing double precision computations. No source location available. The input PTX may not contain debug information (nvcc option: -lineinfo), OptixModuleCompileOptions::debugLevel set to OPTIX_COMPILE_DEBUG_LEVEL_NONE, or no useful information is present for the current block.
Warning: Program is doing double precision computations. No source location available. The input PTX may not contain debug information (nvcc option: -lineinfo), OptixModuleCompileOptions::debugLevel set to OPTIX_COMPILE_DEBUG_LEVEL_NONE, or no useful information is present for the current block.
Warning: Program is doing double precision computations. No source location available. The input PTX may not contain debug information (nvcc option: -lineinfo), OptixModuleCompileOptions::debugLevel set to OPTIX_COMPILE_DEBUG_LEVEL_NONE, or no useful information is present for the current block.
Warning: Program is doing double precision computations. No source location available. The input PTX may not contain debug information (nvcc option: -lineinfo), OptixModuleCompileOptions::debugLevel set to OPTIX_COMPILE_DEBUG_LEVEL_NONE, or no useful information is present for the current block.
Warning: Program is doing double precision computations. No source location available. The input PTX may not contain debug information (nvcc option: -lineinfo), OptixModuleCompileOptions::debugLevel set to OPTIX_COMPILE_DEBUG_LEVEL_NONE, or no useful information is present for the current block.
Warning: Program is doing double precision computations. No source location available. The input PTX may not contain debug information (nvcc option: -lineinfo), OptixModuleCompileOptions::debugLevel set to OPTIX_COMPILE_DEBUG_LEVEL_NONE, or no useful information is present for the current block.
Warning: Program is doing double precision computations. No source location available. The input PTX may not contain debug information (nvcc option: -lineinfo), OptixModuleCompileOptions::debugLevel set to OPTIX_COMPILE_DEBUG_LEVEL_NONE, or no useful information is present for the current block.
Warning: Program is doing double precision computations. No source location available. The input PTX may not contain debug information (nvcc option: -lineinfo), OptixModuleCompileOptions::debugLevel set to OPTIX_COMPILE_DEBUG_LEVEL_NONE, or no useful information is present for the current block.
Warning: Program is doing double precision computations. No source location available. The input PTX may not contain debug information (nvcc option: -lineinfo), OptixModuleCompileOptions::debugLevel set to OPTIX_COMPILE_DEBUG_LEVEL_NONE, or no useful information is present for the current block.
Warning: Program is doing double precision computations. No source location available. The input PTX may not contain debug information (nvcc option: -lineinfo), OptixModuleCompileOptions::debugLevel set to OPTIX_COMPILE_DEBUG_LEVEL_NONE, or no useful information is present for the current block.
Warning: Program is doing double precision computations. No source location available. The input PTX may not contain debug information (nvcc option: -lineinfo), OptixModuleCompileOptions::debugLevel set to OPTIX_COMPILE_DEBUG_LEVEL_NONE, or no useful information is present for the current block.
Warning: Program is doing double precision computations. No source location available. The input PTX may not contain debug information (nvcc option: -lineinfo), OptixModuleCompileOptions::debugLevel set to OPTIX_COMPILE_DEBUG_LEVEL_NONE, or no useful information is present for the current block.
Warning: Program is doing double precision computations. No source location available. The input PTX may not contain debug information (nvcc option: -lineinfo), OptixModuleCompileOptions::debugLevel set to OPTIX_COMPILE_DEBUG_LEVEL_NONE, or no useful information is present for the current block.
Warning: Program is doing double precision computations. No source location available. The input PTX may not contain debug information (nvcc option: -lineinfo), OptixModuleCompileOptions::debugLevel set to OPTIX_COMPILE_DEBUG_LEVEL_NONE, or no useful information is present for the current block.
Warning: Program is doing double precision computations. No source location available. The input PTX may not contain debug information (nvcc option: -lineinfo), OptixModuleCompileOptions::debugLevel set to OPTIX_COMPILE_DEBUG_LEVEL_NONE, or no useful information is present for the current block.
Warning: Program is doing double precision computations. No source location available. The input PTX may not contain debug information (nvcc option: -lineinfo), OptixModuleCompileOptions::debugLevel set to OPTIX_COMPILE_DEBUG_LEVEL_NONE, or no useful information is present for the current block.
Warning: Program is doing double precision computations. No source location available. The input PTX may not contain debug information (nvcc option: -lineinfo), OptixModuleCompileOptions::debugLevel set to OPTIX_COMPILE_DEBUG_LEVEL_NONE, or no useful information is present for the current block.
Warning: Program is doing double precision computations. No source location available. The input PTX may not contain debug information (nvcc option: -lineinfo), OptixModuleCompileOptions::debugLevel set to OPTIX_COMPILE_DEBUG_LEVEL_NONE, or no useful information is present for the current block.
Warning: Program is doing double precision computations. No source location available. The input PTX may not contain debug information (nvcc option: -lineinfo), OptixModuleCompileOptions::debugLevel set to OPTIX_COMPILE_DEBUG_LEVEL_NONE, or no useful information is present for the current block.
Warning: Program is doing double precision computations. No source location available. The input PTX may not contain debug information (nvcc option: -lineinfo), OptixModuleCompileOptions::debugLevel set to OPTIX_COMPILE_DEBUG_LEVEL_NONE, or no useful information is present for the current block.
Warning: Program is doing double precision computations. No source location available. The input PTX may not contain debug information (nvcc option: -lineinfo), OptixModuleCompileOptions::debugLevel set to OPTIX_COMPILE_DEBUG_LEVEL_NONE, or no useful information is present for the current block.
Warning: Program is doing double precision computations. No source location available. The input PTX may not contain debug information (nvcc option: -lineinfo), OptixModuleCompileOptions::debugLevel set to OPTIX_COMPILE_DEBUG_LEVEL_NONE, or no useful information is present for the current block.
Warning: Program is doing double precision computations. No source location available. The input PTX may not contain debug information (nvcc option: -lineinfo), OptixModuleCompileOptions::debugLevel set to OPTIX_COMPILE_DEBUG_LEVEL_NONE, or no useful information is present for the current block.
Warning: Program is doing double precision computations. No source location available. The input PTX may not contain debug information (nvcc option: -lineinfo), OptixModuleCompileOptions::debugLevel set to OPTIX_COMPILE_DEBUG_LEVEL_NONE, or no useful information is present for the current block.
Warning: Program is doing double precision computations. No source location available. The input PTX may not contain debug information (nvcc option: -lineinfo), OptixModuleCompileOptions::debugLevel set to OPTIX_COMPILE_DEBUG_LEVEL_NONE, or no useful information is present for the current block.
Warning: Program is doing double precision computations. No source location available. The input PTX may not contain debug information (nvcc option: -lineinfo), OptixModuleCompileOptions::debugLevel set to OPTIX_COMPILE_DEBUG_LEVEL_NONE, or no useful information is present for the current block.
Warning: Program is doing double precision computations. No source location available. The input PTX may not contain debug information (nvcc option: -lineinfo), OptixModuleCompileOptions::debugLevel set to OPTIX_COMPILE_DEBUG_LEVEL_NONE, or no useful information is present for the current block.
Warning: Program is doing double precision computations. No source location available. The input PTX may not contain debug information (nvcc option: -lineinfo), OptixModuleCompileOptions::debugLevel set to OPTIX_COMPILE_DEBUG_LEVEL_NONE, or no useful information is present for the current block.
Warning: Program is doing double precision computations. No source location available. The input PTX may not contain debug information (nvcc option: -lineinfo), OptixModuleCompileOptions::debugLevel set to OPTIX_COMPILE_DEBUG_LEVEL_NONE, or no useful information is present for the current block.
Warning: Program is doing double precision computations. No source location available. The input PTX may not contain debug information (nvcc option: -lineinfo), OptixModuleCompileOptions::debugLevel set to OPTIX_COMPILE_DEBUG_LEVEL_NONE, or no useful information is present for the current block.
Warning: Program is doing double precision computations. No source location available. The input PTX may not contain debug information (nvcc option: -lineinfo), OptixModuleCompileOptions::debugLevel set to OPTIX_COMPILE_DEBUG_LEVEL_NONE, or no useful information is present for the current block.
Warning: Program is doing double precision computations. No source location available. The input PTX may not contain debug information (nvcc option: -lineinfo), OptixModuleCompileOptions::debugLevel set to OPTIX_COMPILE_DEBUG_LEVEL_NONE, or no useful information is present for the current block.
Warning: Program is doing double precision computations. No source location available. The input PTX may not contain debug information (nvcc option: -lineinfo), OptixModuleCompileOptions::debugLevel set to OPTIX_COMPILE_DEBUG_LEVEL_NONE, or no useful information is present for the current block.
Warning: Program is doing double precision computations. No source location available. The input PTX may not contain debug information (nvcc option: -lineinfo), OptixModuleCompileOptions::debugLevel set to OPTIX_COMPILE_DEBUG_LEVEL_NONE, or no useful information is present for the current block.
Warning: Program is doing double precision computations. No source location available. The input PTX may not contain debug information (nvcc option: -lineinfo), OptixModuleCompileOptions::debugLevel set to OPTIX_COMPILE_DEBUG_LEVEL_NONE, or no useful information is present for the current block.
Warning: Program is doing double precision computations. No source location available. The input PTX may not contain debug information (nvcc option: -lineinfo), OptixModuleCompileOptions::debugLevel set to OPTIX_COMPILE_DEBUG_LEVEL_NONE, or no useful information is present for the current block.
Warning: Program is doing double precision computations. No source location available. The input PTX may not contain debug information (nvcc option: -lineinfo), OptixModuleCompileOptions::debugLevel set to OPTIX_COMPILE_DEBUG_LEVEL_NONE, or no useful information is present for the current block.
Warning: Program is doing double precision computations. No source location available. The input PTX may not contain debug information (nvcc option: -lineinfo), OptixModuleCompileOptions::debugLevel set to OPTIX_COMPILE_DEBUG_LEVEL_NONE, or no useful information is present for the current block.
Warning: Program is doing double precision computations. No source location available. The input PTX may not contain debug information (nvcc option: -lineinfo), OptixModuleCompileOptions::debugLevel set to OPTIX_COMPILE_DEBUG_LEVEL_NONE, or no useful information is present for the current block.
Warning: Program is doing double precision computations. No source location available. The input PTX may not contain debug information (nvcc option: -lineinfo), OptixModuleCompileOptions::debugLevel set to OPTIX_COMPILE_DEBUG_LEVEL_NONE, or no useful information is present for the current block.
Warning: Program is doing double precision computations. No source location available. The input PTX may not contain debug information (nvcc option: -lineinfo), OptixModuleCompileOptions::debugLevel set to OPTIX_COMPILE_DEBUG_LEVEL_NONE, or no useful information is present for the current block.
Warning: Program is doing double precision computations. No source location available. The input PTX may not contain debug information (nvcc option: -lineinfo), OptixModuleCompileOptions::debugLevel set to OPTIX_COMPILE_DEBUG_LEVEL_NONE, or no useful information is present for the current block.
Warning: Program is doing double precision computations. No source location available. The input PTX may not contain debug information (nvcc option: -lineinfo), OptixModuleCompileOptions::debugLevel set to OPTIX_COMPILE_DEBUG_LEVEL_NONE, or no useful information is present for the current block.
Warning: Program is doing double precision computations. No source location available. The input PTX may not contain debug information (nvcc option: -lineinfo), OptixModuleCompileOptions::debugLevel set to OPTIX_COMPILE_DEBUG_LEVEL_NONE, or no useful information is present for the current block.
Warning: Program is doing double precision computations. No source location available. The input PTX may not contain debug information (nvcc option: -lineinfo), OptixModuleCompileOptions::debugLevel set to OPTIX_COMPILE_DEBUG_LEVEL_NONE, or no useful information is present for the current block.
Warning: Program is doing double precision computations. No source location available. The input PTX may not contain debug information (nvcc option: -lineinfo), OptixModuleCompileOptions::debugLevel set to OPTIX_COMPILE_DEBUG_LEVEL_NONE, or no useful information is present for the current block.
Warning: Program is doing double precision computations. No source location available. The input PTX may not contain debug information (nvcc option: -lineinfo), OptixModuleCompileOptions::debugLevel set to OPTIX_COMPILE_DEBUG_LEVEL_NONE, or no useful information is present for the current block.
Warning: Program is doing double precision computations. No source location available. The input PTX may not contain debug information (nvcc option: -lineinfo), OptixModuleCompileOptions::debugLevel set to OPTIX_COMPILE_DEBUG_LEVEL_NONE, or no useful information is present for the current block.
Warning: Program is doing double precision computations. No source location available. The input PTX may not contain debug information (nvcc option: -lineinfo), OptixModuleCompileOptions::debugLevel set to OPTIX_COMPILE_DEBUG_LEVEL_NONE, or no useful information is present for the current block.
Warning: Program is doing double precision computations. No source location available. The input PTX may not contain debug information (nvcc option: -lineinfo), OptixModuleCompileOptions::debugLevel set to OPTIX_COMPILE_DEBUG_LEVEL_NONE, or no useful information is present for the current block.
Warning: Program is doing double precision computations. No source location available. The input PTX may not contain debug information (nvcc option: -lineinfo), OptixModuleCompileOptions::debugLevel set to OPTIX_COMPILE_DEBUG_LEVEL_NONE, or no useful information is present for the current block.
Warning: Program is doing double precision computations. No source location available. The input PTX may not contain debug information (nvcc option: -lineinfo), OptixModuleCompileOptions::debugLevel set to OPTIX_COMPILE_DEBUG_LEVEL_NONE, or no useful information is present for the current block.
Warning: Program is doing double precision computations. No source location available. The input PTX may not contain debug information (nvcc option: -lineinfo), OptixModuleCompileOptions::debugLevel set to OPTIX_COMPILE_DEBUG_LEVEL_NONE, or no useful information is present for the current block.
Warning: Program is doing double precision computations. No source location available. The input PTX may not contain debug information (nvcc option: -lineinfo), OptixModuleCompileOptions::debugLevel set to OPTIX_COMPILE_DEBUG_LEVEL_NONE, or no useful information is present for the current block.
Warning: Program is doing double precision computations. No source location available. The input PTX may not contain debug information (nvcc option: -lineinfo), OptixModuleCompileOptions::debugLevel set to OPTIX_COMPILE_DEBUG_LEVEL_NONE, or no useful information is present for the current block.
Warning: Program is doing double precision computations. No source location available. The input PTX may not contain debug information (nvcc option: -lineinfo), OptixModuleCompileOptions::debugLevel set to OPTIX_COMPILE_DEBUG_LEVEL_NONE, or no useful information is present for the current block.
Warning: Program is doing double precision computations. No source location available. The input PTX may not contain debug information (nvcc option: -lineinfo), OptixModuleCompileOptions::debugLevel set to OPTIX_COMPILE_DEBUG_LEVEL_NONE, or no useful information is present for the current block.
Warning: Program is doing double precision computations. No source location available. The input PTX may not contain debug information (nvcc option: -lineinfo), OptixModuleCompileOptions::debugLevel set to OPTIX_COMPILE_DEBUG_LEVEL_NONE, or no useful information is present for the current block.
Warning: Program is doing double precision computations. No source location available. The input PTX may not contain debug information (nvcc option: -lineinfo), OptixModuleCompileOptions::debugLevel set to OPTIX_COMPILE_DEBUG_LEVEL_NONE, or no useful information is present for the current block.
Warning: Program is doing double precision computations. No source location available. The input PTX may not contain debug information (nvcc option: -lineinfo), OptixModuleCompileOptions::debugLevel set to OPTIX_COMPILE_DEBUG_LEVEL_NONE, or no useful information is present for the current block.
Warning: Program is doing double precision computations. No source location available. The input PTX may not contain debug information (nvcc option: -lineinfo), OptixModuleCompileOptions::debugLevel set to OPTIX_COMPILE_DEBUG_LEVEL_NONE, or no useful information is present for the current block.
Warning: Program is doing double precision computations. No source location available. The input PTX may not contain debug information (nvcc option: -lineinfo), OptixModuleCompileOptions::debugLevel set to OPTIX_COMPILE_DEBUG_LEVEL_NONE, or no useful information is present for the current block.
Warning: Program is doing double precision computations. No source location available. The input PTX may not contain debug information (nvcc option: -lineinfo), OptixModuleCompileOptions::debugLevel set to OPTIX_COMPILE_DEBUG_LEVEL_NONE, or no useful information is present for the current block.
Warning: Program is doing double precision computations. No source location available. The input PTX may not contain debug information (nvcc option: -lineinfo), OptixModuleCompileOptions::debugLevel set to OPTIX_COMPILE_DEBUG_LEVEL_NONE, or no useful information is present for the current block.
Warning: Program is doing double precision computations. No source location available. The input PTX may not contain debug information (nvcc option: -lineinfo), OptixModuleCompileOptions::debugLevel set to OPTIX_COMPILE_DEBUG_LEVEL_NONE, or no useful information is present for the current block.
Warning: Program is doing double precision computations. No source location available. The input PTX may not contain debug information (nvcc option: -lineinfo), OptixModuleCompileOptions::debugLevel set to OPTIX_COMPILE_DEBUG_LEVEL_NONE, or no useful information is present for the current block.
Warning: Program is doing double precision computations. No source location available. The input PTX may not contain debug information (nvcc option: -lineinfo), OptixModuleCompileOptions::debugLevel set to OPTIX_COMPILE_DEBUG_LEVEL_NONE, or no useful information is present for the current block.
Warning: Program is doing double precision computations. No source location available. The input PTX may not contain debug information (nvcc option: -lineinfo), OptixModuleCompileOptions::debugLevel set to OPTIX_COMPILE_DEBUG_LEVEL_NONE, or no useful information is present for the current block.
Warning: Program is doing double precision computations. No source location available. The input PTX may not contain debug information (nvcc option: -lineinfo), OptixModuleCompileOptions::debugLevel set to OPTIX_COMPILE_DEBUG_LEVEL_NONE, or no useful information is present for the current block.
Warning: Program is doing double precision computations. No source location available. The input PTX may not contain debug information (nvcc option: -lineinfo), OptixModuleCompileOptions::debugLevel set to OPTIX_COMPILE_DEBUG_LEVEL_NONE, or no useful information is present for the current block.
Warning: Program is doing double precision computations. No source location available. The input PTX may not contain debug information (nvcc option: -lineinfo), OptixModuleCompileOptions::debugLevel set to OPTIX_COMPILE_DEBUG_LEVEL_NONE, or no useful information is present for the current block.
Warning: Program is doing double precision computations. No source location available. The input PTX may not contain debug information (nvcc option: -lineinfo), OptixModuleCompileOptions::debugLevel set to OPTIX_COMPILE_DEBUG_LEVEL_NONE, or no useful information is present for the current block.
Warning: Program is doing double precision computations. No source location available. The input PTX may not contain debug information (nvcc option: -lineinfo), OptixModuleCompileOptions::debugLevel set to OPTIX_COMPILE_DEBUG_LEVEL_NONE, or no useful information is present for the current block.
Warning: Program is doing double precision computations. No source location available. The input PTX may not contain debug information (nvcc option: -lineinfo), OptixModuleCompileOptions::debugLevel set to OPTIX_COMPILE_DEBUG_LEVEL_NONE, or no useful information is present for the current block.
Warning: Program is doing double precision computations. No source location available. The input PTX may not contain debug information (nvcc option: -lineinfo), OptixModuleCompileOptions::debugLevel set to OPTIX_COMPILE_DEBUG_LEVEL_NONE, or no useful information is present for the current block.
Warning: Program is doing double precision computations. No source location available. The input PTX may not contain debug information (nvcc option: -lineinfo), OptixModuleCompileOptions::debugLevel set to OPTIX_COMPILE_DEBUG_LEVEL_NONE, or no useful information is present for the current block.
Warning: Program is doing double precision computations. No source location available. The input PTX may not contain debug information (nvcc option: -lineinfo), OptixModuleCompileOptions::debugLevel set to OPTIX_COMPILE_DEBUG_LEVEL_NONE, or no useful information is present for the current block.
Warning: Program is doing double precision computations. No source location available. The input PTX may not contain debug information (nvcc option: -lineinfo), OptixModuleCompileOptions::debugLevel set to OPTIX_COMPILE_DEBUG_LEVEL_NONE, or no useful information is present for the current block.
Warning: Program is doing double precision computations. No source location available. The input PTX may not contain debug information (nvcc option: -lineinfo), OptixModuleCompileOptions::debugLevel set to OPTIX_COMPILE_DEBUG_LEVEL_NONE, or no useful information is present for the current block.
Warning: Program is doing double precision computations. No source location available. The input PTX may not contain debug information (nvcc option: -lineinfo), OptixModuleCompileOptions::debugLevel set to OPTIX_COMPILE_DEBUG_LEVEL_NONE, or no useful information is present for the current block.
Warning: Program is doing double precision computations. No source location available. The input PTX may not contain debug information (nvcc option: -lineinfo), OptixModuleCompileOptions::debugLevel set to OPTIX_COMPILE_DEBUG_LEVEL_NONE, or no useful information is present for the current block.
Warning: Program is doing double precision computations. No source location available. The input PTX may not contain debug information (nvcc option: -lineinfo), OptixModuleCompileOptions::debugLevel set to OPTIX_COMPILE_DEBUG_LEVEL_NONE, or no useful information is present for the current block.
Warning: Program is doing double precision computations. No source location available. The input PTX may not contain debug information (nvcc option: -lineinfo), OptixModuleCompileOptions::debugLevel set to OPTIX_COMPILE_DEBUG_LEVEL_NONE, or no useful information is present for the current block.
Warning: Program is doing double precision computations. No source location available. The input PTX may not contain debug information (nvcc option: -lineinfo), OptixModuleCompileOptions::debugLevel set to OPTIX_COMPILE_DEBUG_LEVEL_NONE, or no useful information is present for the current block.
Warning: Program is doing double precision computations. No source location available. The input PTX may not contain debug information (nvcc option: -lineinfo), OptixModuleCompileOptions::debugLevel set to OPTIX_COMPILE_DEBUG_LEVEL_NONE, or no useful information is present for the current block.
Warning: Program is doing double precision computations. No source location available. The input PTX may not contain debug information (nvcc option: -lineinfo), OptixModuleCompileOptions::debugLevel set to OPTIX_COMPILE_DEBUG_LEVEL_NONE, or no useful information is present for the current block.
Warning: Program is doing double precision computations. No source location available. The input PTX may not contain debug information (nvcc option: -lineinfo), OptixModuleCompileOptions::debugLevel set to OPTIX_COMPILE_DEBUG_LEVEL_NONE, or no useful information is present for the current block.
Warning: Program is doing double precision computations. No source location available. The input PTX may not contain debug information (nvcc option: -lineinfo), OptixModuleCompileOptions::debugLevel set to OPTIX_COMPILE_DEBUG_LEVEL_NONE, or no useful information is present for the current block.
Warning: Program is doing double precision computations. No source location available. The input PTX may not contain debug information (nvcc option: -lineinfo), OptixModuleCompileOptions::debugLevel set to OPTIX_COMPILE_DEBUG_LEVEL_NONE, or no useful information is present for the current block.
Warning: Program is doing double precision computations. No source location available. The input PTX may not contain debug information (nvcc option: -lineinfo), OptixModuleCompileOptions::debugLevel set to OPTIX_COMPILE_DEBUG_LEVEL_NONE, or no useful information is present for the current block.
Warning: Program is doing double precision computations. No source location available. The input PTX may not contain debug information (nvcc option: -lineinfo), OptixModuleCompileOptions::debugLevel set to OPTIX_COMPILE_DEBUG_LEVEL_NONE, or no useful information is present for the current block.
Warning: Program is doing double precision computations. No source location available. The input PTX may not contain debug information (nvcc option: -lineinfo), OptixModuleCompileOptions::debugLevel set to OPTIX_COMPILE_DEBUG_LEVEL_NONE, or no useful information is present for the current block.
Warning: Program is doing double precision computations. No source location available. The input PTX may not contain debug information (nvcc option: -lineinfo), OptixModuleCompileOptions::debugLevel set to OPTIX_COMPILE_DEBUG_LEVEL_NONE, or no useful information is present for the current block.
Warning: Program is doing double precision computations. No source location available. The input PTX may not contain debug information (nvcc option: -lineinfo), OptixModuleCompileOptions::debugLevel set to OPTIX_COMPILE_DEBUG_LEVEL_NONE, or no useful information is present for the current block.
Warning: Program is doing double precision computations. No source location available. The input PTX may not contain debug information (nvcc option: -lineinfo), OptixModuleCompileOptions::debugLevel set to OPTIX_COMPILE_DEBUG_LEVEL_NONE, or no useful information is present for the current block.
Warning: Program is doing double precision computations. No source location available. The input PTX may not contain debug information (nvcc option: -lineinfo), OptixModuleCompileOptions::debugLevel set to OPTIX_COMPILE_DEBUG_LEVEL_NONE, or no useful information is present for the current block.
Warning: Program is doing double precision computations. No source location available. The input PTX may not contain debug information (nvcc option: -lineinfo), OptixModuleCompileOptions::debugLevel set to OPTIX_COMPILE_DEBUG_LEVEL_NONE, or no useful information is present for the current block.
Warning: Program is doing double precision computations. No source location available. The input PTX may not contain debug information (nvcc option: -lineinfo), OptixModuleCompileOptions::debugLevel set to OPTIX_COMPILE_DEBUG_LEVEL_NONE, or no useful information is present for the current block.

[OptiX][4][COMPILER] Function properties for __closesthit__raindrop__ptID_1__0x1c55a56222c397a9
	register count                  :   112
	direct stack size (bytes)       :     0
	direct spills (bytes)           :     0
	continuation stack size (bytes) :     0
	continuation spills (bytes)     :     0

[OptiX][4][COMPILER] Function properties for __intersection__raindrop__ptID_1__0x1c55a56222c397a9
	register count                  :   128
	direct stack size (bytes)       :  1944
	direct spills (bytes)           :   388
	continuation stack size (bytes) :     0
	continuation spills (bytes)     :     0

[OptiX][4][COMPILER] Function properties for __miss__raindrop__ptID_1__0x1c55a56222c397a9
	register count                  :   112
	direct stack size (bytes)       :     0
	direct spills (bytes)           :     0
	continuation stack size (bytes) :     0
	continuation spills (bytes)     :     0

[OptiX][4][COMPILER] Info: Module Statistics
	payload values        :          2
	attribute values      :          0
Info: Properties for entry function "__intersection__raindrop"
	semantic type                :           INTERSECTION
	trace call(s)                :                      0
	continuation callable call(s):                      0
	basic block(s)               :                   1017
	instruction(s)               :                   6117
Info: Properties for entry function "__closesthit__raindrop"
	semantic type                :             CLOSESTHIT
	trace call(s)                :                      0
	continuation callable call(s):                      0
	basic block(s)               :                      1
	instruction(s)               :                     10
Info: Properties for entry function "__miss__raindrop"
	semantic type                :                   MISS
	trace call(s)                :                      0
	continuation callable call(s):                      0
	basic block(s)               :                      1
	instruction(s)               :                      1
Info: Compiled Module Summary
	non-entry function(s):     0
	basic block(s)       :     0
	instruction(s)       :     0

[OptiX][4][COMPILER] Function properties for __raygen__raindrop_trace__0x1c55a56222c397a9
	register count                  :   112
	direct stack size (bytes)       :     8
	direct spills (bytes)           :     0
	continuation stack size (bytes) :   192
	continuation spills (bytes)     :   212

[OptiX][4][COMPILER] Info: Module Statistics
	payload values        :          2
	attribute values      :          0
Info: Properties for entry function "__raygen__raindrop_trace"
	semantic type                :                 RAYGEN
	trace call(s)                :                      2
	continuation callable call(s):                      0
	basic block(s)               :                    131
	instruction(s)               :                   2764
Info: Compiled Module Summary
	non-entry function(s):     0
	basic block(s)       :     0
	instruction(s)       :     0

[optixModuleCreate(raindrop)]
Info: Pipeline parameter "raindrop_trace_params" size is 24 bytes
Warning: Program is doing double precision computations. No source location available. The input PTX may not contain debug information (nvcc option: -lineinfo), OptixModuleCompileOptions::debugLevel set to OPTIX_COMPILE_DEBUG_LEVEL_NONE, or no useful information is present for the current block.
Warning: Program is doing double precision computations. No source location available. The input PTX may not contain debug information (nvcc option: -lineinfo), OptixModuleCompileOptions::debugLevel set to OPTIX_COMPILE_DEBUG_LEVEL_NONE, or no useful information is present for the current block.
Warning: Program is doing double precision computations. No source location available. The input PTX may not contain debug information (nvcc option: -lineinfo), OptixModuleCompileOptions::debugLevel set to OPTIX_COMPILE_DEBUG_LEVEL_NONE, or no useful information is present for the current block.
Warning: Program is doing double precision computations. No source location available. The input PTX may not contain debug information (nvcc option: -lineinfo), OptixModuleCompileOptions::debugLevel set to OPTIX_COMPILE_DEBUG_LEVEL_NONE, or no useful information is present for the current block.
Warning: Program is doing double precision computations. No source location available. The input PTX may not contain debug information (nvcc option: -lineinfo), OptixModuleCompileOptions::debugLevel set to OPTIX_COMPILE_DEBUG_LEVEL_NONE, or no useful information is present for the current block.
Warning: Program is doing double precision computations. No source location available. The input PTX may not contain debug information (nvcc option: -lineinfo), OptixModuleCompileOptions::debugLevel set to OPTIX_COMPILE_DEBUG_LEVEL_NONE, or no useful information is present for the current block.
Warning: Program is doing double precision computations. No source location available. The input PTX may not contain debug information (nvcc option: -lineinfo), OptixModuleCompileOptions::debugLevel set to OPTIX_COMPILE_DEBUG_LEVEL_NONE, or no useful information is present for the current block.
Warning: Program is doing double precision computations. No source location available. The input PTX may not contain debug information (nvcc option: -lineinfo), OptixModuleCompileOptions::debugLevel set to OPTIX_COMPILE_DEBUG_LEVEL_NONE, or no useful information is present for the current block.
Warning: Program is doing double precision computations. No source location available. The input PTX may not contain debug information (nvcc option: -lineinfo), OptixModuleCompileOptions::debugLevel set to OPTIX_COMPILE_DEBUG_LEVEL_NONE, or no useful information is present for the current block.
Warning: Program is doing double precision computations. No source location available. The input PTX may not contain debug information (nvcc option: -lineinfo), OptixModuleCompileOptions::debugLevel set to OPTIX_COMPILE_DEBUG_LEVEL_NONE, or no useful information is present for the current block.
Warning: Program is doing double precision computations. No source location available. The input PTX may not contain debug information (nvcc option: -lineinfo), OptixModuleCompileOptions::debugLevel set to OPTIX_COMPILE_DEBUG_LEVEL_NONE, or no useful information is present for the current block.
Warning: Program is doing double precision computations. No source location available. The input PTX may not contain debug information (nvcc option: -lineinfo), OptixModuleCompileOptions::debugLevel set to OPTIX_COMPILE_DEBUG_LEVEL_NONE, or no useful information is present for the current block.
Warning: Program is doing double precision computations. No source location available. The input PTX may not contain debug information (nvcc option: -lineinfo), OptixModuleCompileOptions::debugLevel set to OPTIX_COMPILE_DEBUG_LEVEL_NONE, or no useful information is present for the current block.
Warning: Program is doing double precision computations. No source location available. The input PTX may not contain debug information (nvcc option: -lineinfo), OptixModuleCompileOptions::debugLevel set to OPTIX_COMPILE_DEBUG_LEVEL_NONE, or no useful information is present for the current block.
Warning: Program is doing double precision computations. No source location available. The input PTX may not contain debug information (nvcc option: -lineinfo), OptixModuleCompileOptions::debugLevel set to OPTIX_COMPILE_DEBUG_LEVEL_NONE, or no useful information is present for the current block.
Warning: Program is doing double precision computations. No source location available. The input PTX may not contain debug information (nvcc option: -lineinfo), OptixModuleCompileOptions::debugLevel set to OPTIX_COMPILE_DEBUG_LEVEL_NONE, or no useful information is present for the current block.
Warning: Program is doing double precision computations. No source location available. The input PTX may not contain debug information (nvcc option: -lineinfo), OptixModuleCompileOptions::debugLevel set to OPTIX_COMPILE_DEBUG_LEVEL_NONE, or no useful information is present for the current block.
Warning: Program is doing double precision computations. No source location available. The input PTX may not contain debug information (nvcc option: -lineinfo), OptixModuleCompileOptions::debugLevel set to OPTIX_COMPILE_DEBUG_LEVEL_NONE, or no useful information is present for the current block.
Warning: Program is doing double precision computations. No source location available. The input PTX may not contain debug information (nvcc option: -lineinfo), OptixModuleCompileOptions::debugLevel set to OPTIX_COMPILE_DEBUG_LEVEL_NONE, or no useful information is present for the current block.
Warning: Program is doing double precision computations. No source location available. The input PTX may not contain debug information (nvcc option: -lineinfo), OptixModuleCompileOptions::debugLevel set to OPTIX_COMPILE_DEBUG_LEVEL_NONE, or no useful information is present for the current block.
Warning: Program is doing double precision computations. No source location available. The input PTX may not contain debug information (nvcc option: -lineinfo), OptixModuleCompileOptions::debugLevel set to OPTIX_COMPILE_DEBUG_LEVEL_NONE, or no useful information is present for the current block.
Warning: Program is doing double precision computations. No source location available. The input PTX may not contain debug information (nvcc option: -lineinfo), OptixModuleCompileOptions::debugLevel set to OPTIX_COMPILE_DEBUG_LEVEL_NONE, or no useful information is present for the current block.
Warning: Program is doing double precision computations. No source location available. The input PTX may not contain debug information (nvcc option: -lineinfo), OptixModuleCompileOptions::debugLevel set to OPTIX_COMPILE_DEBUG_LEVEL_NONE, or no useful information is present for the current block.
Warning: Program is doing double precision computations. No source location available. The input PTX may not contain debug information (nvcc option: -lineinfo), OptixModuleCompileOptions::debugLevel set to OPTIX_COMPILE_DEBUG_LEVEL_NONE, or no useful information is present for the current block.
Warning: Program is doing double precision computations. No source location available. The input PTX may not contain debug information (nvcc option: -lineinfo), OptixModuleCompileOptions::debugLevel set to OPTIX_COMPILE_DEBUG_LEVEL_NONE, or no useful information is present for the current block.
Warning: Program is doing double precision computations. No source location available. The input PTX may not contain debug information (nvcc option: -lineinfo), OptixModuleCompileOptions::debugLevel set to OPTIX_COMPILE_DEBUG_LEVEL_NONE, or no useful information is present for the current block.
Warning: Program is doing double precision computations. No source location available. The input PTX may not contain debug information (nvcc option: -lineinfo), OptixModuleCompileOptions::debugLevel set to OPTIX_COMPILE_DEBUG_LEVEL_NONE, or no useful information is present for the current block.
Warning: Program is doing double precision computations. No source location available. The input PTX may not contain debug information (nvcc option: -lineinfo), OptixModuleCompileOptions::debugLevel set to OPTIX_COMPILE_DEBUG_LEVEL_NONE, or no useful information is present for the current block.
Warning: Program is doing double precision computations. No source location available. The input PTX may not contain debug information (nvcc option: -lineinfo), OptixModuleCompileOptions::debugLevel set to OPTIX_COMPILE_DEBUG_LEVEL_NONE, or no useful information is present for the current block.
Warning: Program is doing double precision computations. No source location available. The input PTX may not contain debug information (nvcc option: -lineinfo), OptixModuleCompileOptions::debugLevel set to OPTIX_COMPILE_DEBUG_LEVEL_NONE, or no useful information is present for the current block.
Warning: Program is doing double precision computations. No source location available. The input PTX may not contain debug information (nvcc option: -lineinfo), OptixModuleCompileOptions::debugLevel set to OPTIX_COMPILE_DEBUG_LEVEL_NONE, or no useful information is present for the current block.
Warning: Program is doing double precision computations. No source location available. The input PTX may not contain debug information (nvcc option: -lineinfo), OptixModuleCompileOptions::debugLevel set to OPTIX_COMPILE_DEBUG_LEVEL_NONE, or no useful information is present for the current block.
Warning: Program is doing double precision computations. No source location available. The input PTX may not contain debug information (nvcc option: -lineinfo), OptixModuleCompileOptions::debugLevel set to OPTIX_COMPILE_DEBUG_LEVEL_NONE, or no useful information is present for the current block.
Warning: Program is doing double precision computations. No source location available. The input PTX may not contain debug information (nvcc option: -lineinfo), OptixModuleCompileOptions::debugLevel set to OPTIX_COMPILE_DEBUG_LEVEL_NONE, or no useful information is present for the current block.
Warning: Program is doing double precision computations. No source location available. The input PTX may not contain debug information (nvcc option: -lineinfo), OptixModuleCompileOptions::debugLevel set to OPTIX_COMPILE_DEBUG_LEVEL_NONE, or no useful information is present for the current block.
Warning: Program is doing double precision computations. No source location available. The input PTX may not contain debug information (nvcc option: -lineinfo), OptixModuleCompileOptions::debugLevel set to OPTIX_COMPILE_DEBUG_LEVEL_NONE, or no useful information is present for the current block.
Warning: Program is doing double precision computations. No source location available. The input PTX may not contain debug information (nvcc option: -lineinfo), OptixModuleCompileOptions::debugLevel set to OPTIX_COMPILE_DEBUG_LEVEL_NONE, or no useful information is present for the current block.
Warning: Program is doing double precision computations. No source location available. The input PTX may not contain debug information (nvcc option: -lineinfo), OptixModuleCompileOptions::debugLevel set to OPTIX_COMPILE_DEBUG_LEVEL_NONE, or no useful information is present for the current block.
Warning: Program is doing double precision computations. No source location available. The input PTX may not contain debug information (nvcc option: -lineinfo), OptixModuleCompileOptions::debugLevel set to OPTIX_COMPILE_DEBUG_LEVEL_NONE, or no useful information is present for the current block.
Warning: Program is doing double precision computations. No source location available. The input PTX may not contain debug information (nvcc option: -lineinfo), OptixModuleCompileOptions::debugLevel set to OPTIX_COMPILE_DEBUG_LEVEL_NONE, or no useful information is present for the current block.
Warning: Program is doing double precision computations. No source location available. The input PTX may not contain debug information (nvcc option: -lineinfo), OptixModuleCompileOptions::debugLevel set to OPTIX_COMPILE_DEBUG_LEVEL_NONE, or no useful information is present for the current block.
Warning: Program is doing double precision computations. No source location available. The input PTX may not contain debug information (nvcc option: -lineinfo), OptixModuleCompileOptions::debugLevel set to OPTIX_COMPILE_DEBUG_LEVEL_NONE, or no useful information is present for the current block.
Warning: Program is doing double precision computations. No source location available. The input PTX may not contain debug information (nvcc option: -lineinfo), OptixModuleCompileOptions::debugLevel set to OPTIX_COMPILE_DEBUG_LEVEL_NONE, or no useful information is present for the current block.
Warning: Program is doing double precision computations. No source location available. The input PTX may not contain debug information (nvcc option: -lineinfo), OptixModuleCompileOptions::debugLevel set to OPTIX_COMPILE_DEBUG_LEVEL_NONE, or no useful information is present for the current block.
Warning: Program is doing double precision computations. No source location available. The input PTX may not contain debug information (nvcc option: -lineinfo), OptixModuleCompileOptions::debugLevel set to OPTIX_COMPILE_DEBUG_LEVEL_NONE, or no useful information is present for the current block.
Warning: Program is doing double precision computations. No source location available. The input PTX may not contain debug information (nvcc option: -lineinfo), OptixModuleCompileOptions::debugLevel set to OPTIX_COMPILE_DEBUG_LEVEL_NONE, or no useful information is present for the current block.
Warning: Program is doing double precision computations. No source location available. The input PTX may not contain debug information (nvcc option: -lineinfo), OptixModuleCompileOptions::debugLevel set to OPTIX_COMPILE_DEBUG_LEVEL_NONE, or no useful information is present for the current block.
Warning: Program is doing double precision computations. No source location available. The input PTX may not contain debug information (nvcc option: -lineinfo), OptixModuleCompileOptions::debugLevel set to OPTIX_COMPILE_DEBUG_LEVEL_NONE, or no useful information is present for the current block.
Warning: Program is doing double precision computations. No source location available. The input PTX may not contain debug information (nvcc option: -lineinfo), OptixModuleCompileOptions::debugLevel set to OPTIX_COMPILE_DEBUG_LEVEL_NONE, or no useful information is present for the current block.
Warning: Program is doing double precision computations. No source location available. The input PTX may not contain debug information (nvcc option: -lineinfo), OptixModuleCompileOptions::debugLevel set to OPTIX_COMPILE_DEBUG_LEVEL_NONE, or no useful information is present for the current block.
Warning: Program is doing double precision computations. No source location available. The input PTX may not contain debug information (nvcc option: -lineinfo), OptixModuleCompileOptions::debugLevel set to OPTIX_COMPILE_DEBUG_LEVEL_NONE, or no useful information is present for the current block.
Warning: Program is doing double precision computations. No source location available. The input PTX may not contain debug information (nvcc option: -lineinfo), OptixModuleCompileOptions::debugLevel set to OPTIX_COMPILE_DEBUG_LEVEL_NONE, or no useful information is present for the current block.
Warning: Program is doing double precision computations. No source location available. The input PTX may not contain debug information (nvcc option: -lineinfo), OptixModuleCompileOptions::debugLevel set to OPTIX_COMPILE_DEBUG_LEVEL_NONE, or no useful information is present for the current block.
Warning: Program is doing double precision computations. No source location available. The input PTX may not contain debug information (nvcc option: -lineinfo), OptixModuleCompileOptions::debugLevel set to OPTIX_COMPILE_DEBUG_LEVEL_NONE, or no useful information is present for the current block.
Warning: Program is doing double precision computations. No source location available. The input PTX may not contain debug information (nvcc option: -lineinfo), OptixModuleCompileOptions::debugLevel set to OPTIX_COMPILE_DEBUG_LEVEL_NONE, or no useful information is present for t
[optixModuleCreate(raindrop) log truncated, required 404870 bytes]
[OptiX][4][COMPILER] 
[OptiX][4][COMPILER] Function properties for __exception__default__0xe25951f3af4ef752
	register count                  :    29
	direct stack size (bytes)       :     0
	direct spills (bytes)           :     0
	continuation stack size (bytes) :     0
	continuation spills (bytes)     :     0

[OptiX][4][COMPILER] Info: Module Statistics
	payload values        :          0
	attribute values      :          0
Info: Properties for entry function "__exception__default"
	semantic type                :              EXCEPTION
	trace call(s)                :                      0
	continuation callable call(s):                      0
	basic block(s)               :                     52
	instruction(s)               :                    277
Info: Compiled Module Summary
	non-entry function(s):     0
	basic block(s)       :     0
	instruction(s)       :     0

[OptiX][2][COMPILER] COMPILE ERROR: failed to create pipeline
Info: Pipeline statistics
	module(s)                            :     1
	entry function(s)                    :     4
	trace call(s)                        :     2
	continuation callable call(s)        :     0
	direct callable call(s)              :     0
	basic block(s) in entry functions    :  1150
	instruction(s) in entry functions    :  8892
	non-entry function(s)                :     0
	basic block(s) in non-entry functions:     0
	instruction(s) in non-entry functions:     0
	debug information                    :    no

[optixPipelineCreate(raindrop)]
COMPILE ERROR: failed to create pipeline
Info: Pipeline statistics
	module(s)                            :     1
	entry function(s)                    :     4
	trace call(s)                        :     2
	continuation callable call(s)        :     0
	direct callable call(s)              :     0
	basic block(s) in entry functions    :  1150
	instruction(s) in entry functions    :  8892
	non-entry function(s)                :     0
	basic block(s) in non-entry functions:     0
	instruction(s) in non-entry functions:     0
	debug information                    :    no

Error: optixPipelineCreate(raindrop) failed at C:\Users\sy415\workspace\rainbow\src\raindrop_tracer.cpp:33
OptiX error: OPTIX_ERROR_PIPELINE_LINK_ERROR (7251)
Description: Pipeline link error
